U2OS_t,p_val,cohen_d,Gene,Variant,Ref_well,Var_well
-6.709695607305102,0.00027497802906065524,2.7152623370544533,AP2S1,AP2S1_Arg15Cys,A01,C01
-7.557733070228213,0.004803743456267144,5.181297107235869,AP2S1,AP2S1_Arg15His,A01,E01
-10.417362017975371,0.000016329006612958617,4.139008328417852,APOA1,APOA1_Ala188Ser,G01,K03
-7.471050370642033,0.00014069427895585144,3.6224234135729523,APOA1,APOA1_Ala199Pro,G01,C03
-5.271115459270984,0.0011592119947846805,1.7980298001175814,APOA1,APOA1_Arg34Leu,G01,I01
18.958213918826136,2.825700811527343e-7,-9.15723504939256,APOA1,APOA1_Leu114Pro,G01,I03
-6.376939735190903,0.0003754398397847965,2.388705770058672,APOA1,APOA1_Leu84Arg,G01,A03
-4.423834838454513,0.003067024079197618,1.33864923512031,APOA1,APOA1_Trp74Arg,G01,G03
-7.767247870000959,0.001480994113260495,3.3175026562612855,APOA1,APOA1_Val180Glu,G01,E03
6.0801332328548705,0.0005008021245392382,-3.3830149684712616,BAG3,BAG3_Arg218Trp,M03,G05
6.300703015392535,0.00040389202085934446,-2.826737332846361,BAG3,BAG3_Arg258Trp,M03,I05
-3.505964232712364,0.024762122103215163,2.1493901835373728,BAG3,BAG3_Arg477His,M03,O03
-1.1342236430372379,0.2940443731385813,0.7255050718823528,BAG3,BAG3_Leu462Pro,M03,C05
13.085999599996736,3.547911242245254e-6,-5.083923638285112,BAG3,BAG3_Pro380Ser,M03,A05
-11.872919742565479,0.00007465538317501199,6.371778447262259,BFSP2,BFSP2_Ala407Asp,K05,O05
-6.377161426808784,0.00037536045094255097,4.113996996004702,BFSP2,BFSP2_Arg287Trp,K05,A07
-15.913032369719927,9.389688961934846e-7,6.6826539173757435,BFSP2,BFSP2_Arg339His,K05,M05
6.8907154487038405,0.00023326798271047067,-2.9733088632060434,CCBE1,CCBE1_Gly136Arg,E07,I07
-2.664624155134068,0.03225009976170031,1.4552632635449674,CDKN1A,CDKN1A_Arg67Leu,K07,M07
4.3631962153015635,0.0047539744612248875,-1.4045442646201747,CDKN1A,CDKN1A_Arg84Gln,K07,O07
5.33578609181382,0.0010806600120396538,-2.828418416905038,CDKN1A,CDKN1A_Asp149Gly,K07,A09
-3.8187787963303266,0.006552649217687135,1.693422954850178,CDKN1A,CDKN1A_Ser31Arg,K07,C09
2.4867298219367324,0.04179619414948561,-0.9159038464684269,CFP,CFP_Tyr414Asp,E09,G09
-7.949942734924168,0.00009487448861981141,3.277918840918855,CLDN19,CLDN19_Arg200Gln,K09,O09
-17.139386480817905,5.649134676976851e-7,9.339413248705636,CLDN19,CLDN19_Gln57Glu,K09,M09
16.583965571525138,7.0792797046319e-7,-6.990616435049439,COQ8A,COQ8A_Gly272Asp,A11,C11
8.29056732082058,0.00007252992120425271,-3.6412897124867754,COQ8A,COQ8A_Gly549Ser,A11,E11
4.927227211419721,0.0016996163901772318,-2.11136959710932,COQ8A,COQ8A_His80Tyr,A11,I11
8.763627552641156,0.000050702246499195435,-3.8471710178991163,COQ8A,COQ8A_His85Gln,A11,G11
0.9729109928874401,0.36300923996358214,-0.4412105546945853,CTH,CTH_Gln240Glu,M11,A13
1.9952402164171557,0.0862224345342082,-0.5595172139957121,CTH,CTH_Ser403Ile,M11,C13
4.697032304972118,0.0022161969526245493,-2.085541112933333,CTH,CTH_Thr67Ile,M11,O11
1.8256818175358667,0.11064346502993966,-0.7576436718272519,CTNNA3,CTNNA3_Val94Asp,E13,G13
-4.209709447051949,0.003987183476054668,1.8986709305697909,CUL3,CUL3_Lys459Arg,I13,M13
-9.266975379582467,0.0000352573191713694,3.3104827216438113,FKBP6,FKBP6_Arg202His,O13,A15
-1.9460394035189148,0.09270678449421546,0.8824412574787959,FKBP6,FKBP6_Phe72Leu,O13,C15
9.619348893272148,0.000027615372713976645,-4.167630613455213,FOXP3,FOXP3_Gln70His,E15,M15
5.415423954551947,0.0009919578379547237,-2.429254429030744,FOXP3,FOXP3_Gly52Val,E15,G15
-6.445535338478608,0.0003517505089015818,3.0368660187980776,FOXP3,FOXP3_Ile363Val,E15,K15
6.065210204312463,0.000508245576935778,-2.126107151014273,FOXP3,FOXP3_Leu242Pro,E15,A17
1.871556246749904,0.1034411101217605,-0.9521215258272615,FOXP3,FOXP3_Pro187Leu,E15,O15
-7.136275040955829,0.00018759853334739403,3.4827568656576635,GFAP,GFAP_Ala364Pro,C17,A23
-8.545506281669464,0.000059678356006112116,4.4444213752997745,GFAP,GFAP_Arg239Leu,C17,G21
-6.9862030218807885,0.0002141664480460552,2.3556847265605088,GFAP,GFAP_Arg239Pro,C17,G19
-5.669791567143128,0.0007587201905415904,3.287513859315336,GFAP,GFAP_Arg376Trp,C17,C21
-8.103138516279087,0.00008398288334436373,3.645176637295062,GFAP,GFAP_Arg79Cys,C17,I19
-18.305043308603054,3.596154722093215e-7,6.899075911768085,GFAP,GFAP_Arg79Ser,C17,C19
-15.277881601613958,1.239928896270025e-6,5.382451377312665,GFAP,GFAP_Arg88Cys,C17,M17
11.184805396175522,0.000010180558985751859,-5.84423956090229,GFAP,GFAP_Asn386Ile,C17,E17
-9.583632957219322,0.000028297559319705186,4.861421047635409,GFAP,GFAP_Asn77Ser,C17,M19
13.192371454693806,3.3590322133290005e-6,-5.835207119906881,GFAP,GFAP_Asp295Asn,C17,I23
-3.1913442068156126,0.015248127666299597,1.1314281767078092,GFAP,GFAP_Asp417Ala,C17,K21
-9.216664646710306,0.000036532780895180084,3.8325786474092403,GFAP,GFAP_Glu205Lys,C17,G23
-9.42206563976367,0.000031631999808865136,3.633466625214225,GFAP,GFAP_Glu207Lys,C17,K19
-9.049351172804226,0.0000411658815542272,3.6633987689645537,GFAP,GFAP_Glu210Lys,C17,E23
-6.65725520575657,0.0002885825480447109,3.666577738656312,GFAP,GFAP_Glu371Gly,C17,A19
-14.517416804462783,1.7554473198056518e-6,5.473668943102701,GFAP,GFAP_Glu371Val,C17,M21
-3.882086782291023,0.006036705370782832,2.4075896709853724,GFAP,GFAP_Leu235Pro,C17,O17
-3.8688874494158108,0.006140508378271691,2.1500041042466593,GFAP,GFAP_Leu352Pro,C17,C23
11.875475794616754,6.819180930728242e-6,-5.886454667344047,GFAP,GFAP_Leu357Pro,C17,O21
-7.292666902154135,0.00016379081546565147,4.080046584355669,GFAP,GFAP_Leu90Pro,C17,O19
-21.038334107079535,1.3787675657447656e-7,8.875620406944334,GFAP,GFAP_Lys236Thr,C17,E21
-5.880708050023404,0.0006112793893613483,3.378468494171955,GFAP,GFAP_Lys279Glu,C17,A21
6.155169804411004,0.00046517778020351214,-3.000318614763468,GFAP,GFAP_Met73Arg,C17,I17
-11.21749930203508,9.984252478756173e-6,5.255894903691912,GFAP,GFAP_Met74Thr,C17,K17
-9.404740871763615,0.00003201525839438709,3.1184665625377765,GFAP,GFAP_Pro47Leu,C17,K23
-5.486864477913057,0.000919248909293604,2.213610404738046,GFAP,GFAP_Tyr366Cys,C17,I21
-12.365365618389436,5.197767280001462e-6,4.769827308723136,HGD,HGD_Ala48Ser,M23,O23
-8.55953958083079,0.000059049550803258625,3.368914863736178,IMPDH1,IMPDH1_Arg154Trp,C04,I04
8.522089017917583,0.000060744575144979954,-3.691618782677288,IMPDH1,IMPDH1_Arg273Pro,C04,K04
-3.7198031245494994,0.013714904446319584,1.8822311903517348,IMPDH1,IMPDH1_Asp275Asn,C04,E04
9.3434924501698,0.00003341299530360975,-3.3834167542718374,IMPDH1,IMPDH1_Val317Ile,C04,G04
0.22767847429733,0.8264034041468921,-0.09974030512668128,KCNJ2,KCNJ2_Ala70Ser,A02,G16
-0.6188532927083027,0.5556087445664166,0.2574529763357002,KCNJ2,KCNJ2_Ala70Thr,A02,M14
-0.888610620170419,0.4037126184017033,0.310409299955094,KCNJ2,KCNJ2_Arg189Ile,A02,M16
-4.8811830754838015,0.001791196069045531,1.6724979189517284,KCNJ2,KCNJ2_Arg189Lys,A02,A16
-1.0934553003150138,0.3103887222850456,0.35630798360890514,KCNJ2,KCNJ2_Arg260Pro,A02,K10
-4.209613276941447,0.003987659503218782,1.7798353710578285,KCNJ2,KCNJ2_Arg312His,A02,M10
-0.8486364994174546,0.42415044025884174,0.30807481786829205,KCNJ2,KCNJ2_Arg325Cys,A02,E16
4.203547966917654,0.0040178082251222415,-1.2689250699759662,KCNJ2,KCNJ2_Arg40Gln,A02,E08
-5.230959857022407,0.0012111754825686692,1.6530299292938988,KCNJ2,KCNJ2_Arg40Pro,A02,C10
-3.664703614464622,0.008020236313901941,1.2838333382085652,KCNJ2,KCNJ2_Arg67Gln,A02,O12
-6.028097239867154,0.0005273002120774215,2.1559455070309372,KCNJ2,KCNJ2_Arg67Trp,A02,A12
-3.2467473657729573,0.014120643849809114,1.1074537201450205,KCNJ2,KCNJ2_Arg82Gln,A02,O14
3.1626525311307976,0.015869508418111297,-1.343091053286921,KCNJ2,KCNJ2_Asn318Ser,A02,I12
-2.20113215828248,0.07898121293989564,1.0745840908394237,KCNJ2,KCNJ2_Asp71Asn,A02,O04
2.3955657143375335,0.04777642597593405,-1.0702257410727118,KCNJ2,KCNJ2_Asp71His,A02,K06
-7.499973914329708,0.00013730684398838844,2.609664861644389,KCNJ2,KCNJ2_Asp78Gly,A02,A14
-8.811844664544815,0.00004893068058733041,3.0869875503118833,KCNJ2,KCNJ2_Cys76Gly,A02,C12
0.0019295339031355993,0.9985142929400106,-0.0008179276786950667,KCNJ2,KCNJ2_Glu17Arg,A02,G02
5.599527498357747,0.0008163543308832333,-1.6234986211004079,KCNJ2,KCNJ2_Glu349Lys,A02,I06
7.127973072499353,0.000188967289175969,-3.586136903428998,KCNJ2,KCNJ2_Gly206Ser,A02,C06
-3.4978390969066413,0.01286009040187505,1.6432436837336546,KCNJ2,KCNJ2_Gly215Asp,A02,O06
-5.099947257736551,0.0013995881114806413,2.4115208282331957,KCNJ2,KCNJ2_Gly300Asp,A02,O16
6.29897704149753,0.0004045635842816645,-3.2390141490788245,KCNJ2,KCNJ2_His110Tyr,A02,M06
1.6047569554384729,0.1525821949198357,-0.7470171096034619,KCNJ2,KCNJ2_Ile269Lys,A02,G12
0.8458981148826992,0.42557729464404115,-0.3573031570311126,KCNJ2,KCNJ2_Lys364Arg,A02,C08
0.42528101182723727,0.68340032268165,-0.17930788172041526,KCNJ2,KCNJ2_Met301Leu,A02,G06
-5.71044728424833,0.0007274559417292935,1.8463819555637166,KCNJ2,KCNJ2_Met301Val,A02,A08
-2.162647171542899,0.06734419653626579,0.7028996120668684,KCNJ2,KCNJ2_Pro186Leu,A02,C14
2.571611197403223,0.03692104731434157,-1.1840767167818784,KCNJ2,KCNJ2_Pro420Leu,A02,I14
-3.17036686992339,0.015699823224380686,1.2904855040698917,KCNJ2,KCNJ2_Thr139Ile,A02,G10
-1.4179397085254566,0.19915259387476325,0.4492408060313773,KCNJ2,KCNJ2_Thr400Met,A02,A10
-6.01068142546167,0.0005365166076715535,2.6540576565762226,KCNJ2,KCNJ2_Thr75Arg,A02,I08
-5.664345951000225,0.0007630206814924372,2.643278645488801,KCNJ2,KCNJ2_Thr75Met,A02,E10
11.7622181220653,7.2715618162887675e-6,-3.4918702665626444,KCNJ2,KCNJ2_Trp322Cys,A02,G14
8.028058409933397,0.00008913350432365581,-2.4580035061122336,KCNJ2,KCNJ2_Tyr326Asn,A02,A18
-1.4946233876810198,0.17866096529939457,0.7491555555846439,KCNJ2,KCNJ2_Val295Ala,A02,C16
-3.6026180430673893,0.0087093821257832,1.4564275908128341,KCNJ2,KCNJ2_Val302Met,A02,O08
4.895067113290466,0.0017630179728041436,-1.9497689417769992,KCNJ2,KCNJ2_Val86Phe,A02,K16
-7.19879134965815,0.0001776426846967125,3.1093598547551107,KCNJ2,KCNJ2_Val93Ile,A02,A06
-3.967673400113939,0.0054083549590669775,1.1198842963975433,KRT83,KRT83_Glu407Lys,C18,E18
2.5364514968456664,0.03886491650816146,-0.869167341043086,LITAF,LITAF_Ala111Gly,I18,K20
6.717380707757543,0.00027304552445477526,-2.5669582809231444,LITAF,LITAF_Ala129Val,I18,E22
6.547283213219833,0.0003196396981311095,-3.4430693366038385,LITAF,LITAF_Arg160His,I18,I22
6.24277878217429,0.00042712930396031156,-2.3705424839227076,LITAF,LITAF_Asn30Tyr,I18,M20
5.764422968882961,0.0006881493105575431,-1.487381143093802,LITAF,LITAF_Gly112Ser,I18,C20
8.52752912110934,0.00006049497210062347,-4.2665063987194545,LITAF,LITAF_Gly130Ser,I18,O20
-2.909001617284055,0.022692811106958352,0.6848360326836302,LITAF,LITAF_Gly53Ala,I18,M22
8.251852916654663,0.00007474294502892652,-4.0040924776108,LITAF,LITAF_Ile92Val,I18,O24
6.573777834411993,0.00031182777932318355,-2.813467849121793,LITAF,LITAF_Leu122Val,I18,K22
7.08792322242054,0.00019573032443016714,-3.3395096152000856,LITAF,LITAF_Leu122Val,I18,M24
8.83142734069076,0.00004823127077784761,-2.660129482803875,LITAF,LITAF_Phe136Leu,I18,E24
7.188401752249216,0.00017925521052689712,-2.9479670873977093,LITAF,LITAF_Pro135Arg,I18,K18
8.060881881650266,0.00008683909165211787,-2.3937558793077605,LITAF,LITAF_Pro135Ser,I18,A20
6.519051980896144,0.00032820642013240304,-1.6214867799376298,LITAF,LITAF_Pro135Thr,I18,I20
4.825308691468028,0.0019097492408311145,-1.068167115171446,LITAF,LITAF_Pro34Thr,I18,G20
6.324488724805087,0.000394763380092952,-2.659935978380794,LITAF,LITAF_Pro39Ser,I18,O18
7.077488623424471,0.00019753682760683753,-2.328546633437518,LITAF,LITAF_Pro51Ser,I18,C24
7.32750191288924,0.00015896366554229633,-3.3496965802692524,LITAF,LITAF_Pro84Leu,I18,A22
8.36667741048851,0.00006839178108840376,-1.804178795356723,LITAF,LITAF_Ser118Pro,I18,A24
6.765188608884935,0.0002613610923928956,-2.957944024561325,LITAF,LITAF_Ser15Leu,I18,C22
6.427213909811694,0.0003579092624480365,-2.255561691100237,LITAF,LITAF_Thr115Asn,I18,K24
7.344158066500263,0.00015671239654724834,-1.6014740453514498,LITAF,LITAF_Thr115Asn,I18,M18
1.8542112976441556,0.10610927972281532,-0.3893969504885569,LITAF,LITAF_Thr49Met,I18,I24
5.904753421411162,0.0005966116156558584,-2.2232529765169957,LITAF,LITAF_Trp116Gly,I18,G24
8.170665952604368,0.00007963614086323366,-3.286625983762286,LITAF,LITAF_Val144Met,I18,O22
7.2435169261261,0.00017088507127259252,-2.258079223260326,LITAF,LITAF_Val81Met,I18,G22
2.904202319120122,0.0228485959579366,-0.8605958747044832,NR0B1,NR0B1_Arg267Pro,F01,B03
-2.901028718439647,0.02295223069168512,1.0500915672040625,NR0B1,NR0B1_Arg425Ile,F01,L01
13.250179214472672,3.26119895503705e-6,-4.806912752522955,NR0B1,NR0B1_Asn440Ile,F01,H01
-4.720231151434274,0.002156967281468478,1.5906270515780834,NR0B1,NR0B1_Trp105Cys,F01,N05
-0.1578001557092655,0.8790698126754368,0.07865100730393847,NR0B1,NR0B1_Trp105Cys,F01,D03
1.543596247954885,0.1665962972388429,-0.2944016506502422,NR0B1,NR0B1_Tyr380Asp,F01,N01
10.9220398346027,0.000011927747770015788,-3.9718849804920127,NR0B1,NR0B1_Val126Met,F01,P01
8.985665011547521,0.00004310152825299476,-3.685785908636402,NT5C3A,NT5C3A_Asp132Val,F03,L03
8.963235735811281,0.000043807608516811236,-4.121222367177336,NT5C3A,NT5C3A_Cys108Arg,F03,J03
9.144144752048778,0.00003846430341758207,-3.7498758918664667,NT5C3A,NT5C3A_Gly202Arg,F03,N03
7.987869835813643,0.00009203653931660696,-3.461673109324216,NT5C3A,NT5C3A_Gly275Arg,F03,P03
10.177175248833102,0.00001905301893187018,-4.665811622313273,NT5C3A,NT5C3A_Phe31Leu,F03,H03
-5.941501587545757,0.0005749496388855461,2.369686869924755,PHYH,PHYH_Arg275Trp,B05,H05
5.222062506573361,0.0012230366765441894,-1.1189180059662993,PHYH,PHYH_Gln176Lys,B05,D05
-7.222391021827159,0.0001740402261091567,2.5617387786610615,PHYH,PHYH_Gly204Ser,B05,L05
7.153853174029555,0.00018473709092740648,-1.903185085401316,PNKP,PNKP_Glu326Lys,P05,B07
8.756770765949785,0.00005096002109843361,-2.614568428969092,SFTPA2,SFTPA2_Gln223Lys,N07,P07
10.83700909576238,0.00001256429052883404,-2.6885976678213894,SFTPA2,SFTPA2_Gly231Val,N07,B09
-7.478195658513474,0.0001398487658267689,2.036474207495032,SFTPA2,SFTPA2_Phe198Ser,N07,F09
-2.24237454366654,0.059867790123590385,0.8883179263643518,SMAD3,SMAD3_Arg268Cys,H09,H13
-0.7604721010787892,0.4718055657671063,0.328152076213156,SMAD3,SMAD3_Arg279Lys,H09,P09
10.566790052960291,0.000014858211658427798,-5.272517585571606,SMAD3,SMAD3_Arg279Lys,H09,P19
4.292277846733252,0.003600595343924275,-2.02434908290421,SMAD3,SMAD3_Arg287Trp,H09,N19
5.303370749957322,0.0011192662865758026,-1.9945370208314797,SMAD3,SMAD3_Arg287Trp,H09,N11
1.5189315186001082,0.17257613666458627,-0.7217507654227688,SMAD3,SMAD3_Arg323His,H09,F17
-5.16436287300926,0.0013031657787874887,2.6061604212959244,SMAD3,SMAD3_Arg373Cys,H09,P17
-9.972560684107847,0.000021785203511700543,2.855976165959665,SMAD3,SMAD3_Arg385Gly,H09,B19
-0.4984323639491137,0.6334565671975789,0.23782353271523737,SMAD3,SMAD3_Arg385Thr,H09,D19
-3.0403800009346194,0.018836824426179517,1.5240187600791477,SMAD3,SMAD3_Asn197Ile,H09,D21
-3.373375292684294,0.011865497616504217,1.6103062055041646,SMAD3,SMAD3_Asn59Asp,H09,N13
-2.3192282572353684,0.05345518046194338,1.0160251446836874,SMAD3,SMAD3_Asp258His,H09,N09
-0.543940929543007,0.6033672626480533,0.2008126235121003,SMAD3,SMAD3_Asp408His,H09,H19
9.073728904325469,0.00004045115603066194,-4.439659510595708,SMAD3,SMAD3_Cys109Tyr,H09,L09
3.0920704478274077,0.01751602846947296,-1.5317494302724612,SMAD3,SMAD3_Gln316Pro,H09,B17
5.955802773732779,0.0005667585482063913,-2.999859602733408,SMAD3,SMAD3_Glu239Lys,H09,F15
10.517779992956482,0.00001532336772111515,-5.213738685371006,SMAD3,SMAD3_Glu239Lys,H09,J19
3.5724112160210453,0.009067643885151246,-0.8754293028765341,SMAD3,SMAD3_Glu284Gln,H09,F11
5.699155434000633,0.0007359925629805637,-2.613233007478393,SMAD3,SMAD3_Gly272Arg,H09,H15
4.374765143493405,0.0032551267049125833,-1.8420156788430697,SMAD3,SMAD3_Ile170Val,H09,H11
-4.319627402971182,0.003481777144754108,1.3285448554014483,SMAD3,SMAD3_Ile87Thr,H09,D15
-1.2086190041400149,0.26604708006345956,0.6056491331898046,SMAD3,SMAD3_Leu219Phe,H09,F13
9.170721393916347,0.00003774333072265404,-4.407629049960773,SMAD3,SMAD3_Leu274Pro,H09,P15
-4.5668434089473875,0.00258380578753157,1.6010102067785656,SMAD3,SMAD3_Leu308Phe,H09,B15
-2.2246118111338866,0.06145756951413486,0.500271339415696,SMAD3,SMAD3_Met212Ile,H09,P11
6.037355516228896,0.0005224730124385514,-2.8030904172028794,SMAD3,SMAD3_Met255Arg,H09,N15
-4.184213499080056,0.00411559526125494,1.6001857336182943,SMAD3,SMAD3_Pro263Ala,H09,J11
0.37346908804999535,0.7198530389663319,-0.16722600993735035,SMAD3,SMAD3_Pro263Leu,H09,L19
2.6320493467805877,0.03381176983885599,-1.229755551894044,SMAD3,SMAD3_Pro263Leu,H09,B13
1.0604497206607821,0.32415273310688747,-0.4160296372197775,SMAD3,SMAD3_Ser355Leu,H09,L17
-1.543787320475978,0.1665507242499125,0.5981361239648747,SMAD3,SMAD3_Ser423Arg,H09,J17
-2.96843402834537,0.0208540093346777,1.0466901105763327,SMAD3,SMAD3_Thr261Ile,H09,B21
5.91402516098657,0.000591061334227549,-2.53700099085477,SMAD3,SMAD3_Thr261Ile,H09,D11
8.9075118078757,0.00004561919897968452,-3.51933639811844,SMAD3,SMAD3_Trp232Cys,H09,P13
6.259766554982291,0.0004201626132551611,-3.1442525318082053,SMAD3,SMAD3_Trp94Leu,H09,L15
-3.201914101190838,0.015025810230554514,1.0971723343765014,SMAD3,SMAD3_Tyr364Cys,H09,N17
4.264466029967734,0.003726008023650956,-0.9896796360526882,SMAD3,SMAD3_Val294Met,H09,J13
3.395444075298744,0.011513704046458148,-1.0617029263634583,SMAD3,SMAD3_Val410Phe,H09,D17
1.697306984431407,0.13345024891960428,-0.6327382837661899,TMEM43,TMEM43_Ala366Thr,L21,N23
3.0611119375029965,0.018294786893457534,-1.2532717610524502,TMEM43,TMEM43_Arg220Cys,L21,L23
6.157225873618944,0.00046424243219447375,-2.6567662353845036,TMEM43,TMEM43_Arg28Trp,L21,P21
1.3720442375944522,0.21240110407117163,-0.4862962909138975,TMEM43,TMEM43_Arg299Thr,L21,J23
-7.94320227335957,0.00009538912690862805,1.589435910845643,TMEM43,TMEM43_Arg312Trp,L21,H23
7.7133082530032775,0.00011498118785402567,-3.723812290215865,TMEM43,TMEM43_Glu85Lys,L21,F23
-9.759789785497235,0.00002510783151390775,3.8350415364229775,TMEM43,TMEM43_Thr277Ser,L21,N21
-1.872886330510768,0.10323921170490176,0.6304889430082955,TMEM43,TMEM43_Tyr371His,L21,D23
-11.184972381630905,0.00036376065287079695,7.066269267554711,TPM1,TPM1_Ala166Thr,P06,B02
2.080031472393107,0.07608160258944878,-0.5266467586498411,TPM1,TPM1_Ala166Thr,P23,B02
5.2291118154061405,0.0012136285670910736,-1.1208593740691901,TPM1,TPM1_Ala166Thr,L04,B02
-14.518582525959498,0.00013087064454536174,7.778564821894001,TPM1,TPM1_Ala22Thr,P06,N04
-6.916207208817748,0.00022798744132652477,2.4197119457566894,TPM1,TPM1_Ala22Thr,L04,N04
-6.245052533518092,0.00042618937386411734,3.0532372540961186,TPM1,TPM1_Ala22Thr,P23,N04
-25.8504145579836,0.00001330334598893068,11.73633966962442,TPM1,TPM1_Ala239Thr,P06,H02
-0.6184573765049753,0.5558551257471498,0.258558529251687,TPM1,TPM1_Ala239Thr,P23,H02
1.4206502583923912,0.19839369514732288,-0.40739122111190323,TPM1,TPM1_Ala239Thr,L04,H02
-13.001126678208418,0.00020197127296056597,11.208855982019859,TPM1,TPM1_Ala63Val,P06,D02
1.9562483261899266,0.09132308392801405,-0.7603470580051961,TPM1,TPM1_Ala63Val,P23,D02
5.171193476293532,0.0012933819607226977,-1.3468738542961012,TPM1,TPM1_Ala63Val,L04,D02
-11.040137612975547,0.00038270542449808344,7.1846599777225855,TPM1,TPM1_Arg160His,P06,L02
-1.077701471149962,0.31689857007862826,0.3344857273390297,TPM1,TPM1_Arg160His,P23,L02
1.9344469600035055,0.09430292183397145,-0.3230782928323139,TPM1,TPM1_Arg160His,L04,L02
-9.894023056824873,0.0005856620960833474,4.3427646184749715,TPM1,TPM1_Arg238Trp,P06,F21
0.6536333375036272,0.5342223279737555,-0.28030449462213236,TPM1,TPM1_Arg238Trp,P23,F21
1.7951859519875681,0.11569663678757285,-0.9042840964892218,TPM1,TPM1_Arg238Trp,L04,F21
-3.279346139103254,0.03051950415071669,1.4280625204849204,TPM1,TPM1_Asn279His,P06,B04
10.674297862861692,0.00001389291190693137,-5.5596667576569585,TPM1,TPM1_Asn279His,L04,B04
11.688566863564922,7.58403352391289e-6,-7.177411034002435,TPM1,TPM1_Asn279His,P23,B04
-8.927016471987324,0.0008706443700399225,4.879185776295051,TPM1,TPM1_Asp175Asn,P06,F07
-4.7057590166732,0.0021937080585484447,2.311339026079532,TPM1,TPM1_Asp175Asn,P23,F07
-3.2423985903302697,0.014205833238783935,1.8410614046266476,TPM1,TPM1_Asp175Asn,L04,F07
-17.134667172327937,0.00006805356757611131,12.185368432244644,TPM1,TPM1_Asp230Asn,P06,J02
-1.5354412253048018,0.16855207613280784,0.6120371472901105,TPM1,TPM1_Asp230Asn,P23,J02
0.9161717900009113,0.3900476396374244,-0.2586759115591083,TPM1,TPM1_Asp230Asn,L04,J02
-3.9440477728437395,0.016902227468673398,2.549169123325942,TPM1,TPM1_Glu180Gly,P06,D06
11.506787490004761,8.422729408003927e-6,-5.707136587914828,TPM1,TPM1_Glu180Gly,L04,D06
15.52335737636193,1.112179358805614e-6,-7.791733981907928,TPM1,TPM1_Glu180Gly,P23,D06
-9.50987521839587,0.0006824914244824884,5.927325680218135,TPM1,TPM1_Glu180Val,P06,H04
2.0955773008345586,0.07435518205336557,-0.679492720780615,TPM1,TPM1_Glu180Val,P23,H04
10.49342565644805,0.00001556064789572383,-1.2165914667699222,TPM1,TPM1_Glu180Val,L04,H04
-15.281581028452035,0.00010694995092001962,9.326693849129631,TPM1,TPM1_Glu23Gln,P06,N06
-1.1505648117902705,0.2876941795914212,0.621861851484067,TPM1,TPM1_Glu23Gln,P23,N06
1.062941309625027,0.32309692144096536,-0.3249079870518559,TPM1,TPM1_Glu23Gln,L04,N06
-18.344165348566165,0.000051952220889454446,11.118879568326513,TPM1,TPM1_Glu40Lys,P06,D08
-1.15318403842537,0.28668694463086936,0.5149565121444166,TPM1,TPM1_Glu40Lys,P23,D08
1.4325827350896227,0.19508353539294168,-0.34033173942876666,TPM1,TPM1_Glu40Lys,L04,D08
-6.388227912958222,0.0030818806826283835,4.040459735268258,TPM1,TPM1_Glu54Lys,P06,B06
1.6984010650631696,0.13323820847831336,-1.0604610715755332,TPM1,TPM1_Glu54Lys,P23,B06
3.241804929311628,0.014217505252593538,-1.5483073163958885,TPM1,TPM1_Glu54Lys,L04,B06
-14.913063901012348,0.00011775413781424789,7.405683394391826,TPM1,TPM1_Ile172Thr,P06,D04
-5.288205133141268,0.0011378536323773099,0.9739473989935576,TPM1,TPM1_Ile172Thr,L04,D04
-4.108141707106181,0.0045264688520317625,1.6860167905258376,TPM1,TPM1_Ile172Thr,P23,D04
-11.11783943638949,0.0003723932809290941,6.097999983942854,TPM1,TPM1_Ile92Thr,P06,F04
-0.7881185326732274,0.45648193862793107,0.28070942203221655,TPM1,TPM1_Ile92Thr,P23,F04
1.8674139699039694,0.10407233971565553,-0.3373349916243052,TPM1,TPM1_Ile92Thr,L04,F04
-13.37276661542206,0.00018082025487107842,7.2643090090344815,TPM1,TPM1_Leu185Arg,P06,P02
-0.4034544046533148,0.6986536137516384,0.14560206646242993,TPM1,TPM1_Leu185Arg,P23,P02
1.6340341547446677,0.14626849674285008,-0.46666076383130994,TPM1,TPM1_Leu185Arg,L04,P02
-13.828846582684804,0.000158495623794501,8.912727084368658,TPM1,TPM1_Lys15Asn,P06,P04
-4.830518222341327,0.0018983362171715419,0.6370890152942876,TPM1,TPM1_Lys15Asn,L04,P04
-4.5907440163169,0.002511558717612173,1.471349640242031,TPM1,TPM1_Lys15Asn,P23,P04
-9.039623190194437,0.0008297047921099365,6.888240885987883,TPM1,TPM1_Lys248Glu,P06,J06
0.5142726657970969,0.6228944664464575,-0.28605917110300877,TPM1,TPM1_Lys248Glu,P23,J06
2.455951348343911,0.04372405605535159,-0.9321046021338744,TPM1,TPM1_Lys248Glu,L04,J06
-15.007215143887485,0.0001148691354774367,10.90511170248872,TPM1,TPM1_Lys37Glu,P06,F02
2.651897879522342,0.03285107335944619,-1.0053971076110528,TPM1,TPM1_Lys37Glu,P23,F02
6.288404739216373,0.00040870461728086083,-1.529257821285417,TPM1,TPM1_Lys37Glu,L04,F02
-7.99349200121881,0.001328001011519261,4.545212402041217,TPM1,TPM1_Met281Thr,P06,B08
-0.4303859916803768,0.6798551827761223,0.257237041394292,TPM1,TPM1_Met281Thr,P23,B08
0.8568236547301521,0.4199049373461424,-0.39177240022147136,TPM1,TPM1_Met281Thr,L04,B08
-15.443200397628335,0.00010260264013162607,10.784299305022763,TPM1,TPM1_Met8Arg,P06,N02
-1.1993508191598505,0.26940854485840776,0.4401372966461463,TPM1,TPM1_Met8Arg,P23,N02
2.4908501203077704,0.04154483960954628,-0.36224724625146754,TPM1,TPM1_Met8Arg,L04,N02
-27.650009563225968,0.000010176361031728551,9.286886736863016,TPM1,TPM1_Ser215Leu,P06,J04
1.4247055570211618,0.19726312459108836,-0.49302709361308655,TPM1,TPM1_Ser215Leu,P23,J04
6.426476905526589,0.00035815952656706495,-1.1105516025505302,TPM1,TPM1_Ser215Leu,L04,J04
-25.271519950617275,0.000014558139672398967,15.349455360507216,TPM1,TPM1_Val95Ala,P06,F08
0.26970892828596493,0.7951619901027146,-0.11834565727521548,TPM1,TPM1_Val95Ala,P23,F08
2.623651326050847,0.034227005353612755,-0.8842127978003483,TPM1,TPM1_Val95Ala,L04,F08
-5.244804778119178,0.0011929722612797947,1.7219992474200987,TPM3,TPM3_Ala4Val,J08,L08
