Variant,Allele_set,clinvar_cs,mislocalized_batch8,mislocalized_batch7,Mislocalized_both_batches,auroc_batch8,auroc_batch7,mean_auroc
DES_Arg150Gln,A1P1,VUS,0,0,FALSE,0.669135775,0.636470375,0.652803075
AGXT_Arg118Cys,A1P1,Conflicting,0,1,FALSE,0.704236065,0.800230356,0.75223321
PKP2_Ser571Thr,A1P3,Conflicting,0,0,FALSE,0.586375841,0.54094193,0.563658886
TH_Gln39Glu,A1P4,VUS,0,0,FALSE,0.599614689,0.669252444,0.634433566
KRT6A_Asn171Thr,A1P2,not provided,0,1,FALSE,0.761892168,0.79467038,0.778281274
FA2H_Arg143Cys,A1P1,,0,1,FALSE,0.657063457,0.740499729,0.698781593
CHN1_Pro252Ser,A1P1,Pathogenic,0,0,FALSE,0.673431682,0.700410752,0.686921217
KCTD1_His74Pro,A1P2,,0,1,FALSE,0.559750709,0.905575597,0.732663153
KRT6A_Glu461Lys,A1P2,not provided,1,1,TRUE,0.865216181,0.873663587,0.869439884
ALAS2_Ser531Gly,A1P1,,0,0,FALSE,0.813898602,0.556088911,0.684993757
MYOZ2_Gln10Pro,A1P3,Benign,0,0,FALSE,0.542751819,0.503368251,0.523060035
DES_Leu338Arg,A1P1,Pathogenic,0,1,FALSE,0.778772812,0.800213018,0.789492915
AGXT_Gly82Arg,A1P1,Pathogenic,0,1,FALSE,0.757040555,0.827569886,0.79230522
AGXT_Ala280Val,A1P1,Benign,0,0,FALSE,0.643292209,0.551760784,0.597526496
MVK_Pro200Ser,A1P3,VUS,0,0,FALSE,0.582488829,0.589366472,0.585927651
HBD_Arg105Ser,A1P2,other,0,0,FALSE,0.489636949,0.505153587,0.497395268
COMP_Asp605Asn,A1P1,not provided,0,0,FALSE,0.636176623,0.642068218,0.639122421
HBD_Asn58Lys,A1P2,other,0,0,FALSE,0.535690243,0.57006408,0.552877161
TTR_Asp119Asn,A1P4,Conflicting,0,0,FALSE,0.642367271,0.559787331,0.601077301
GAMT_Ala196Val,A1P2,Conflicting,0,0,FALSE,0.487725324,0.498035423,0.492880373
MYOZ2_Ile246Met,A1P3,Benign,0,0,FALSE,0.517284104,0.568648294,0.542966199
SDC3_Val136Ile,A1P3,,0,0,FALSE,0.587399845,0.66046728,0.623933563
TAT_Arg433Trp,A1P4,Pathogenic,1,1,TRUE,0.977111733,0.987617097,0.982364415
AGXT_Gly116Arg,A1P1,Pathogenic,1,1,TRUE,0.866541329,0.90387268,0.885207004
AGXT_Ile279Met,A1P1,VUS,1,1,TRUE,0.982459556,0.99576978,0.989114668
AGXT_Ala295Thr,A1P1,Conflicting,0,0,FALSE,0.589404788,0.563059611,0.5762322
TH_Arg133His,A1P4,VUS,0,0,FALSE,0.622169085,0.472098706,0.547133896
POLR1C_Arg279Gln,A1P3,Pathogenic,0,1,FALSE,0.685317165,0.746372853,0.715845009
CLCNKA_Trp80Cys,A1P1,Pathogenic,0,0,FALSE,0.656690009,0.499665704,0.578177857
NCF2_Gly44Arg,A1P3,not provided,0,1,FALSE,0.769882141,0.757136905,0.763509523
NMNAT1_Arg237Leu,A1P3,Pathogenic,1,1,TRUE,0.992352222,0.994987522,0.993669872
HPRT1_Gly71Arg,A1P2,Pathogenic,0,0,FALSE,0.487384655,0.544528899,0.515956777
DCX_Pro191Arg,A1P1,Pathogenic,1,1,TRUE,0.923052636,0.963267897,0.943160266
HBD_Leu142Pro,A1P2,other,1,1,TRUE,0.837390437,0.925302589,0.881346513
FXN_Trp173Gly,A1P2,Pathogenic,1,1,TRUE,0.92499991,0.919350804,0.922175357
MAP2K2_Thr17Ala,A1P2,Conflicting,0,0,FALSE,0.63778339,0.581887404,0.609835397
DES_Leu136Pro,A1P1,Pathogenic,1,1,TRUE,0.843743502,0.873214866,0.858479184
PYGL_Thr59Met,A1P3,Benign,0,0,FALSE,0.604892501,0.52082533,0.562858916
MVK_Leu41Pro,A1P3,Pathogenic,1,1,TRUE,0.909127955,0.948423808,0.928775881
MVK_Val377Ile,A1P3,Pathogenic,0,0,FALSE,0.58962857,0.65423451,0.62193154
TH_Pro121Leu,A1P4,Conflicting,1,1,TRUE,0.949734351,0.973270019,0.961502185
SNIP1_Arg116Gln,A1P4,Benign,0,0,FALSE,0.461249011,0.544540518,0.502894764
DES_Tyr331Asn,A1P1,VUS,0,1,FALSE,0.793986646,0.792313083,0.793149865
DES_Asn342Asp,A1P1,Pathogenic,1,1,TRUE,0.89017356,0.925921295,0.908047428
DES_Asp343Asn,A1P1,VUS,0,0,FALSE,0.725050316,0.676244397,0.700647357
AGXT_Ala248Val,A1P1,Conflicting,0,0,FALSE,0.540043041,0.567977937,0.554010489
MVK_Arg106His,A1P3,VUS,0,0,FALSE,0.60650426,0.668326307,0.637415283
MVK_Leu255Pro,A1P3,Pathogenic,1,1,TRUE,0.925317033,0.942143511,0.933730272
TH_Glu250Gln,A1P4,VUS,1,1,TRUE,0.95119245,0.973050386,0.962121418
NCF2_Ala140Asp,A1P3,not provided,0,1,FALSE,0.742776911,0.784030281,0.763403596
THAP1_Lys89Arg,A1P4,VUS,0,0,FALSE,0.532489924,0.586678102,0.559584013
PMP22_Asp37Val,A1P3,Pathogenic,1,1,TRUE,0.995465686,0.99948641,0.997476048
POMT1_Ala647Thr,A1P3,Pathogenic,0,0,FALSE,0.709938882,0.647697181,0.678818032
PLA2G6_Glu567Lys,A1P3,Conflicting,1,1,TRUE,0.97820216,0.995627852,0.986915006
TTPA_His101Gln,A1P4,Pathogenic,0,1,FALSE,0.693137,0.779171077,0.736154038
SFTPB_Ala280Thr,A1P3,,0,0,FALSE,0.487901645,0.508444778,0.498173211
FTH1_Lys54Arg,A1P2,,0,0,FALSE,0.462277403,0.535265813,0.498771608
IL2RG_Trp237Arg,A1P2,,1,1,TRUE,0.970284831,0.965198758,0.967741794
AGXT_Met195Leu,A1P1,Pathogenic,0,0,FALSE,0.740856059,0.529571946,0.635214002
ACSF3_Pro243Leu,A1P1,VUS,1,1,TRUE,0.961652074,0.980495918,0.971073996
KCTD7_Asn273Ile,A1P2,Pathogenic,1,1,TRUE,0.953381738,0.940910389,0.947146063
KRT4_Glu449Lys,A1P2,,1,1,TRUE,0.870481384,0.923861917,0.897171651
LDHB_Lys7Glu,A1P2,other,0,0,FALSE,0.496305713,0.679535656,0.587920684
KLHL3_Ala77Glu,A1P2,Pathogenic,0,0,FALSE,0.661316745,0.707974399,0.684645572
HPRT1_Asp194Glu,A1P2,Pathogenic,0,1,FALSE,0.598916991,0.733770366,0.666343678
POMT1_Ala200Pro,A1P3,Pathogenic,0,0,FALSE,0.747737011,0.716202642,0.731969826
KRT6A_Leu170Phe,A1P2,Pathogenic,0,1,FALSE,0.798275494,0.836408272,0.817341883
KRT6A_Leu468Gln,A1P2,not provided,1,1,TRUE,0.850150463,0.902926246,0.876538355
TTPA_Glu141Lys,A1P4,Conflicting,0,1,FALSE,0.81473392,0.895770642,0.855252281
CTRC_Arg37Gln,A1P1,Benign,0,0,FALSE,0.669536858,0.558601068,0.614068963
RASA1_Glu70Gly,A1P3,Benign,1,1,TRUE,0.979303633,0.98840303,0.983853332
SMAD1_Val3Ala,A1P4,VUS,1,1,TRUE,0.992683741,0.976080295,0.984382018
SFTPC_Leu188Gln,A1P3,,1,1,TRUE,0.933555748,0.968995383,0.951275566
HPRT1_Phe74Leu,A1P2,Pathogenic,1,1,TRUE,0.944372399,0.966831288,0.955601844
GSS_Arg125Cys,A1P2,Pathogenic,0,0,FALSE,0.533767078,0.567560706,0.550663892
TTPA_Gly246Arg,A1P4,not provided,1,1,TRUE,0.885610421,0.955016243,0.920313332
MIP_Val107Ile,A1P3,Benign,0,0,FALSE,0.512291022,0.561111197,0.53670111
KRT6A_Val523Phe,A1P2,Benign,0,0,FALSE,0.586277946,0.570753949,0.578515947
PNPO_Arg95Cys,A1P3,Pathogenic,1,1,TRUE,0.928997562,0.971143702,0.950070632
MVK_Val80Ile,A1P3,Conflicting,0,0,FALSE,0.553353099,0.603922109,0.578637604
COMP_His441Arg,A1P1,Pathogenic,0,1,FALSE,0.462854435,0.726516531,0.594685483
NCF2_Asp108Val,A1P3,VUS,0,1,FALSE,0.703280029,0.736976198,0.720128114
DCX_Ala71Ser,A1P1,Pathogenic,0,1,FALSE,0.780142114,0.814259947,0.79720103
DCX_Ile214Thr,A1P1,Pathogenic,1,1,TRUE,0.821943352,0.880568151,0.851255751
HBD_His147Arg,A1P2,other,0,0,FALSE,0.529396691,0.55740464,0.543400665
PLA2G6_Arg538Cys,A1P3,Conflicting,1,1,TRUE,0.995431476,0.99553038,0.995480928
PLA2G6_Thr585Ile,A1P3,Pathogenic,1,1,TRUE,0.984345736,0.996164312,0.990255024
NCF2_Val297Ala,A1P3,Benign,0,0,FALSE,0.59962905,0.613654136,0.606641593
DES_Arg350Pro,A1P1,Pathogenic,1,1,TRUE,0.930402928,0.926945454,0.928674191
DES_Arg355Pro,A1P1,Conflicting,1,1,TRUE,0.93962259,0.948620513,0.944121552
DES_Gln389Pro,A1P1,Pathogenic,0,1,FALSE,0.736068602,0.841025337,0.788546969
ACSF3_Gly119Asp,A1P1,VUS,1,1,TRUE,0.943829198,0.96233055,0.953079874
MVK_Pro286Leu,A1P3,VUS,0,0,FALSE,0.711643338,0.699662171,0.705652755
NEXN_Tyr544Cys,A1P3,,0,0,FALSE,0.613020408,0.690094322,0.651557365
DCX_Thr203Ala,A1P1,Pathogenic,1,1,TRUE,0.903289355,0.844200677,0.873745016
DCX_Arg102Cys,A1P1,Pathogenic,1,1,TRUE,0.936391226,0.939985015,0.93818812
HPRT1_Ile132Met,A1P2,Pathogenic,0,0,FALSE,0.528227636,0.598771838,0.563499737
GSS_Pro314Leu,A1P2,Conflicting,0,0,FALSE,0.58271242,0.629280123,0.605996271
KRT86_Asn114His,A1P2,,0,1,FALSE,0.6272591,0.838186738,0.732722919
COMP_Thr585Met,A1P1,Pathogenic,0,1,FALSE,0.652599532,0.774995046,0.713797289
NCF2_Arg188Lys,A1P3,Conflicting,0,0,FALSE,0.505979739,0.622389404,0.564184571
NMNAT1_Ser255Asn,A1P3,Benign,0,0,FALSE,0.530819989,0.591811332,0.56131566
MVK_Asn205Asp,A1P3,Pathogenic,0,0,FALSE,0.543812665,0.682171605,0.612992135
AGXT_Arg381Lys,A1P1,Conflicting,0,0,FALSE,0.591302915,0.54579317,0.568548043
DES_Ala397Thr,A1P1,VUS,0,0,FALSE,0.633151309,0.693166371,0.66315884
TH_Val468Met,A1P4,Conflicting,0,0,FALSE,0.624249911,0.603262077,0.613755994
MVK_Ile119Met,A1P3,not provided,0,0,FALSE,0.572682813,0.594728179,0.583705496
HPRT1_Asp177Tyr,A1P2,Pathogenic,1,1,TRUE,0.898649546,0.843384775,0.87101716
HBD_Asp100Asn,A1P2,other,0,0,FALSE,0.518994345,0.552486949,0.535740647
PLA2G6_Leu481Gln,A1P3,Pathogenic,1,1,TRUE,1,0.997473547,0.998736773
NCF2_Asn448Asp,A1P3,Benign,0,0,FALSE,0.481251106,0.608515243,0.544883175
AGXT_Met49Leu,A1P1,Conflicting,0,0,FALSE,0.592305183,0.579883908,0.586094546
PKP2_Lys724Thr,A1P3,Conflicting,0,0,FALSE,0.529318642,0.662551219,0.595934931
PKP2_Asn513Asp,A1P3,VUS,0,0,FALSE,0.610566969,0.592511674,0.601539321
TH_Pro2Leu,A1P4,Conflicting,0,0,FALSE,0.659974539,0.551209335,0.605591937
CHN1_Glu313Lys,A1P1,Pathogenic,0,1,FALSE,0.782935924,0.831974872,0.807455398
DCX_Arg186His,A1P1,Conflicting,0,0,FALSE,0.651238247,0.703158041,0.677198144
KRT86_Glu413Lys,A1P2,Pathogenic,1,1,TRUE,0.834428695,0.842828525,0.83862861
MIP_Val67Ile,A1P3,Benign,0,0,FALSE,0.483568755,0.635517496,0.559543125
PMP22_Arg157Gly,A1P3,VUS,0,0,FALSE,0.661321337,0.668822413,0.665071875
AGXT_Gly41Arg,A1P1,Pathogenic,0,1,FALSE,0.76324685,0.817035966,0.790141408
TH_Leu205Pro,A1P4,Pathogenic,0,0,FALSE,0.644503625,0.691433041,0.667968333
XRCC2_Phe270Val,A1P4,Benign,1,1,TRUE,0.948283296,0.93862684,0.943455068
CREB1_Asp116Gly,A1P1,,0,0,FALSE,0.556403817,0.579601076,0.568002446
RP2_Arg118Leu,A1P3,Pathogenic,1,1,TRUE,0.984953116,0.994415859,0.989684487
THAP1_His23Pro,A1P4,Pathogenic,1,1,TRUE,0.826557076,0.857177411,0.841867243
THAP1_Gly9Cys,A1P4,Pathogenic,0,0,FALSE,0.5660341,0.714909782,0.640471941
KRT8_Arg454Cys,A1P2,not provided,0,1,FALSE,0.71174269,0.788351087,0.750046889
KRT6A_Gln166Pro,A1P2,not provided,0,1,FALSE,0.796484319,0.850760064,0.823622191
DCX_Tyr125His,A1P1,Pathogenic,1,1,TRUE,0.991122415,0.997514993,0.994318704
HBD_Asn13Lys,A1P2,other,0,0,FALSE,0.516038561,0.555830988,0.535934774
TTR_Lys146Arg,A1P4,Benign,0,0,FALSE,0.725847868,0.672161052,0.69900446
PGBD1_Pro256Leu,A1P3,,0,0,FALSE,0.561797678,0.517023355,0.539410517
TUFM_Gly149Ser,A1P4,,0,0,FALSE,0.543299397,0.704646376,0.623972886
RP2_Leu253Arg,A1P3,VUS,1,1,TRUE,0.985398655,0.990037857,0.987718256
AIPL1_Met79Thr,A1P1,not provided,1,1,TRUE,0.989421051,0.993529309,0.99147518
AGXT_Arg301Cys,A1P1,VUS,0,0,FALSE,0.536254544,0.585114156,0.56068435
IER3IP1_Leu78Pro,A1P2,Pathogenic,0,1,FALSE,0.808291431,0.765035452,0.786663441
HPRT1_Leu41Pro,A1P2,Pathogenic,1,1,TRUE,0.986764887,0.992996506,0.989880697
NMNAT1_Asn273Asp,A1P3,Pathogenic,0,0,FALSE,0.516356221,0.60573021,0.561043216
MYOZ2_Ser48Pro,A1P3,Pathogenic,0,0,FALSE,0.529679372,0.634963394,0.582321383
DES_Arg222His,A1P1,Conflicting,0,0,FALSE,0.664948711,0.670121707,0.667535209
AGXT_Pro10Ala,A1P1,VUS,0,0,FALSE,0.714517536,0.650119563,0.68231855
AGXT_Arg111Gln,A1P1,Pathogenic,0,0,FALSE,0.644873322,0.614740837,0.62980708
GLYCTK_Phe493Cys,A1P2,Conflicting,0,0,FALSE,0.589836316,0.70144832,0.645642318
CHN1_Tyr143His,A1P1,Pathogenic,0,1,FALSE,0.793900147,0.845096297,0.819498222
KCTD1_His33Pro,A1P2,,0,1,FALSE,0.58361367,0.914957806,0.749285738
DCX_Arg59His,A1P1,Pathogenic,1,1,TRUE,0.911312598,0.929154743,0.92023367
NEUROG3_Arg107Ser,A1P3,Pathogenic,0,1,FALSE,0.67967194,0.752389838,0.716030889
COMP_Arg718Pro,A1P1,Pathogenic,1,1,TRUE,0.967080907,0.977011194,0.97204605
GYG1_Arg33Lys,A1P2,Conflicting,0,0,FALSE,0.635217727,0.652299339,0.643758533
RP2_Arg118His,A1P3,Pathogenic,0,0,FALSE,0.589993697,0.534427011,0.562210354
MVK_Pro165Leu,A1P3,Pathogenic,0,0,FALSE,0.555474632,0.61899994,0.587237286
COMP_Gly207Asp,A1P1,VUS,0,0,FALSE,0.451420035,0.539842253,0.495631144
FA2H_Arg62Cys,A1P1,,0,1,FALSE,0.731255449,0.759927706,0.745591577
HPRT1_Gly70Glu,A1P2,Pathogenic,1,1,TRUE,0.857029287,0.899602216,0.878315751
COMP_His587Arg,A1P1,Pathogenic,0,0,FALSE,0.59932658,0.60590725,0.602616915
HBD_Leu89Val,A1P2,other,0,0,FALSE,0.411291545,0.504353427,0.457822486
NAA10_Arg195Cys,A1P3,Benign,1,1,TRUE,0.926096686,0.974470155,0.950283421
LIG4_Ala857Thr,A1P2,Benign,1,1,TRUE,0.886447596,0.916239505,0.901343551
RP2_Cys86Tyr,A1P3,VUS,1,1,TRUE,0.981073217,0.990790875,0.985932046
MVK_Val5Ala,A1P3,VUS,0,0,FALSE,0.533729858,0.598044181,0.56588702
MVK_Ala148Thr,A1P3,Pathogenic,0,0,FALSE,0.547455894,0.659745509,0.603600702
TH_Arg202His,A1P4,Pathogenic,0,0,FALSE,0.72516559,0.644769151,0.684967371
SIX1_Tyr129Cys,A1P4,Pathogenic,0,0,FALSE,0.533523275,0.524529831,0.529026553
KRT6A_Glu472Lys,A1P2,Pathogenic,0,1,FALSE,0.81091738,0.809286459,0.81010192
PYGL_Asp634His,A1P3,Conflicting,0,1,FALSE,0.802698864,0.821092518,0.811895691
HBD_Arg117His,A1P2,other,0,0,FALSE,0.4956307,0.517059976,0.506345338
HBD_Leu76Val,A1P2,Pathogenic,0,0,FALSE,0.471274811,0.495562043,0.483418427
THAP1_Val193Ile,A1P4,Benign,0,0,FALSE,0.580380337,0.578165867,0.579273102
IL2RG_Ser108Pro,A1P2,,1,1,TRUE,0.969147159,0.965413883,0.967280521
AGXT_Pro11His,A1P1,Conflicting,0,0,FALSE,0.702938072,0.607051766,0.654994919
AGXT_Gly41Glu,A1P1,Pathogenic,0,1,FALSE,0.812069925,0.812866474,0.8124682
AGXT_Ile202Asn,A1P1,Pathogenic,1,1,TRUE,0.86100958,0.902069739,0.88153966
DES_Thr445Ala,A1P1,VUS,0,0,FALSE,0.679835963,0.6400631,0.659949532
AMPD2_Glu697Asp,A1P1,,0,0,FALSE,0.664746548,0.702487207,0.683616878
ALAS2_Arg374Cys,A1P1,,0,0,FALSE,0.59992512,0.693223324,0.646574222
TTPA_Asp64Gly,A1P4,not provided,0,0,FALSE,0.696500151,0.619530816,0.658015483
SFTPC_His59Arg,A1P3,Conflicting,1,1,TRUE,0.987814387,0.99315609,0.990485239
KRT2_Gly219Asp,A1P2,Benign,0,0,FALSE,0.493800222,0.499938401,0.496869312
DES_Asp312Ala,A1P1,Conflicting,0,0,FALSE,0.560200391,0.658609756,0.609405074
AGXT_Asp129His,A1P1,VUS,0,0,FALSE,0.628492429,0.573759673,0.601126051
AGXT_Ile340Met,A1P1,Benign,0,0,FALSE,0.575916283,0.592305987,0.584111135
TH_Pro218Leu,A1P4,VUS,0,0,FALSE,0.766365729,0.682979548,0.724672638
PDGFRB_Leu658Pro,A1P3,Pathogenic,1,1,TRUE,0.845134686,0.826709567,0.835922126
HPRT1_Ser104Arg,A1P2,Pathogenic,0,0,FALSE,0.476538585,0.508115492,0.492327039
MVK_Val250Ile,A1P3,Pathogenic,0,0,FALSE,0.581628864,0.628992182,0.605310523
HBD_Glu44Gly,A1P2,other,0,0,FALSE,0.508592227,0.555421452,0.53200684
COMP_Thr585Lys,A1P1,not provided,1,1,TRUE,0.875033026,0.839721492,0.857377259
LDHB_Arg158Cys,A1P2,Benign,0,0,FALSE,0.614820568,0.627404925,0.621112747
DES_Ala237Thr,A1P1,VUS,0,0,FALSE,0.614603564,0.65231617,0.633459867
DES_Leu345Pro,A1P1,Pathogenic,1,1,TRUE,0.902613241,0.940040124,0.921326682
DES_Ser424Phe,A1P1,VUS,0,0,FALSE,0.696634696,0.677841677,0.687238186
MVK_Ser52Asn,A1P3,,0,0,FALSE,0.54569723,0.622102158,0.583899694
COMP_Asn555Lys,A1P1,Pathogenic,0,0,FALSE,0.623901659,0.705315254,0.664608456
EMD_Met1Val,A1P1,,1,1,TRUE,0.915878571,0.900233753,0.908056162
GATA2_Cys373Arg,A1P2,Pathogenic,1,1,TRUE,0.840788184,0.876194781,0.858491483
KRT6A_Leu468Pro,A1P2,not provided,1,1,TRUE,0.865161391,0.905615698,0.885388544
SH3BP2_Pro418Leu,A1P4,Pathogenic,0,0,FALSE,0.514063547,0.601829283,0.557946415
FXN_Met1Ile,A1P2,,1,1,TRUE,0.98789854,0.991160714,0.989529627
HBD_Pro37His,A1P2,other,0,0,FALSE,0.504492495,0.537544357,0.521018426
GYG1_Ala16Thr,A1P2,Benign,0,0,FALSE,0.544722522,0.562752835,0.553737679
TUFM_Arg339Gln,A1P4,VUS,0,0,FALSE,0.496756216,0.618102648,0.557429432
DES_Arg37Trp,A1P1,VUS,0,0,FALSE,0.68016834,0.625225304,0.652696822
PKP2_Arg101His,A1P3,Conflicting,1,1,TRUE,0.959165913,0.972408598,0.965787256
TH_Val136Met,A1P4,VUS,0,0,FALSE,0.570070769,0.499049363,0.534560066
SFTPC_Ile73Thr,A1P3,Pathogenic,1,1,TRUE,0.988129427,0.984621613,0.98637552
COMP_Thr585Arg,A1P1,Pathogenic,1,1,TRUE,0.925132354,0.835587379,0.880359867
DES_Ser298Leu,A1P1,Conflicting,0,0,FALSE,0.632652277,0.645394757,0.639023517
PMP22_Ala135Thr,A1P3,Benign,0,0,FALSE,0.558263108,0.530915599,0.544589353
DES_Arg16Cys,A1P1,Pathogenic,0,0,FALSE,0.669157028,0.702234976,0.685696002
DES_Val126Leu,A1P1,VUS,1,1,TRUE,0.894223105,0.908090335,0.90115672
DES_Gln131Lys,A1P1,VUS,0,1,FALSE,0.688973138,0.740453251,0.714713194
DES_His243Tyr,A1P1,VUS,0,0,FALSE,0.701282677,0.678992383,0.69013753
DES_Met349Ile,A1P1,VUS,0,0,FALSE,0.589706845,0.631265559,0.610486202
AGXT_Ala210Pro,A1P1,Pathogenic,1,1,TRUE,0.902434212,0.932393077,0.917413644
PYGL_Glu673Lys,A1P3,VUS,0,0,FALSE,0.553805829,0.61557662,0.584691225
PYGL_Asp629Tyr,A1P3,VUS,0,0,FALSE,0.469085144,0.551044973,0.510065059
PKP2_Arg413Gln,A1P3,VUS,0,0,FALSE,0.617251759,0.662068317,0.639660038
PKP2_Gly68Ser,A1P3,VUS,0,0,FALSE,0.532340576,0.578536453,0.555438515
COMP_Asp271His,A1P1,Pathogenic,1,1,TRUE,0.875890214,0.903570172,0.889730193
LRRC6_Asp146His,A1P2,,0,1,FALSE,0.766686254,0.789646399,0.778166326
PMP22_Arg157Trp,A1P3,Conflicting,0,0,FALSE,0.68100952,0.701986623,0.691498071
NCF2_Asp93Glu,A1P3,not provided,0,0,FALSE,0.619799136,0.581822796,0.600810966
NMNAT1_Leu153Val,A1P3,Pathogenic,0,0,FALSE,0.485718998,0.590072628,0.537895813
KRT6A_Asn171Ser,A1P2,Pathogenic,0,1,FALSE,0.739072204,0.786824596,0.7629484
KRT2_Glu488Lys,A1P2,not provided,0,0,FALSE,0.611073563,0.628219798,0.619646681
DCX_Lys174Glu,A1P1,Pathogenic,0,1,FALSE,0.778474916,0.832082436,0.805278676
HPRT1_Asp194Asn,A1P2,Pathogenic,0,0,FALSE,0.476416602,0.640244505,0.558330554
IRAK4_Ala428Thr,A1P2,Benign,0,0,FALSE,0.553231779,0.603918316,0.578575048
PKP2_Leu394His,A1P3,VUS,0,0,FALSE,0.353534226,0.598948019,0.476241123
POLR1C_Arg279Trp,A1P3,Pathogenic,0,1,FALSE,0.800192857,0.820794474,0.810493665
TPK1_Asn50His,A1P4,Pathogenic,0,0,FALSE,0.562475709,0.709935172,0.636205441
HPRT1_Asp80Val,A1P2,Pathogenic,1,1,TRUE,0.834743976,0.873655193,0.854199585
HBD_Glu27Asp,A1P2,other,1,1,TRUE,0.9222705,0.958978139,0.940624319
KCTD1_Val248Ile,A1P2,,0,1,FALSE,0.549057462,0.878751899,0.713904681
EIF2B4_Arg306Gly,A1P1,Benign,0,0,FALSE,0.616093087,0.529792737,0.572942912
AGXT_Phe152Ile,A1P1,Pathogenic,0,0,FALSE,0.565412083,0.595708432,0.580560258
AGXT_Ser187Phe,A1P1,Pathogenic,0,1,FALSE,0.770664423,0.793477813,0.782071118
AGXT_Asp201Asn,A1P1,Conflicting,1,1,TRUE,0.853275626,0.799549137,0.826412382
DES_His441Leu,A1P1,VUS,0,0,FALSE,0.700164033,0.654989694,0.677576863
ACSF3_Met266Val,A1P1,VUS,1,1,TRUE,0.951134304,0.976268516,0.96370141
DCX_Arg78Cys,A1P1,Pathogenic,1,1,TRUE,0.863782372,0.925068051,0.894425211
GAMT_Asp219Asn,A1P2,VUS,0,0,FALSE,0.460647629,0.618265764,0.539456696
FBP1_Arg218Lys,A1P2,Benign,0,0,FALSE,0.588128913,0.691580837,0.639854875
AGXT_Asn22Ser,A1P1,Benign,0,0,FALSE,0.56706705,0.653576404,0.610321727
NFU1_Gly208Cys,A1P3,Pathogenic,0,0,FALSE,0.587108975,0.578087199,0.582598087
POMT1_Thr392Met,A1P3,Pathogenic,0,0,FALSE,0.602359201,0.531188792,0.566773997
SH3BP2_Pro418Arg,A1P4,Pathogenic,0,0,FALSE,0.587632476,0.677732519,0.632682498
KCTD1_Gly62Asp,A1P2,,0,1,FALSE,0.561160068,0.917057345,0.739108706
MVK_Thr209Ala,A1P3,not provided,0,0,FALSE,0.583601601,0.666015355,0.624808478
SNIP1_Glu366Gly,A1P4,Conflicting,1,1,TRUE,0.990052753,0.991380846,0.990716799
SDC3_Asp231Asn,A1P3,,0,0,FALSE,0.582508902,0.587317945,0.584913423
LDHB_Trp325Arg,A1P2,other,0,0,FALSE,0.593349632,0.713922142,0.653635887
AIPL1_Thr114Ile,A1P1,Benign,0,0,FALSE,0.487542317,0.504111802,0.49582706
COMP_Ala171Thr,A1P1,Benign,1,1,TRUE,0.969938621,0.98388962,0.97691412
EFHC1_Phe229Leu,A1P1,Conflicting,1,1,TRUE,0.911002094,0.925815719,0.918408907
GALE_Asp103Gly,A1P2,VUS,0,0,FALSE,0.580784346,0.572850872,0.576817609
HPRT1_Arg45Lys,A1P2,Pathogenic,1,1,TRUE,0.985860229,0.993455418,0.989657824
ALAS2_Ala135Thr,A1P1,,0,0,FALSE,0.440519324,0.707614089,0.574066706
KRT6A_Ile178Asn,A1P2,not provided,1,1,TRUE,0.888155397,0.880326067,0.884240732
NEUROG3_Gly167Arg,A1P3,Benign,0,0,FALSE,0.592527929,0.597296857,0.594912393
MVK_His20Gln,A1P3,Pathogenic,0,0,FALSE,0.49988154,0.631762109,0.565821825
DES_Gly84Ser,A1P1,Conflicting,0,0,FALSE,0.641334952,0.605818633,0.623576793
AGXT_Gly161Arg,A1P1,Pathogenic,0,1,FALSE,0.80097193,0.879412328,0.840192129
ACSF3_Thr358Ile,A1P1,VUS,1,1,TRUE,0.971961637,0.979719101,0.975840369
MVK_Asp386Asn,A1P3,Conflicting,0,0,FALSE,0.585256261,0.623368703,0.604312482
KLHL3_Cys164Phe,A1P2,Pathogenic,0,1,FALSE,0.743335054,0.766448904,0.754891979
HPRT1_Ala161Ser,A1P2,Pathogenic,0,0,FALSE,0.574067864,0.657497544,0.615782704
SFTPC_Val39Leu,A1P3,Conflicting,0,0,FALSE,0.72186147,0.583202577,0.652532024
NCF2_Asn419Ile,A1P3,Benign,0,0,FALSE,0.542243078,0.5574403,0.549841689
GMPPB_Pro32Leu,A1P2,Pathogenic,0,0,FALSE,0.694431555,0.661107208,0.677769381
HPRT1_Gly58Arg,A1P2,Pathogenic,0,0,FALSE,0.538852112,0.619231871,0.579041992
TTPA_Arg192His,A1P4,Conflicting,0,1,FALSE,0.687028642,0.820349755,0.753689198
CTRC_Gln178Arg,A1P1,Conflicting,0,1,FALSE,0.720024481,0.735716795,0.727870638
TAT_Arg119Trp,A1P4,Conflicting,1,1,TRUE,0.988339112,0.993551094,0.990945103
AGXT_Ser218Leu,A1P1,Pathogenic,1,1,TRUE,0.886458119,0.924146046,0.905302083
DES_Pro433Thr,A1P1,VUS,0,1,FALSE,0.682969456,0.736180962,0.709575209
ASNS_Ala6Glu,A1P1,Pathogenic,1,1,TRUE,0.892104023,0.941788384,0.916946204
KCTD7_Arg184Cys,A1P2,Pathogenic,0,1,FALSE,0.646843934,0.720234833,0.683539383
FBP1_Asn273Ser,A1P2,Benign,0,0,FALSE,0.662951895,0.643763886,0.653357891
CORO1A_Val397Ile,A1P1,Conflicting,0,0,FALSE,0.539431481,0.592983215,0.566207348
AGXT_Gly161Ser,A1P1,Pathogenic,0,0,FALSE,0.570339345,0.532827011,0.551583178
COMP_Asn523Lys,A1P1,Pathogenic,1,1,TRUE,0.923456914,0.950443042,0.936949978
TH_Asp267His,A1P4,VUS,0,0,FALSE,0.773465185,0.660503369,0.716984277
WRAP53_Arg398Trp,A1P4,Conflicting,1,1,TRUE,0.852315692,0.855870684,0.854093188
DOLK_Tyr441Ser,A1P1,Pathogenic,0,0,FALSE,0.542114277,0.529275355,0.535694816
DCX_Arg89Gly,A1P1,Pathogenic,0,1,FALSE,0.716602339,0.764524019,0.740563179
FBP1_Met289Leu,A1P2,Benign,0,0,FALSE,0.515670562,0.510693916,0.513182239
PNPO_Arg95His,A1P3,Pathogenic,1,1,TRUE,0.964134616,0.97928518,0.971709898
DES_Thr453Ile,A1P1,Conflicting,0,1,FALSE,0.774434982,0.800916738,0.78767586
COMP_Asp511Glu,A1P1,Pathogenic,1,1,TRUE,0.857986987,0.848427267,0.853207127
ORC6_Tyr232Ser,A1P3,Pathogenic,0,0,FALSE,0.527117772,0.551824925,0.539471348
KRT6A_Ser176Pro,A1P2,not provided,1,1,TRUE,0.836968941,0.847687937,0.842328439
DCX_Thr203Arg,A1P1,Pathogenic,0,1,FALSE,0.734695679,0.822592185,0.778643932
NEUROG3_Phe199Ser,A1P3,Benign,0,0,FALSE,0.628905081,0.558857094,0.593881088
FBP1_Asn213Lys,A1P2,Pathogenic,0,0,FALSE,0.577191614,0.619693148,0.598442381
AIPL1_Arg302Leu,A1P1,Conflicting,0,1,FALSE,0.742475483,0.802841667,0.772658575
DES_Gly20Arg,A1P1,VUS,0,0,FALSE,0.634012631,0.605554913,0.619783772
PYGL_Asn632Ile,A1P3,not provided,1,1,TRUE,0.82233491,0.840594773,0.831464842
GSS_Arg283Cys,A1P2,Pathogenic,0,1,FALSE,0.707700694,0.827236459,0.767468576
UROD_Gly318Arg,A1P4,Conflicting,1,0,FALSE,0.838803437,0.698978147,0.768890792
EFHC1_Met448Thr,A1P1,Benign,1,1,TRUE,0.95455804,0.968658427,0.961608233
DES_Pro419Ser,A1P1,Pathogenic,0,1,FALSE,0.75651182,0.781188603,0.768850212
PKP2_Met365Val,A1P3,Conflicting,0,0,FALSE,0.546730915,0.641213654,0.593972284
FA2H_Phe144Ser,A1P1,,0,0,FALSE,0.593576617,0.671859073,0.632717845
EFHC1_Asp210Asn,A1P1,VUS,1,1,TRUE,0.923839454,0.93088536,0.927362407
RAD51D_Glu233Gly,A1P3,Benign,1,1,TRUE,0.944341679,0.96999375,0.957167714
ACSF3_Arg471Trp,A1P1,Conflicting,1,1,TRUE,0.966021191,0.982257489,0.97413934
SFTPC_Glu66Lys,A1P3,Pathogenic,0,0,FALSE,0.642875369,0.646625077,0.644750223
SFTPC_Ala116Asp,A1P3,Pathogenic,1,1,TRUE,0.833081154,0.883465923,0.858273539
GALE_Leu313Met,A1P2,Pathogenic,0,1,FALSE,0.693412011,0.774603287,0.734007649
DCX_Lys50Asn,A1P1,Pathogenic,0,1,FALSE,0.76803053,0.842076071,0.8050533
DES_Thr219Ile,A1P1,Conflicting,0,0,FALSE,0.599236802,0.613461327,0.606349064
DES_Ala357Pro,A1P1,Pathogenic,0,1,FALSE,0.802419863,0.819874356,0.811147109
AGXT_Leu298Pro,A1P1,Pathogenic,0,1,FALSE,0.810131153,0.891898757,0.851014955
TH_Glu27Asp,A1P4,Conflicting,0,0,FALSE,0.649911355,0.48712637,0.568518862
STAR_Arg188Cys,A1P4,Pathogenic,0,0,FALSE,0.582062883,0.594880376,0.58847163
DCX_Ala251Ser,A1P1,Pathogenic,0,1,FALSE,0.719082313,0.782997976,0.751040145
PSAP_Met76Lys,A1P3,Conflicting,0,0,FALSE,0.598312733,0.541631784,0.569972259
AGXT_Pro11Leu,A1P1,Benign,0,0,FALSE,0.551149028,0.627333425,0.589241227
ACSF3_Asp457Asn,A1P1,VUS,1,1,TRUE,0.965216314,0.982597837,0.973907076
TH_Ala226Thr,A1P4,VUS,0,0,FALSE,0.640017191,0.568426262,0.604221726
CDC73_Met1Ile,A1P1,,1,1,TRUE,0.98064377,0.970545795,0.975594783
FBP1_Phe194Ser,A1P2,Pathogenic,1,1,TRUE,0.941504784,0.944680326,0.943092555
IL2RG_Arg285Gln,A1P2,Pathogenic,0,0,FALSE,0.572618949,0.56805735,0.57033815
TH_Ile219Thr,A1P4,Pathogenic,0,0,FALSE,0.75143187,0.672534007,0.711982939
STAR_Arg182His,A1P4,Pathogenic,0,0,FALSE,0.559931783,0.592961545,0.576446664
HPRT1_Pro176Leu,A1P2,Pathogenic,0,0,FALSE,0.622116964,0.67896895,0.650542957
XPA_Cys108Phe,A1P4,Conflicting,1,1,TRUE,0.995824607,0.997456432,0.996640519
PKP2_Leu360Pro,A1P3,VUS,0,0,FALSE,0.566836896,0.651348475,0.609092685
POMT1_Trp560Cys,A1P3,VUS,1,1,TRUE,0.984165494,0.966809272,0.975487383
UBQLN2_Pro525Ser,A1P4,Conflicting,0,0,FALSE,0.530815695,0.527777764,0.529296729
HPRT1_Met143Lys,A1P2,Pathogenic,0,1,FALSE,0.61873459,0.742011648,0.680373119
DCX_Arg196Cys,A1P1,Pathogenic,0,1,FALSE,0.811721349,0.85357187,0.83264661
PGBD1_Gln248Glu,A1P3,,0,0,FALSE,0.577594459,0.590239364,0.583916912
GCM2_Gly63Ser,A1P2,Pathogenic,0,0,FALSE,0.640133838,0.607604422,0.62386913
DES_Arg127Pro,A1P1,Conflicting,1,1,TRUE,0.882202448,0.896981426,0.889591937
KRT86_Asn114Asp,A1P2,Pathogenic,0,1,FALSE,0.716013509,0.743894116,0.729953812
GLYCTK_Thr394Ile,A1P2,Benign,0,0,FALSE,0.511862297,0.561810488,0.536836393
TAT_Leu273Pro,A1P4,,1,1,TRUE,0.992134987,0.993407763,0.992771375
DES_Val56Leu,A1P1,VUS,0,0,FALSE,0.618944958,0.711518096,0.665231527
DES_Ala213Val,A1P1,Conflicting,0,0,FALSE,0.630251221,0.633508883,0.631880052
DES_Ala337Pro,A1P1,Pathogenic,1,1,TRUE,0.905007494,0.958647837,0.931827665
PYGL_Leu739Met,A1P3,VUS,0,0,FALSE,0.544021437,0.665601322,0.604811379
PKP2_Glu380Lys,A1P3,VUS,0,0,FALSE,0.590804072,0.604056957,0.597430515
TH_Thr7Pro,A1P4,VUS,0,0,FALSE,0.561909246,0.55685491,0.559382078
SH3BP2_Arg415Gln,A1P4,Pathogenic,0,0,FALSE,0.478502587,0.651743637,0.565123112
DCX_Met1Thr,A1P1,,0,0,FALSE,0.636740425,0.646993595,0.64186701
SUCLA2_Pro230Ser,A1P4,Benign,0,0,FALSE,0.584351853,0.638501714,0.611426784
GATA2_Pro41Ala,A1P2,Conflicting,0,0,FALSE,0.51531944,0.516827119,0.51607328
PGBD1_His806Asp,A1P3,,0,0,FALSE,0.657665646,0.663603347,0.660634496
BCL10_Leu8Leu,A1P1,,0,0,FALSE,0.547172202,0.524111613,0.535641907
TH_Gln381Lys,A1P4,Pathogenic,0,0,FALSE,0.759243681,0.62693833,0.693091006
MVK_His20Pro,A1P3,Pathogenic,0,0,FALSE,0.582950841,0.613685711,0.598318276
EFHC1_Asp253Tyr,A1P1,other,1,1,TRUE,0.904080122,0.945027694,0.924553908
GRN_Thr182Met,A1P2,Benign,0,0,FALSE,0.51591232,0.470950874,0.493431597
PYGL_Tyr821His,A1P3,not provided,0,1,FALSE,0.658971076,0.727839693,0.693405385
PRKAR1A_Arg74His,A1P3,Conflicting,0,0,FALSE,0.53116053,0.550737345,0.540948937
PYGL_Asn339Ser,A1P3,Pathogenic,0,0,FALSE,0.548784797,0.553944984,0.551364891
DES_Arg227Cys,A1P1,VUS,0,1,FALSE,0.710980835,0.723392824,0.71718683
AGXT_Ser221Pro,A1P1,Pathogenic,0,1,FALSE,0.808834633,0.862282242,0.835558438
PYGL_Val456Met,A1P3,Pathogenic,0,0,FALSE,0.549569765,0.526386892,0.537978329
NMNAT1_Arg207Trp,A1P3,Pathogenic,0,0,FALSE,0.53047476,0.60291865,0.566696705
GALE_Lys257Arg,A1P2,Conflicting,0,0,FALSE,0.69479629,0.613924506,0.654360398
GRN_Ala324Thr,A1P2,Conflicting,0,0,FALSE,0.623944824,0.497882048,0.560913436
HBD_Gly26Asp,A1P2,other,1,1,TRUE,0.936897321,0.980642579,0.95876995
PYGL_Ser675Thr,A1P3,not provided,0,0,FALSE,0.526904413,0.484307372,0.505605892
DES_Leu274Pro,A1P1,not provided,1,1,TRUE,0.845780215,0.85975874,0.852769478
TAT_Pro220Ser,A1P4,,1,1,TRUE,0.882595384,0.900671039,0.891633212
COMP_Asp408His,A1P1,VUS,1,1,TRUE,0.847923756,0.779068266,0.813496011
KRT8_Gly434Ser,A1P2,Benign,0,1,FALSE,0.739664454,0.792220879,0.765942666
PNPO_Arg116Gln,A1P3,Benign,1,1,TRUE,0.954312678,0.968960325,0.961636501
LRRC6_Ala74Pro,A1P2,,1,1,TRUE,0.837945869,0.807926252,0.822936061
KRT6A_Arg164Pro,A1P2,not provided,0,1,FALSE,0.796472321,0.815359786,0.805916053
KRT6A_Ile462Asn,A1P2,Pathogenic,0,1,FALSE,0.794427318,0.822719078,0.808573198
RAB33B_Lys46Gln,A1P3,Pathogenic,1,1,TRUE,0.972036217,0.971105393,0.971570805
KRT6A_Thr552Ser,A1P2,Benign,0,0,FALSE,0.572457634,0.577700142,0.575078888
DES_Arg278Pro,A1P1,VUS,1,1,TRUE,0.841132844,0.828515832,0.834824338
TH_Ile209Met,A1P4,Benign,0,0,FALSE,0.647767572,0.510446757,0.579107165
STAR_Arg182Leu,A1P4,Pathogenic,0,0,FALSE,0.553584154,0.618789,0.586186577
SH3BP2_Pro418His,A1P4,Pathogenic,0,0,FALSE,0.604770742,0.693557357,0.649164049
HPRT1_Asp201Gly,A1P2,Pathogenic,1,1,TRUE,0.880052297,0.913923495,0.896987896
PMP22_His51Arg,A1P3,Conflicting,0,0,FALSE,0.514431287,0.531077281,0.522754284
EIF2B4_Ala228Val,A1P1,Pathogenic,1,1,TRUE,0.990658403,0.971065831,0.980862117
AGXT_Ala186Val,A1P1,Benign,0,0,FALSE,0.601818595,0.6306673,0.616242947
SMAD3_Ile87Thr,A2P1,VUS,1,0,FALSE,0.850713812,0.552377366,0.701545589
MVK_Cys101Tyr,A1P3,VUS,0,0,FALSE,0.535986257,0.599421954,0.567704105
CRADD_Gly128Arg,A1P1,Conflicting,1,1,TRUE,0.860973584,0.900864029,0.880918807
GMPPB_Pro22Ser,A1P2,Pathogenic,0,1,FALSE,0.612231501,0.741258749,0.676745125
DES_Glu413Lys,A1P1,Pathogenic,1,1,TRUE,0.880471906,0.881339269,0.880905587
KCTD7_Arg94Trp,A1P2,Conflicting,1,1,TRUE,0.940082161,0.968916627,0.954499394
DCX_Ser129Leu,A1P1,Pathogenic,1,1,TRUE,0.978637398,0.994161663,0.98639953
COMP_Thr529Ile,A1P1,VUS,0,0,FALSE,0.55686096,0.515358093,0.536109527
KRT2_Asn186Tyr,A1P2,Pathogenic,0,0,FALSE,0.610845647,0.682621119,0.646733383
UBQLN2_Pro497Ser,A1P4,Pathogenic,0,0,FALSE,0.715358976,0.660540784,0.68794988
SFTPC_Val48Met,A1P3,Benign,0,0,FALSE,0.581882769,0.563681529,0.572782149
GCM2_Gly203Ser,A1P2,Benign,0,0,FALSE,0.563453097,0.5966615,0.580057299
TH_Arg306His,A1P4,Conflicting,0,0,FALSE,0.779269329,0.690953468,0.735111398
PGBD1_Ile678Val,A1P3,,0,0,FALSE,0.587553029,0.552925205,0.570239117
MVK_Arg388Gln,A1P3,VUS,0,0,FALSE,0.563894205,0.616566398,0.590230302
TH_Cys328Phe,A1P4,Pathogenic,0,0,FALSE,0.771445058,0.614608925,0.693026992
NEXN_Arg171Cys,A1P3,,0,0,FALSE,0.575990567,0.586735009,0.581362788
KLHL3_Met78Val,A1P2,Pathogenic,0,0,FALSE,0.691689129,0.676669627,0.684179378
KCTD7_Asp115Tyr,A1P2,Pathogenic,0,1,FALSE,0.814853958,0.851129663,0.832991811
KRT2_Thr479Pro,A1P2,Pathogenic,0,1,FALSE,0.746228545,0.800232249,0.773230397
SMN2_Gly287Arg,A1P4,Conflicting,1,1,TRUE,0.990987831,0.950747201,0.970867516
PYGL_Pro382Leu,A1P3,Conflicting,0,1,FALSE,0.76591954,0.799544141,0.78273184
CHN1_Ile126Met,A1P1,Pathogenic,0,0,FALSE,0.632119979,0.630472462,0.63129622
EFHC1_Ile174Val,A1P1,other,1,1,TRUE,0.889721149,0.895086273,0.892403711
MVK_Val293Met,A1P3,VUS,0,0,FALSE,0.572050496,0.630089619,0.601070058
COMP_Cys348Arg,A1P1,Pathogenic,1,1,TRUE,0.851051029,0.892145571,0.8715983
TH_Pro454His,A1P4,VUS,0,0,FALSE,0.675630214,0.582745832,0.629188023
UBQLN2_Pro509Ser,A1P4,VUS,0,0,FALSE,0.512791294,0.50702487,0.509908082
EFHC1_Cys259Tyr,A1P1,other,1,1,TRUE,0.895355906,0.942979503,0.919167705
RP2_Arg282Trp,A1P3,Benign,0,0,FALSE,0.606750844,0.542113922,0.574432383
DES_Arg212Gln,A1P1,Conflicting,0,0,FALSE,0.644069955,0.714284336,0.679177145
MVK_Val278Met,A1P3,VUS,0,0,FALSE,0.620803905,0.605183845,0.612993875
COMP_Asp319Val,A1P1,VUS,1,1,TRUE,0.963925862,0.926973076,0.945449469
PLA2G6_Val310Glu,A1P3,VUS,1,1,TRUE,1,0.996161432,0.998080716
PMP22_Leu80Pro,A1P3,VUS,1,1,TRUE,0.98705612,0.99607699,0.991566555
DES_Ser46Tyr,A1P1,Pathogenic,0,0,FALSE,0.532962447,0.663596717,0.598279582
HPRT1_Gly140Asp,A1P2,VUS,0,0,FALSE,0.508358612,0.585858679,0.547108646
FGD4_Arg194His,A1P2,,0,0,FALSE,0.560311512,0.49725632,0.528783916
TH_Arg89Arg,A1P4,,0,0,FALSE,0.48944834,0.536311316,0.512879828
SIX1_Val106Gly,A1P4,not provided,0,0,FALSE,0.516116779,0.47445644,0.495286609
KLHL3_Glu85Ala,A1P2,Pathogenic,0,0,FALSE,0.680300564,0.713165266,0.696732915
FXN_Gly130Val,A1P2,Conflicting,0,0,FALSE,0.755176037,0.7075036,0.731339819
MVK_Pro167Leu,A1P3,Pathogenic,0,0,FALSE,0.534917989,0.606040087,0.570479038
PYGL_Lys681Thr,A1P3,VUS,0,1,FALSE,0.789042317,0.892111111,0.840576714
KRT86_Ala118Glu,A1P2,Pathogenic,0,0,FALSE,0.685015687,0.66999121,0.677503448
CTRC_Arg246Cys,A1P1,Benign,0,1,FALSE,0.697602486,0.772831102,0.735216794
ACSF3_Ser431Tyr,A1P1,VUS,1,1,TRUE,0.934368574,0.970683543,0.952526058
GALE_Arg239Trp,A1P2,Pathogenic,0,1,FALSE,0.707919102,0.73017976,0.719049431
GRN_Cys105Arg,A1P2,not provided,0,1,FALSE,0.766569124,0.787237144,0.776903134
KCTD1_His33Gln,A1P2,,0,0,FALSE,0.770637224,0.686473933,0.728555578
DES_Tyr122Asp,A1P1,Pathogenic,1,1,TRUE,0.88642435,0.902496389,0.894460369
ACSF3_Arg558Trp,A1P1,Pathogenic,1,1,TRUE,0.963377304,0.979004416,0.97119086
THAP1_Lys24Glu,A1P4,Pathogenic,0,1,FALSE,0.701271501,0.726772569,0.714022035
UBQLN2_Pro506Thr,A1P4,Pathogenic,0,0,FALSE,0.562193433,0.570081503,0.566137468
MVK_Tyr116His,A1P3,Pathogenic,0,1,FALSE,0.640741445,0.741085095,0.69091327
PKP2_Met365Ile,A1P3,Conflicting,0,0,FALSE,0.582520631,0.672229066,0.627374849
POMT1_Ser515Arg,A1P3,Benign,0,0,FALSE,0.586555402,0.542449277,0.56450234
TTPA_Ala120Thr,A1P4,Conflicting,0,0,FALSE,0.538586991,0.671471613,0.605029302
LDHB_Arg172His,A1P2,other,0,0,FALSE,0.594470853,0.690424175,0.642447514
MVK_Ile268Val,A1P3,Conflicting,0,0,FALSE,0.631480099,0.623978305,0.627729202
AGXT_Arg197Gln,A1P1,Benign,0,0,FALSE,0.594297909,0.562483771,0.57839084
DCX_Arg78His,A1P1,Pathogenic,0,1,FALSE,0.755292402,0.801208955,0.778250679
IL2RG_Tyr89Cys,A1P2,VUS,1,1,TRUE,0.988236961,0.993846851,0.991041906
PMP22_Cys109Arg,A1P3,VUS,1,1,TRUE,0.99685638,0.998610538,0.997733459
GMPPB_Asp27His,A1P2,Pathogenic,1,1,TRUE,0.991599836,0.995624091,0.993611964
KRT6A_Asn171Asp,A1P2,Pathogenic,1,1,TRUE,0.84061537,0.841440842,0.841028106
SH3BP2_Gly420Glu,A1P4,VUS,1,1,TRUE,0.904934189,0.937093939,0.921014064
DES_Gly44Ser,A1P1,Conflicting,0,0,FALSE,0.696875029,0.675635971,0.6862555
ALAS2_Tyr549Phe,A1P1,,0,0,FALSE,0.734551127,0.545689018,0.640120073
PLA2G6_Arg600Gln,A1P3,Pathogenic,1,1,TRUE,0.980455345,0.995986932,0.988221138
PMP22_Leu16Pro,A1P3,Pathogenic,1,1,TRUE,0.957651348,0.977120556,0.967385952
AGXT_Lys12Arg,A1P1,Conflicting,0,0,FALSE,0.587479482,0.594073675,0.590776578
KCTD1_Ala30Glu,A1P2,,0,1,FALSE,0.509612735,0.914903162,0.712257949
HPRT1_His204Asp,A1P2,Pathogenic,1,1,TRUE,0.966019204,0.984330461,0.975174833
TTR_Gly26Ser,A1P4,Benign,0,0,FALSE,0.676566105,0.629101887,0.652833996
EIF2B4_Ala391Asp,A1P1,Pathogenic,0,0,FALSE,0.811052188,0.69863591,0.754844049
LIG4_Thr9Ile,A1P2,Benign,1,1,TRUE,0.910277177,0.892544301,0.901410739
SNIP1_Ala174Val,A1P4,Benign,0,0,FALSE,0.504986179,0.521265517,0.513125848
FADD_Cys105Trp,A1P1,Pathogenic,1,1,TRUE,0.9463904,0.95392272,0.95015656
DES_Ala135Val,A1P1,Conflicting,0,0,FALSE,0.625631884,0.6428057,0.634218792
STAR_Val187Met,A1P4,Pathogenic,0,1,FALSE,0.736500369,0.79544418,0.765972275
PDGFRB_Pro660Thr,A1P3,VUS,1,1,TRUE,0.828214923,0.846124422,0.837169673
ALAS2_Phe128Leu,A1P1,,0,0,FALSE,0.566027111,0.648305897,0.607166504
SFTPC_Leu194Pro,A1P3,,1,1,TRUE,0.90465731,0.93781348,0.921235395