allele_0,Altered_morph_batch7,Altered_morph_batch8,Altered_morph_both_batches,AUROC_batch7,AUROC_batch8,AUROC_Mean
RP2_Cys86Tyr,0,0,false,0.833066023468499,0.82713856111253,0.8301022922905146
NEUROG3_Arg93Leu,,0,false,,0.6251510221049035,
KRT8_Tyr54His,0,0,false,0.7557912745175714,0.6339253346666429,0.6948583045921072
FA2H_Arg143Cys,0,0,false,0.6859675380710033,0.6063518681965283,0.6461597031337658
TH_Glu27Asp,0,0,false,0.8414118521500027,0.8585019094945061,0.8499568808222544
SFTPC_Leu188Gln,0,0,false,0.9216690902429976,0.5705862710334467,0.7461276806382222
EFHC1_Phe229Leu,0,0,false,0.8446482501616384,0.6798408770789865,0.7622445636203125
DES_Ala357Pro,0,0,false,0.9264349430925103,0.6855188472060245,0.8059768951492674
COMP_Ala171Thr,0,0,false,0.9795440904684025,0.9646652286809756,0.9721046595746891
PMP22_His51Arg,0,0,false,0.6681908452056867,0.6420727053014391,0.6551317752535629
RP2_Leu253Arg,0,0,false,0.7815541009449408,0.8304782583867452,0.8060161796658429
PYGL_Thr586Met,,0,false,,0.5366154091578482,
TH_Thr7Pro,0,0,false,0.7248565324650362,0.4350117090286757,0.579934120746856
SFTPC_Ala116Asp,0,0,false,0.9315959344222087,0.6583054475031153,0.794950690962662
MVK_Ala148Thr,0,0,false,0.5373653749340489,0.6261239607276573,0.5817446678308531
ALAS2_Arg374Cys,0,0,false,0.7267027155249643,0.8876125529507172,0.8071576342378408
ACSF3_Met198Arg,0,,false,0.892180666463818,,
HPRT1_Asp80Val,0,0,false,0.7786042548440875,0.7756028489404179,0.7771035518922527
KCTD7_Asp115Tyr,0,0,false,0.7316383073211372,0.5622025034321242,0.6469204053766306
COMP_Asn523Lys,0,0,false,0.880723132199422,0.9938977580868523,0.9373104451431371
XPA_Cys108Phe,0,0,false,0.9477695249090068,0.8880473391122352,0.917908432010621
EFHC1_Met448Thr,0,0,false,0.6929002950639409,0.7592007203983236,0.7260505077311323
DES_Arg212Gln,0,0,false,0.9748057811290416,0.6985883123421713,0.8366970467356065
MVK_His20Pro,0,0,false,0.7785102603303944,0.8452301306421952,0.8118701954862948
GCK_Arg377His,0,,false,0.583177927081298,,
COMP_Asp605Asn,0,0,false,0.8933516319658092,0.8514783358211685,0.8724149838934889
DCX_Tyr125His,0,0,false,0.9104429648866541,0.5436731227418172,0.7270580438142357
GLYCTK_Phe493Cys,0,0,false,0.4164647758768844,0.5700829171831882,0.49327384653003625
DES_Thr445Ala,0,0,false,0.9774433162853972,0.4652419734131767,0.7213426448492869
DES_Ser298Leu,0,0,false,0.9862477053518934,0.7685870959825625,0.877417400667228
KRT6A_Ile462Asn,0,0,false,0.7404991347589739,0.6924317526985854,0.7164654437287796
KRT8_Gly434Ser,0,0,false,0.723657609475197,0.7379897194035392,0.7308236644393681
AGXT_Val162Met,0,,false,0.9060827021410756,,
KRT86_Asn114Asp,0,0,false,0.4938747718379023,0.6183523889962081,0.5561135804170552
ALAS2_Tyr549Phe,0,0,false,0.7980392415708645,0.718301676182111,0.7581704588764877
AGXT_Leu298Pro,0,0,false,0.7692731771726251,0.7853284832139475,0.7773008301932863
PKP2_Gly5Asp,0,,false,0.6945701177629184,,
KRT5_Gly476Asp,0,,false,0.8950530219509886,,
KCTD1_His74Pro,0,0,false,0.9509986675902076,0.6056965075106552,0.7783475875504313
PDGFRB_Leu658Pro,0,0,false,0.7618592901607253,0.5975113719477899,0.6796853310542577
TH_Ile219Thr,0,0,false,0.5240690804844802,0.8258685098793189,0.6749687951818996
ALAS2_Ala135Thr,0,0,false,0.5915419798026783,0.794015029522276,0.6927785046624771
KRT8_Gly53Val,0,0,false,0.7033773316547453,0.6270791855610466,0.6652282586078959
POMT1_Thr392Met,0,0,false,0.5383836495312554,0.3600095718478862,0.4491966106895708
TH_Gln381Lys,0,0,false,0.8813215202797825,0.8552932153068343,0.8683073677933084
DES_Ala337Pro,0,0,false,0.8501847473246041,0.7364398268709336,0.7933122870977689
PLA2G6_Glu567Lys,0,0,false,0.8527056871230914,0.5873254455681992,0.7200155663456453
SH3BP2_Gly420Glu,0,0,false,0.8560289232293028,0.7698645519369484,0.8129467375831256
AGXT_Gly116Arg,0,0,false,0.6531760476576505,0.47734240230511715,0.5652592249813838
KRT86_Asn114His,0,0,false,0.7221787429076267,0.4209948874379814,0.5715868151728041
GALE_Leu313Met,0,0,false,0.9851512729788398,0.7382502257797955,0.8617007493793176
KRT2_Thr479Pro,0,0,false,0.4500927598616984,0.5633648779380778,0.5067288188998881
PKP2_Val136Met,0,,false,0.8101453576147166,,
KRT5_Lys404Glu,0,,false,0.8684207735709526,,
TTPA_Asp64Gly,0,0,false,0.4267415823932285,0.5357009723862197,0.4812212773897241
HBD_Glu44Gly,0,0,false,0.534866723951908,0.6639916599369248,0.5994291919444164
HPRT1_Phe74Leu,0,0,false,0.8558990931407464,0.8062245764780696,0.831061834809408
COMP_Thr585Met,0,0,false,0.9797306805862878,0.9656153844699977,0.9726730325281427
DES_Val126Leu,0,0,false,0.8255292820044695,0.38199267243277635,0.603760977218623
PYGL_Asp634His,0,0,false,0.8944720742099465,0.8720761183261184,0.8832740962680324
DES_Ala135Val,0,0,false,0.9617951898269913,0.5155438770636441,0.7386695334453177
COMP_Thr585Lys,0,0,false,0.8470173508830197,0.9054045277165202,0.8762109392997699
AGXT_Arg381Lys,0,0,false,0.5220483788976563,0.5685004564627485,0.5452744176802025
HPRT1_Ile132Met,0,0,false,0.6344501736946464,0.7490725502354816,0.691761361965064
SDC3_Val136Ile,0,0,false,0.9374005363677592,0.8423428599232557,0.8898716981455075
CTRC_Arg246Cys,0,0,false,0.9679351205041533,0.6358425747257959,0.8018888476149746
DES_His441Leu,0,0,false,0.9536279722005769,0.5684908242716274,0.7610593982361022
KRT6A_Arg164Pro,0,0,false,0.6947299888105835,0.6496430597463858,0.6721865242784846
AGXT_Gly41Arg,0,0,false,0.496061495836696,0.5097000024539009,0.5028807491452985
ALAS2_Ser531Gly,0,0,false,0.852360679297445,0.7938057443608084,0.8230832118291267
PRKAR1A_Arg335Pro,,0,false,,0.5955774515684469,
TH_Ala226Thr,0,0,false,0.7477162969275768,0.8985947413465577,0.8231555191370672
TH_Arg89Arg,0,0,false,0.7338275916150179,0.7979904267843846,0.7659090091997012
KRT6A_Glu461Lys,0,0,false,0.75460563374161,0.6472987700723454,0.7009522019069777
PNPO_Arg95His,0,0,false,0.5588648490743652,0.46797493400075857,0.5134198915375618
GALE_Val94Met,0,,false,0.5414169417896857,,
GCK_Met251Thr,0,,false,0.5996781565875202,,
AMPD2_Glu697Asp,0,0,false,0.4971724501752448,0.42221919411240555,0.4596958221438252
HPRT1_Asp194Glu,0,0,false,0.6442082601468422,0.5421667866762545,0.5931875234115483
CREB1_Asp116Gly,0,0,false,0.7652969813478246,0.6182698172020061,0.6917833992749154
GATA2_Pro41Ala,0,0,false,0.7192747098542531,0.43519171458187433,0.5772332122180637
FXN_Trp173Gly,0,0,false,0.4780058070074216,0.8072856963091262,0.6426457516582739
PKP2_Leu360Pro,0,0,false,0.818391813889421,0.8607819264069264,0.8395868701481737
KRT2_Glu488Lys,0,0,false,0.4790394668407025,0.5486378318542076,0.513838649347455
AGXT_Ala210Pro,0,0,false,0.39770293024926306,0.7211965686541943,0.5594497494517288
GYG1_Arg33Lys,0,0,false,0.4197482870099968,0.6227586763040294,0.5212534816570131
GMPPB_Pro22Ser,0,0,false,0.9743438129948162,0.867079334847264,0.9207115739210401
TH_Leu205Pro,0,0,false,0.7264675251759529,0.6820278270397997,0.7042476761078763
PMP22_Arg157Gly,0,0,false,0.533104372429401,0.5824739649606459,0.5577891686950234
MVK_Pro165Leu,0,0,false,0.8913605578881474,0.7047796949373742,0.7980701264127608
BCL10_Leu8Leu,0,0,false,0.7420100406782523,0.4399798920339301,0.5909949663560912
EIF2B4_Arg306Gly,0,0,false,0.4617466836555235,0.5517517838011325,0.506749233728328
SIX1_Val106Gly,0,0,false,0.5157765486712855,0.5626932283909029,0.5392348885310942
GCM2_Gly63Ser,0,0,false,0.7298395898504471,0.40503978931723433,0.5674396895838407
GRN_Cys105Arg,0,0,false,0.8189419960638626,0.5425877558936532,0.6807648759787579
DES_Val394Met,,0,false,,0.7015955080848025,
DCX_Lys174Glu,0,0,false,0.9629113936945672,0.7595700672503884,0.8612407304724778
KRT6A_Leu468Gln,0,0,false,0.7275572155100046,0.9381410361848547,0.8328491258474296
DES_Thr453Ile,0,0,false,0.9717247540162764,0.5610591517713057,0.766391952893791
TUFM_Arg339Gln,0,0,false,0.5792540331759307,0.5304800705988119,0.5548670518873713
PYGL_Val456Met,0,0,false,0.8881495287191534,0.4525502791798343,0.6703499039494939
MVK_Pro167Leu,0,0,false,0.7412037066582394,0.8314136914114062,0.7863086990348228
HPRT1_Gly140Asp,0,0,false,0.5756712350886866,0.5292384673942999,0.5524548512414933
SFTPC_Val39Leu,0,0,false,0.8022871606231601,0.49519073916982664,0.6487389498964934
KRT4_Glu449Lys,0,0,false,0.7179276188331427,0.51568616154911,0.6168068901911263
DES_Leu136Pro,0,0,false,0.950941844562381,0.3922108833807459,0.6715763639715634
KRT6A_Ile178Asn,0,0,false,0.6722583410974408,0.6644912510979699,0.6683747960977053
TH_Arg306His,0,0,false,0.5404873940489505,0.6970456715194739,0.6187665327842122
TAT_Pro220Ser,0,0,false,0.6800797384129005,0.5828580411642947,0.6314688897885976
KRT2_Glu476Val,0,,false,0.5048367342159801,,
PKP2_Gly68Ser,0,0,false,0.9245984314536255,0.9432907370407371,0.9339445842471813
COMP_Asp319Val,0,0,false,0.8197445023525873,0.8325999716385835,0.8261722369955854
PKP2_Met365Val,0,0,false,0.9491324486375587,0.8636810279667423,0.9064067383021506
PYGL_Thr59Met,0,0,false,0.5523667235840648,0.6338538948131971,0.593110309198631
POMT1_Trp560Cys,0,0,false,0.6431050223322674,0.6058301306081249,0.6244675764701961
HPRT1_Asp177Tyr,0,0,false,0.7605203176515158,0.5228941181285,0.6417072178900078
THAP1_His23Pro,0,0,false,0.6444542368148857,0.6573488951125136,0.6509015659636996
KCTD1_Gly62Asp,0,0,false,0.8774095574893153,0.5419538308220102,0.7096816941556627
TAT_Arg119Trp,0,0,false,0.5319219673572878,0.5863963276352816,0.5591591474962847
KLHL3_Met78Val,0,0,false,0.8680162064176826,0.6802686072514881,0.7741424068345854
PKP2_Asp26Asn,0,,false,0.8024682512568416,,
AGXT_Arg197Gln,0,0,false,0.7210368545632666,0.7324659259332088,0.7267513902482376
COMP_His441Arg,0,1,false,0.8922324336258762,1.0,0.9461162168129381
MVK_Val80Ile,0,0,false,0.6555340677932358,0.7083936890592791,0.6819638784262574
HBD_Arg105Ser,0,0,false,0.9710527800644018,0.5354909313266519,0.7532718556955269
KRT6A_Val523Phe,0,0,false,0.9149487350784018,0.8857737768343644,0.9003612559563832
TH_Gln39Glu,0,0,false,0.8467626147805339,0.7350139031857248,0.7908882589831294
HPRT1_Ser104Arg,0,0,false,0.37447612989784895,0.5919258711504694,0.48320100052415915
RP2_Arg118Leu,0,0,false,0.8786830823591919,0.853379061189699,0.8660310717744455
COMP_Gly207Asp,0,0,false,0.9134072041035978,0.8634638169457524,0.8884355105246751
PYGL_Lys681Thr,0,0,false,0.8446273830088981,0.5766448036801428,0.7106360933445204
DCX_Met1Thr,0,0,false,0.8939493721714479,0.7620139032530638,0.8279816377122559
COMP_Thr529Ile,0,0,false,0.9228437680733848,0.8260875444344421,0.8744656562539135
SH3BP2_Arg415Gln,0,0,false,0.6978874856128366,0.580221967958714,0.6390547267857754
GALE_Asp103Gly,0,0,false,0.6261538628526611,0.5096843497188132,0.5679191062857372
HBD_Asn13Lys,0,0,false,0.98767685895488,0.7410699711564958,0.8643734150556879
ACSF3_Pro285Leu,0,,false,0.8760882317844702,,
COMP_Arg718Pro,0,0,false,0.662155762671466,0.8136210662423251,0.7378884144568956
KRT6A_Glu472Lys,0,0,false,0.5607704908023907,0.6861123117196011,0.6234414012609959
PDGFRB_Pro660Thr,0,0,false,0.8447903919822939,0.6325544233991516,0.7386724076907227
EFHC1_Asp253Tyr,0,0,false,0.8391203357354053,0.8141591506099731,0.8266397431726893
DES_Tyr122Asp,0,0,false,0.7115992508942612,0.6082741281169024,0.6599366895055818
PMP22_Asp37Val,0,0,false,0.8486432514435284,0.7074557977515274,0.7780495245975279
KRT6A_Asn171Asp,0,0,false,0.7737234223458216,0.7684741012395471,0.7710987617926843
NEUROG3_Gly167Arg,0,0,false,0.6547985464292561,0.4902451211709484,0.5725218338001022
CLCNKA_Trp80Cys,0,0,false,0.9203705713317044,0.7534061624649859,0.8368883668983451
DES_Arg227Cys,0,0,false,0.9865024935503196,0.7820708966936651,0.8842866951219923
AGXT_Ser218Leu,0,0,false,0.8151716818141085,0.720593859174245,0.7678827704941767
AGXT_Met49Leu,0,0,false,0.8047472913316738,0.5481749710954917,0.6764611312135828
KRT86_Ala118Glu,0,0,false,0.7266819131941323,0.7285537016509023,0.7276178074225172
PKP2_Gln59Leu,0,,false,0.8309190864660274,,
DES_Thr219Ile,0,0,false,0.5477234979657675,0.41761950854755076,0.4826715032566591
GALE_Lys257Arg,0,0,false,0.5365873253547064,0.6826521874263565,0.6096197563905315
HPRT1_Gly71Arg,0,0,false,0.7022057416678267,0.7141195782747044,0.7081626599712656
COMP_His587Arg,0,0,false,0.8592510676481205,0.8304795256842455,0.844865296666183
FBP1_Gly164Ser,,0,false,,0.7380114822959786,
PKP2_Ile487Ser,0,,false,0.8350059121818951,,
UBQLN2_Pro509Ser,0,0,false,0.45861692177911073,0.5970803627800375,0.5278486422795741
IRAK4_Ala428Thr,0,0,false,0.5114417312247462,0.6423020874438006,0.5768719093342733
NEXN_Tyr544Cys,0,0,false,0.6468080013898829,0.5319941913837434,0.5894010963868132
GCK_Arg303Trp,0,,false,0.709355280758277,,
IL2RG_Trp237Arg,0,0,false,0.6393097051633321,0.5589191301628641,0.599114417663098
SH3BP2_Pro418His,0,0,false,0.8494458787029965,0.4266258096422867,0.6380358441726416
ACSF3_Arg471Trp,0,0,false,0.8954378030505612,0.8579518098108462,0.8766948064307036
CSNK1D_His46Arg,0,,false,0.7792202917202918,,
TEAD2_Pro213Ser,0,0,false,0.8026173566902965,0.4877467231659259,0.6451820399281112
PLA2G6_Arg600Gln,0,0,false,0.7633341252485197,0.6457349437073517,0.7045345344779357
EIF2B4_Ala391Asp,0,0,false,0.7804126648325215,0.7261562893187212,0.7532844770756213
ALAS2_Phe128Leu,0,0,false,0.8316181437507209,0.7660843769627079,0.7988512603567144
MVK_Asn205Asp,0,0,false,0.8617226687812158,0.7453518122546431,0.8035372405179295
DCX_Ile214Thr,0,0,false,0.9209227152217799,0.8130546797926615,0.8669886975072207
UBQLN2_Pro497Ser,0,0,false,0.7328966606010668,0.7171094888791523,0.7250030747401095
DES_Pro433Thr,0,0,false,0.9779927840694242,0.5580487432572464,0.7680207636633354
FA2H_Arg62Cys,0,0,false,0.5367069670280757,0.5485336239951255,0.5426202955116006
IER3IP1_Leu78Pro,0,0,false,0.9458284945149068,0.7272388586965628,0.8365336766057347
GRN_Thr182Met,0,0,false,0.8090857739810796,0.6789681204380245,0.744026947209552
DES_Gly20Arg,0,0,false,0.5072199746136172,0.6444292311420351,0.5758246028778262
KCTD7_Asn273Ile,0,0,false,0.5637127958885348,0.5168373870995264,0.5402750914940306
TUFM_Gly149Ser,0,0,false,0.8632016485437511,0.5742007623826841,0.7187012054632176
COMP_Cys348Arg,0,0,false,0.9075365604090181,0.8362486439241352,0.8718926021665767
KLHL3_Cys164Phe,0,0,false,0.9832025308675028,0.7335321835653514,0.8583673572164271
DES_Arg222His,0,0,false,0.8957621024824004,0.4691992143616408,0.6824806584220207
DES_Ala397Thr,0,0,false,0.9291237264650496,0.7115395112300347,0.8203316188475421
HPRT1_Asp194Asn,0,0,false,0.7620547825386095,0.822355467716952,0.7922051251277807
AGXT_Gly161Ser,0,0,false,0.49326538069983816,0.7409013325540705,0.6170833566269543
MVK_Val377Ile,0,0,false,0.746376657285802,0.568579600024397,0.6574781286550995
LDHB_Arg158Cys,0,0,false,0.7696250181422548,0.8078977663765673,0.788761392259411
AIPL1_Met79Thr,0,0,false,0.8054184023960702,0.7846800766208661,0.7950492395084682
KRT8_Ile63Val,0,0,false,0.6996324155828688,0.7379816030477601,0.7188070093153145
FBP1_Gly260Arg,,0,false,,0.5512772987847809,
DES_Tyr331Asn,0,0,false,0.6629992106316349,0.5574687121695278,0.6102339614005814
FBP1_Arg218Lys,0,0,false,0.9350234905976267,0.584258887579468,0.7596411890885473
PKP2_Ala372Pro,0,0,false,0.8538899487715549,0.9352525946275946,0.8945712716995747
NMNAT1_Asn273Asp,0,0,false,0.6101466369269735,0.7271599498440976,0.6686532933855356
AIPL1_Thr114Ile,0,0,false,0.5965174717612383,0.4868438148798755,0.5416806433205569
AGXT_Met195Leu,0,0,false,0.6183283571630673,0.8775131476499088,0.7479207524064881
GSS_Pro314Leu,0,0,false,0.8127485022637131,0.595929559660036,0.7043390309618746
ALAS2_Asp153Val,0,,false,0.5481993724641341,,
NCF2_Ala140Asp,0,0,false,0.40825750002737327,0.541147275239542,0.4747023876334576
AGXT_Ala248Val,0,0,false,0.6964669187400576,0.6357125879312847,0.6660897533356711
DES_Arg350Pro,0,0,false,0.7202611459653128,0.3464112218632325,0.5333361839142726
HPRT1_Gly58Arg,0,0,false,0.9154037982989645,0.7621412104844874,0.8387725043917259
POMT1_Ser515Arg,0,0,false,0.6241424441811936,0.5217324718841875,0.5729374580326905
HBD_Val99Met,0,,false,0.9857916697457454,,
ALAS2_Lys262Gln,0,,false,0.8029148523040417,,
DCX_Ala251Ser,0,0,false,0.8441490994474276,0.7051061630584723,0.7746276312529499
AGXT_Pro10Ala,0,0,false,0.7838401087568566,0.6149687294045194,0.6994044190806881
PNPO_Arg116Gln,0,0,false,0.6487487717329894,0.3408518316002727,0.494800301666631
PKP2_Ala749Asp,0,,false,0.76156180693706,,
DES_Ser46Tyr,0,0,false,0.9446812001161173,0.47802628244763457,0.711353741281876
TTR_Gly26Ser,0,0,false,0.9927251233228667,0.6950166882192762,0.8438709057710714
DCX_Thr203Arg,0,0,false,0.9739982148963695,0.6651154356565953,0.8195568252764824
ACSF3_Met266Val,0,0,false,0.9348207284694888,0.9035294001266223,0.9191750642980556
GSS_Arg283Cys,0,0,false,0.542667092660273,0.6531931384806607,0.5979301155704668
HBD_Arg117His,0,0,false,0.5137717832866365,0.4976885748907739,0.5057301790887052
AGXT_Ala186Val,0,0,false,0.8451696380376469,0.9002536952291055,0.8727116666333762
LRRC6_Asp146His,0,0,false,0.8848916513398699,0.617958994846491,0.7514253230931804
HBD_Asn58Lys,0,0,false,0.7600853082541441,0.6769680448207726,0.7185266765374583
NCF2_Asp93Glu,0,0,false,0.749382866408276,0.6143944930520656,0.6818886797301709
SNIP1_Ala174Val,0,0,false,0.4914685735319155,0.5437865116314906,0.5176275425817031
MYOZ2_Ile246Met,0,0,false,0.4678528345122009,0.5045246216157846,0.4861887280639927
IL2RG_Arg285Gln,0,0,false,0.45869761448007274,0.7131275133173725,0.5859125638987226
PKP2_Arg413Gln,0,0,false,0.9133025048447049,0.8422111742424242,0.8777568395435645
ACSF3_Arg10Trp,0,,false,0.810342777661889,,
MVK_Pro288Leu,0,,false,0.8638244260322027,,
GYG1_Ala16Thr,0,0,false,0.8600223188863162,0.525833317931384,0.6929278184088501
CHN1_Tyr143His,0,0,false,0.6529300239979193,0.8181309951508648,0.735530509574392
SNIP1_Arg116Gln,0,0,false,0.8914545656354795,0.720349079108033,0.8059018223717562
AGXT_Val326Ile,0,,false,0.8203107750646544,,
AGXT_Asp201Asn,0,0,false,0.5628389018006789,0.6841586058185248,0.6234987538096018
ACSF3_Arg558Trp,0,0,false,0.933361695475327,0.9016316727670111,0.917496684121169
DES_Ala213Val,0,0,false,0.9365335935843723,0.39684944640481146,0.6666915199945919
DES_Asp343Asn,0,0,false,0.9333729580648049,0.4081352761756103,0.6707541171202076
PLA2G6_Arg538Cys,0,0,false,0.7153977993746409,0.5067230339780632,0.611060416676352
AGXT_Arg118Cys,0,0,false,0.5704403681448157,0.534769076551107,0.5526047223479613
EMD_Pro183Thr,0,,false,0.8139572620080564,,
ACSF3_Ile200Met,0,,false,0.8388493115408459,,
GCK_Gly175Arg,0,,false,0.7088365266399939,,
CRYAB_Gly154Ser,0,0,false,0.7164231633330578,0.506124188033448,0.6112736756832529
GCK_Ala456Val,0,,false,0.9226249180719427,,
GSS_Arg125Cys,0,0,false,0.9935427945334554,0.759593847955172,0.8765683212443137
TH_Asp267His,0,0,false,0.7524386995727573,0.9086668317555555,0.8305527656641565
FBP1_Met289Leu,0,0,false,0.9189031137030188,0.7793249458003852,0.849114029751702
FA2H_Phe144Ser,0,0,false,0.9171970653890678,0.8205621914942304,0.8688796284416491
FTH1_Lys54Arg,0,0,false,0.9795636589881798,0.5680213127491869,0.7737924858686833
DES_Glu413Lys,0,0,false,0.9136368918072424,0.7984901267037475,0.8560635092554949
ACSF3_Gly225Arg,0,,false,0.8577696157240001,,
AGXT_Arg111Gln,0,0,false,0.749848103394257,0.6181580961209266,0.6840030997575919
POMT1_Ala647Thr,0,0,false,0.7194369538746678,0.7347322611914157,0.7270846075330417
PLA2G6_Val310Glu,0,0,false,0.6770001986876946,0.4019161092530657,0.5394581539703801
DES_Gln131Lys,0,0,false,0.9478875847871078,0.5763933668336634,0.7621404758103856
COMP_Asp408His,0,0,false,0.8666849981446267,0.8311155341372972,0.8489002661409619
FGD4_Arg194His,0,0,false,0.4692592754619539,0.6525887515738922,0.560924013517923
HPRT1_Ala161Ser,0,0,false,0.672135445510514,0.5289141840967223,0.6005248148036182
LRRC6_Ala74Pro,0,0,false,0.9362143741608235,0.5824552612141854,0.7593348176875045
GRN_Ser120Tyr,0,0,false,0.8689819488202326,0.6009531321609555,0.734967540490594
SFTPC_His59Arg,0,0,false,0.9688388621883126,0.9146647363158577,0.9417517992520852
MVK_Arg106His,0,0,false,0.704413514523504,0.7420273131803187,0.7232204138519114
AGXT_Ala280Val,0,0,false,0.8500712828938799,0.641007912097347,0.7455395974956134
DES_Arg127Pro,0,0,false,0.9649194765398856,0.6801016984770714,0.8225105875084785
NCF2_Gly44Arg,0,0,false,0.4967539394628204,0.4530551092605044,0.4749045243616624
KLHL3_Glu85Ala,0,0,false,0.8982314274336657,0.7839802481510759,0.8411058377923708
NFU1_Gly208Cys,0,0,false,0.5718635542807551,0.3194914591996521,0.44567750674020357
DES_Ser424Phe,0,0,false,0.9586665537484975,0.6528409570616676,0.8057537554050825
FXN_Gly130Val,0,0,false,0.3922488310599365,0.5162960719760357,0.4542724515179861
CRADD_Gly128Arg,0,0,false,0.5650219404593222,0.3698156909005854,0.4674188156799538
DES_Arg16Cys,0,0,false,0.5740407304493905,0.3329477132220334,0.453494221835712
PKP2_Leu394His,0,0,false,0.8850369621300582,0.8239583333333332,0.8544976477316957
PYGL_Ser675Thr,0,0,false,0.6016430794619012,0.6431301117703885,0.6223865956161448
TH_Val468Met,0,0,false,0.8444047929404259,0.7426692503886656,0.7935370216645458
HPRT1_His204Asp,0,0,false,0.9830972785666541,0.6076973117226879,0.7953972951446711
DES_Arg37Trp,0,0,false,0.9892621446357599,0.7090097814797205,0.8491359630577402
PYGL_Tyr821His,0,0,false,0.9177822610826344,0.4992791684122329,0.7085307147474337
HPRT1_Pro176Leu,0,0,false,0.5749837849545778,0.8378085489048195,0.7063961669296986
DES_Asp312Ala,0,0,false,0.8923469867317328,0.41788346426628076,0.6551152254990068
AGXT_Ala248Ser,0,,false,0.8077462324793507,,
ACACB_Val958Met,0,,false,0.6307435888875355,,
ZMYND10_Arg340Gln,0,,false,0.5429906424740014,,
NCF2_Asp108Val,0,0,false,0.5416744963803843,0.5640718610623509,0.5528731787213677
DES_Leu274Pro,0,0,false,0.9189238069733637,0.7278059495314226,0.8233648782523932
EMD_Asp72Val,0,,false,0.5709562793089924,,
MAP2K2_Thr17Ala,0,0,false,0.5897069062189019,0.5421427952023087,0.5659248507106053
TTPA_Arg192His,0,0,false,0.5177812174479481,0.594521797201187,0.5561515073245675
SMN2_Gly287Arg,0,0,false,0.5552237935076307,0.5962287681715664,0.5757262808395986
DCX_Arg196Cys,0,0,false,0.9027970313925188,0.7152586564649144,0.8090278439287166
DES_Gly44Ser,0,0,false,0.9455053272361219,0.5220250371919873,0.7337651822140546
NMNAT1_Leu153Val,0,0,false,0.6475822621005838,0.6254377190519526,0.6365099905762681
DIABLO_Ser126Leu,0,,false,0.7259262104612255,,
SFTPC_Glu66Lys,0,0,false,0.9674559950431662,0.739736538691545,0.8535962668673556
PMP22_Ala135Thr,0,0,false,0.6259728521247279,0.3438836965378547,0.48492827433129126
MIP_Val67Ile,0,0,false,0.7140416150633744,0.4548488069471242,0.5844452110052493
TH_Arg133His,0,0,false,0.7168690417271124,0.7351937519571813,0.7260313968421468
KRT6A_Leu468Pro,0,0,false,0.6573955792499302,0.5867802756513583,0.6220879274506442
AGXT_Arg301Cys,0,0,false,0.5150273902506466,0.5283458049667384,0.5216865976086925
NCF2_Asn419Ile,0,0,false,0.5836611203441616,0.5421064185826109,0.5628837694633863
TH_Arg202His,0,0,false,0.7109242346806933,0.3751961750234905,0.5430602048520919
XRCC2_Phe270Val,0,0,false,0.6877884297842697,0.46820981983636856,0.5779991248103191
FBP1_Asn273Ser,0,0,false,0.919638756770458,0.6754484846903495,0.7975436207304037
PKP2_His810Tyr,0,,false,0.8494653165333228,,
AGXT_Ile279Thr,,0,false,,0.6675591300425584,
EFHC1_Ile174Val,0,0,false,0.9420455476548818,0.7238195176366777,0.8329325326457797
MVK_Pro286Leu,0,0,false,0.7280406711060068,0.7191249501699918,0.7235828106379993
NCF2_Asn448Asp,0,0,false,0.5770528523497676,0.5105256129352821,0.5437892326425249
DCX_Arg186His,0,0,false,0.8090677770757133,0.6897180137549376,0.7493928954153255
UBQLN2_Pro506Thr,0,0,false,0.33795193557227415,0.6572551446135494,0.49760354009291174
DES_Val56Leu,0,0,false,0.6693233390911892,0.4665643441067809,0.567943841598985
UROD_Gly318Arg,0,0,false,0.9913265671902987,0.6528414996297307,0.8220840334100147
PYGL_Asp629Tyr,0,0,false,0.6870822924579313,0.34179715724527043,0.5144397248516008
LDHB_Lys7Glu,0,0,false,0.684195843077226,0.6664851119636148,0.6753404775204204
DCX_Arg78Cys,0,0,false,0.621057805905386,0.5254398130644518,0.5732488094849189
KRT6A_Asn171Thr,0,0,false,0.48013007125808227,0.7172291200736381,0.5986795956658602
ACSF3_Glu359Lys,0,,false,0.8735199909354541,,
MYOZ2_Ser48Pro,0,0,false,0.6497318043036109,0.5612338056881228,0.6054828049958668
RAB33B_Lys46Gln,0,0,false,0.5495975202355177,0.5149793214751909,0.5322884208553542
PGBD1_Pro256Leu,0,0,false,0.6874507748798788,0.6812382290151439,0.6843445019475114
TH_Thr283Met,0,,false,0.5262419452320615,,
DES_Gly84Ser,0,0,false,0.9265996450160483,0.5595732055031382,0.7430864252595932
KRT5_Arg331His,0,,false,0.8616098830194836,,
EMD_Met1Val,0,0,false,0.6655017460473518,0.7120920240820116,0.6887968850646817
DCX_Arg78His,0,0,false,0.6258582129309405,0.47847927354492115,0.5521687432379307
THAP1_Lys89Arg,0,0,false,0.8165563126745622,0.49277819422435687,0.6546672534494595
PMP22_Leu80Pro,0,0,false,0.7760366540394645,0.6312470428964492,0.7036418484679569
HPRT1_Arg45Lys,0,0,false,0.8731363188872217,0.6483584145948103,0.760747366741016
SFTPC_Ile73Thr,0,0,false,0.9676357972234326,0.7298242208010967,0.8487300090122647
AGXT_Pro11Leu,0,0,false,0.530216906689508,0.5272105896933842,0.5287137481914461
FBP1_Pro284Arg,,0,false,,0.6622012749509291,
DCX_Lys50Asn,0,0,false,0.6510472022761958,0.6119016956489954,0.6314744489625956
FADD_Cys105Trp,0,0,false,0.7830472316327564,0.6367635303815447,0.7099053810071505
WRAP53_Arg398Trp,0,0,false,0.5856520103924261,0.6325778608768384,0.6091149356346323
PKP2_Arg101His,0,0,false,0.869887645781455,0.9168369499698614,0.8933622978756582
DES_Gln389Pro,0,0,false,0.9536788960758522,0.6219515659282209,0.7878152310020365
PYGL_Asn339Ser,0,0,false,0.40946560583674646,0.44444233126447313,0.4269539685506098
THAP1_Val193Ile,0,0,false,0.8136500591802424,0.6596628155039052,0.7366564373420738
LDHB_Trp325Arg,0,0,false,0.8833979587633749,0.6665481942808751,0.774973076522125
PNPO_Arg95Cys,0,0,false,0.5795179079902473,0.49849621067344224,0.5390070593318448
CHN1_Glu313Lys,0,0,false,0.6185159634817653,0.6728830043208367,0.645699483901301
PMP22_Arg157Trp,0,0,false,0.8125678334831397,0.45042920858474195,0.6314985210339408
KRT2_Gly219Asp,0,0,false,0.5343419984579121,0.6060935945668945,0.5702177965124033
TTPA_Glu141Lys,0,0,false,0.7782817713173089,0.8922222814666673,0.835252026391988
FXN_Met1Ile,0,0,false,0.7717905400786457,0.8456257360372534,0.8087081380579495
DES_Arg355Pro,0,0,false,0.7305084484979627,0.43971145633853964,0.5851099524182511
DES_Leu345Pro,0,0,false,0.9510016075135478,0.6855123749538496,0.8182569912336988
TH_Val136Met,0,0,false,0.8205296758757988,0.62260875276338,0.7215692143195894
CTRC_Gln178Arg,0,0,false,0.7893947480434893,0.6386768183317695,0.7140357831876294
SERPINF1_Thr72Met,,0,false,,0.6262546605180533,
PYGL_Asn632Ile,0,0,false,0.643956481796466,0.6040761117967001,0.624016296796583
HBD_Leu142Pro,0,0,false,0.7436173892154427,0.5069516127806765,0.6252845009980597
MVK_Val5Ala,0,0,false,0.6768700323549772,0.5426758274972739,0.6097729299261256
SUCLA2_Pro230Ser,0,0,false,0.5843018177118647,0.5632868396533426,0.5737943286826037
KRT6A_Leu170Phe,0,0,false,0.5973534997272868,0.6865237928020937,0.6419386462646903
TTR_Asp119Asn,0,0,false,0.7303780312878416,0.35260152441240156,0.5414897778501215
MVK_Ser52Asn,0,0,false,0.56533544573493,0.5984783468412044,0.5819068962880671
HBD_Asp100Asn,0,0,false,0.9439102439779291,0.5456079403712869,0.744759092174608
PYGL_Glu673Lys,0,0,false,0.54712312531802,0.49141927537879265,0.5192712003484063
MVK_His20Gln,0,0,false,0.6052759536808059,0.7129890186669151,0.6591324861738606
GCM2_Gly203Ser,0,0,false,0.46012640464100574,0.44995826084482754,0.4550423327429166
MVK_Val250Ile,0,0,false,0.8570250377418194,0.8967012423472934,0.8768631400445563
AIPL1_Arg302Leu,0,0,false,0.6061573151577548,0.5932142848443293,0.5996858000010421
LIG4_Thr9Ile,0,0,false,0.7064552203973626,0.7041954139766515,0.7053253171870071
CHN1_Ile126Met,0,0,false,0.8538881340190565,0.6093686169761203,0.7316283754975884
ACSF3_Gly119Asp,0,0,false,0.953000009303107,0.9176032383032383,0.9353016238031726
MVK_Leu255Pro,0,0,false,0.556743040185295,0.6616894342831428,0.6092162372342189
GMPPB_Asp27His,0,0,false,0.9084995396067931,0.7871696161681926,0.8478345778874928
PSAP_Met76Lys,0,0,false,0.47996686322773285,0.4410365203005691,0.460501691764151
MVK_Ile119Met,0,0,false,0.8669844740668899,0.9266490107912025,0.8968167424290463
NEUROG3_Arg107Ser,0,0,false,0.8457094227197717,0.7507500748291416,0.7982297487744566
AGXT_Lys12Arg,0,0,false,0.8024025191210927,0.5201164781408502,0.6612594986309714
PKP2_Cys752Arg,0,,false,0.8913549086586849,,
KCTD1_Val248Ile,0,0,false,0.9696846263895109,0.46928876326816,0.7194866948288354
HBD_Leu76Val,0,0,false,0.7203904226306758,0.5002221507313188,0.6103062866809973
POLR1C_Arg279Trp,0,0,false,0.6733039430516647,0.9226514584753532,0.7979777007635089
PKP2_Thr482Met,0,0,false,0.878861560824324,0.956625566893424,0.917743563858874
GRN_Ala324Thr,0,0,false,0.8524436803639918,0.8797685382848979,0.8661061093244449
AGXT_Ala295Thr,0,0,false,0.45707154493205404,0.49111712455718276,0.4740943347446184
KRT86_Glu413Lys,0,0,false,0.7044911847730676,0.6046312417993056,0.6545612132861867
TH_Pro454His,0,0,false,0.5556836260522624,0.6273938057473558,0.5915387158998091
MVK_Val293Met,0,0,false,0.9238014822173125,0.9498388496520542,0.9368201659346833
STAR_Arg188Cys,0,0,false,0.9330984564982046,0.7993708437932103,0.8662346501457074
AGXT_Gly161Arg,0,0,false,0.7895999393320791,0.7873099917035524,0.7884549655178157
PMP22_Cys109Arg,0,0,false,0.7348157154249747,0.5863886480062952,0.6606021817156349
DOLK_Tyr441Ser,0,0,false,0.555632884056882,0.5125002764621402,0.5340665802595111
SMAD1_Val3Ala,0,0,false,0.8172525970409754,0.6173281493891993,0.7172903732150874
ACSF3_Pro243Leu,0,0,false,0.9173817197644436,0.9056702889402412,0.9115260043523423
KCTD1_His33Gln,0,0,false,0.7030257287232167,0.5263443741929622,0.6146850514580895
POLR1C_Arg279Gln,0,0,false,0.5881650493211068,0.6028037922900346,0.5954844208055707
PKP2_Lys724Thr,0,0,false,0.8808305915211693,0.8746598639455783,0.8777452277333737
DIABLO_Gly224Arg,0,,false,0.6821102939105874,,
PKP2_Met365Ile,0,0,false,0.9224494934353125,0.9214027824244452,0.9219261379298789
CDC73_Met1Ile,0,0,false,0.5812967539106284,0.6717245112173853,0.6265106325640069
KRT2_Asn186Tyr,0,0,false,0.45908588337016454,0.6134343701599005,0.5362601267650325
RP2_Arg282Trp,0,0,false,0.5000498442622929,0.7812364176163401,0.6406431309393166
COMP_Asp271His,0,0,false,0.9458332114945021,0.8816394645790374,0.9137363380367698
TH_Cys328Phe,0,0,false,0.7595330771685281,0.9133581677116801,0.8364456224401041
SH3BP2_Pro418Arg,0,0,false,0.8720548075290302,0.5895414589140986,0.7307981332215644
FBP1_Phe194Ser,0,0,false,0.8213745639650042,0.7025128401415659,0.7619437020532851
TTPA_Ala120Thr,0,0,false,0.6147378404788717,0.6253319072600972,0.6200348738694845
AGXT_Phe152Ile,0,0,false,0.5640038168492106,0.3211279036243771,0.4425658602367939
DCX_Arg59His,0,0,false,0.7432445093208027,0.3220496541061348,0.5326470817134688
IL2RG_Ser108Pro,0,0,false,0.6104679030039373,0.36691604125246396,0.4886919721282006
MVK_Thr209Ala,0,0,false,0.9178273290873978,0.8773312408612156,0.8975792849743067
MVK_Val278Met,0,0,false,0.6353511884141341,0.7686857766285167,0.7020184825213254
DES_Ala237Thr,0,0,false,0.8733207336871917,0.6530608270396312,0.7631907803634115
PKP2_Thr482Ala,0,,false,0.8654565419261059,,
PKP2_Ala65Ser,0,,false,0.8956579960671841,,
KCTD1_His33Pro,0,0,false,0.9535714498597734,0.5355306975284635,0.7445510736941184
DES_His243Tyr,0,0,false,0.9844349081441022,0.6559510739008679,0.820192991022485
POMT1_Ala200Pro,0,0,false,0.5328184182644895,0.465270219265639,0.4990443187650643
RNF135_Arg286His,0,,false,0.6663911990225109,,
KRT6A_Ser176Pro,0,0,false,0.6658606505438815,0.6805865327769399,0.6732235916604108
DCX_Ser129Leu,0,0,false,0.8524130314446121,0.7886917980720374,0.8205524147583247
GCK_Met381Arg,0,,false,0.6366791389043043,,
PKP2_Asn513Asp,0,0,false,0.896510031841131,0.7937972806179328,0.8451536562295319
ZMYND10_Arg243Cys,0,,false,0.974582951436057,,
ACSF3_Asp457Asn,0,0,false,0.8709777398491292,0.8287752340175703,0.8498764869333497
MVK_Leu41Pro,0,0,false,0.929229631273792,0.8348043460859524,0.8820169886798722
ASNS_Ala6Glu,0,0,false,0.6564673925507162,0.5782274075326688,0.6173474000416925
KRT8_Arg454Cys,0,0,false,0.8954375370909684,0.5908205131665913,0.7431290251287799
GCK_Val253Ala,0,,false,0.8887514745500779,,
OAS1_Arg242Gln,0,,false,0.6638298872180451,,
DIABLO_Ile59Val,0,,false,0.8924620802713925,,
SIX1_Tyr129Cys,0,0,false,0.5665070446804192,0.617154567063724,0.5918308058720716
EFHC1_Cys259Tyr,0,0,false,0.8257676175360814,0.6759270874125085,0.7508473524742949
MVK_Asp386Asn,0,0,false,0.7346168436407174,0.6032822474860083,0.668949545563363
NMNAT1_Arg207Trp,0,0,false,0.8794313432022511,0.6579684141367554,0.7686998786695033
RP2_Arg118His,0,0,false,0.6314357537496403,0.8385948674149969,0.7350153105823186
MVK_Tyr116His,0,0,false,0.7531445948721561,0.7470340368013831,0.7500893158367696
THAP1_Gly9Cys,0,0,false,0.6006045304513411,0.4899846757663785,0.5452946031088598
LDHB_Arg172His,0,0,false,0.8850044217846568,0.7516893728647328,0.8183468973246948
AGXT_Ile202Asn,0,0,false,0.7700465578898573,0.5843649160784039,0.6772057369841307
PGBD1_Ile678Val,0,0,false,0.5048452360299521,0.6629043045820541,0.5838747703060031
KRT6A_Thr552Ser,0,0,false,0.8361949098400113,0.8348018309214044,0.8354983703807078
AGXT_Gly41Glu,0,0,false,0.7870195507403798,0.7038410569042209,0.7454303038223004
PKP2_Ser571Thr,0,0,false,0.8138667792265556,0.7497571960547504,0.7818119876406531
TH_Ile209Met,0,0,false,0.4496976738452031,0.7092059112286324,0.5794517925369178
KCTD7_Arg184Cys,0,0,false,0.8755042850150397,0.5668458267419456,0.7211750558784926
TTPA_Gly246Arg,0,0,false,0.674187696499565,0.7156308208291973,0.6949092586643811
KCTD7_Arg94Trp,0,0,false,0.5761458012278234,0.38497630743188416,0.4805610543298538
PRKAR1A_Arg74His,0,0,false,0.60877664800737,0.5648004574058793,0.5867885527066246
LIG4_Ala857Thr,0,0,false,0.5718368147416855,0.7195306484503055,0.6456837315959955
ACACB_Val1611Met,0,,false,0.4733775905045285,,
HBD_Glu27Asp,0,0,false,0.8033299189567756,0.5961966270797148,0.6997632730182453
AGXT_Ala85Asp,0,,false,0.7992291453867649,,
PLA2G6_Thr585Ile,0,0,false,0.7546710769391639,0.7844179009396401,0.7695444889394021
AGXT_Ser221Pro,0,0,false,0.6757466500043725,0.5585678547472048,0.6171572523757887
GAMT_Ala196Val,0,0,false,0.7146516193003503,0.556893498500151,0.6357725589002506
PMP22_Leu16Pro,0,0,false,0.6725785557655604,0.5060913543601527,0.5893349550628566
GALE_Arg239Trp,0,0,false,0.6660416963370583,0.6565379014096291,0.6612897988733437
PYGL_Leu739Met,0,0,false,0.5493084872042716,0.6355665590931291,0.5924375231487004
PKP2_Pro495Ala,0,,false,0.7907983186419851,,
SH3BP2_Pro418Leu,0,0,false,0.6819692073156778,0.7863592025736728,0.7341642049446753
PRKAR1A_Ile327Thr,,0,false,,0.4113385796572105,
PGBD1_His806Asp,0,0,false,0.8086825563312329,0.5671667150324896,0.6879246356818612
TH_Pro88Leu,,0,false,,0.7224886675126364,
HBD_Pro37His,0,0,false,0.6536305902654951,0.5944015576949696,0.6240160739802323
PGBD1_Gln248Glu,0,0,false,0.9672525969845183,0.6869042654851526,0.8270784312348354
DES_Leu338Arg,0,0,false,0.9295342655456745,0.7302175618167644,0.8298759136812195
NMNAT1_Arg237Leu,0,0,false,0.7624661880728035,0.5863905358114273,0.6744283619421154
COMP_Asp511Glu,0,0,false,0.7478443199341033,0.7994900004754766,0.77366716020479
HBD_His147Arg,0,0,false,0.6543463971191023,0.6804399084630418,0.667393152791072
TPK1_Asn50His,0,0,false,0.7375165740227385,0.527158526651448,0.6323375503370933
CHN1_Pro252Ser,0,0,false,0.9482741061068845,0.6309053873102268,0.7895897467085556
CTRC_Arg37Gln,0,0,false,0.8219385115858537,0.5974978765801127,0.7097181940829832
COMP_Thr585Arg,0,0,false,0.928075471457132,0.8202827340403231,0.8741791027487276
HBD_Gly26Asp,0,0,false,0.9947304349828158,0.5566080006673572,0.7756692178250865
NCF2_Arg188Lys,0,0,false,0.7771972433262757,0.7020795427697362,0.7396383930480059
DES_Met349Ile,0,0,false,0.8909013411678128,0.5725760686123913,0.7317387048901021
DCX_Arg89Gly,0,0,false,0.8732378538020396,0.7774616601533706,0.8253497569777051
MYOZ2_Gln10Pro,0,0,false,0.4651903109340919,0.7191022183794233,0.5921462646567577
MIP_Val107Ile,0,0,false,0.7105877865219414,0.6920703055301236,0.7013290460260325
NEUROG3_Phe199Ser,0,0,false,0.5904316765315518,0.8215725206910617,0.7060020986113067
DCX_Pro191Arg,0,0,false,0.7201300942275144,0.5345238901925421,0.6273269922100282
ACSF3_Ser431Tyr,0,0,false,0.4745627574868798,0.7197099943989465,0.5971363759429131
COMP_Asn555Lys,0,0,false,0.9507329652246609,0.8813163056307928,0.9160246354277268
UBQLN2_Pro525Ser,0,0,false,0.37181094248016755,0.6731620730441797,0.5224865077621736
SFTPC_Val48Met,0,0,false,0.721036588657882,0.5624434756560722,0.6417400321569771
SFTPC_Arg167Gln,,0,false,,0.5664743754942873,
TH_Pro121Leu,0,0,false,0.6904229035596193,0.9245911691906589,0.8075070363751391
AGXT_Asn22Ser,0,0,false,0.856573149549405,0.6718389432091807,0.7642060463792928
PKP2_Leu366Pro,0,,false,0.8542587888890648,,
HBD_Leu89Val,0,0,false,0.584695068782588,0.4311067009256977,0.5079008848541429
AGXT_Glu274Asp,0,,false,0.8332042459876476,,
HPRT1_Gly70Glu,0,0,false,0.7065092781925555,0.6175820986120483,0.6620456884023018
AGXT_Asp129His,0,0,false,0.5644190642487292,0.5439182913004588,0.554168677774594
NCF2_Val297Ala,0,0,false,0.6040476943456276,0.5855704313532367,0.5948090628494321
SFTPC_Leu194Pro,0,0,false,0.8826653764028582,0.6452625514477194,0.7639639639252889
ORC6_Tyr232Ser,0,0,false,0.5910179896054084,0.370413755759486,0.4807158726824472
GMPPB_Pro32Leu,0,0,false,0.982159374634285,0.7439861107083288,0.863072742671307
SDC3_Asp231Asn,0,0,false,0.6969165813969118,0.9029667872715764,0.7999416843342442
ALAS2_Gly254Ser,0,,false,0.7447439022175916,,
AGXT_Ser187Phe,0,0,false,0.7659216332087873,0.6645891781513441,0.7152554056800657
MVK_Arg388Gln,0,0,false,0.5700033328504293,0.5426878987672055,0.5563456158088174
TAT_Arg433Trp,0,0,false,0.6796481957042768,0.6065467079802525,0.6430974518422646
CORO1A_Val397Ile,0,0,false,0.5136964902291146,0.4302879899504266,0.4719922400897706
AGXT_Pro319Leu,0,,false,0.576872576361326,,
GCK_Gly44Asp,0,,false,0.7538461558516654,,
DCX_Thr203Ala,0,0,false,0.8692025239416432,0.9116403802327646,0.8904214520872039
GCK_Ala387Glu,0,,false,0.5194398782531366,,
NMNAT1_Ser255Asn,0,0,false,0.7869933081189542,0.49725146956208405,0.6421223888405191
CHN1_Pro141Leu,0,,false,0.9666374807582352,,
HPRT1_Leu41Pro,0,0,false,0.7300210427710702,0.5199333453422526,0.6249771940566613
MVK_Pro200Ser,0,0,false,0.8260547142413824,0.7154921324429147,0.7707734233421486
PKP2_Tyr582Asn,0,,false,0.8560102648056942,,
PLA2G6_Leu481Gln,0,0,false,0.7953085874368956,0.46854492880308096,0.6319267581199883
STAR_Arg182His,0,0,false,0.7697017719787586,0.641081643835381,0.7053917079070697
EMD_Ser54Phe,0,,false,0.8120224392056873,,
AGXT_Ile279Met,0,0,false,0.5997457383812954,0.6248219578582771,0.6122838481197863
PKP2_Glu380Lys,0,0,false,0.8300503655595453,0.5433342516529753,0.6866923086062603
PKP2_Asn598Lys,0,,false,0.7420009172925752,,
GATA2_Cys373Arg,0,0,false,0.9074979763558348,0.7728241555723769,0.8401610659641059
PKP2_Phe424Ser,0,0,false,0.8769582202779274,0.8156060397131826,0.846282129995555
DES_Arg278Pro,0,0,false,0.9929194073382747,0.6634866795153268,0.8282030434268007
IL2RG_Tyr89Cys,0,0,false,0.6327228976148012,0.5897572033766432,0.6112400504957222
PKP2_Lys472Arg,0,,false,0.7487866429479091,,
PKP2_Val798Ile,0,,false,0.8478803444314458,,
GCK_Gly385Arg,0,,false,0.6451097532868366,,
EFHC1_Asp210Asn,0,0,false,0.9346177660998294,0.6766729462872395,0.8056453561935344
SNIP1_Glu366Gly,0,0,false,0.9163318284646984,0.9248615978183352,0.9205967131415168
HPRT1_Asp201Gly,0,0,false,0.9149403916330887,0.5644597846514404,0.7397000881422646
AGXT_Ile340Met,0,0,false,0.5295164916937386,0.6050004255665614,0.56725845863015
KRT6A_Asn171Ser,0,0,false,0.7223339805130269,0.7274139648047095,0.7248739726588682
HPRT1_Met143Lys,0,0,false,0.5284398380395756,0.6368923886606551,0.5826661133501154
DCX_Arg102Cys,0,0,false,0.8682531390854105,0.806869123714635,0.8375611314000228
STAR_Val187Met,0,0,false,0.7448262618478707,0.7580067100051039,0.7514164859264874
TTPA_His101Gln,0,0,false,0.9675939824266765,0.6594550531634679,0.8135245177950722
DES_Asn342Asp,0,0,false,0.8861803019329242,0.6880362335962558,0.78710826776459
EMD_Ala56Thr,0,,false,0.7654796190188035,,
KLHL3_Ala77Glu,0,0,false,0.8584706964836692,0.7285681364826243,0.7935194164831467
ALAS2_Asp122Asn,0,,false,0.816031196985554,,
DES_Arg150Gln,0,0,false,0.9105909252568054,0.4113385370504041,0.6609647311536048
TAT_Leu273Pro,0,0,false,0.5985410076553287,0.5678931750850398,0.5832170913701842
AGXT_Gly82Arg,0,0,false,0.568909439223366,0.5777056983032339,0.5733075687633
FBP1_Asn213Lys,0,0,false,0.4922343595540533,0.6477788628588794,0.5700066112064663
ACSF3_Thr358Ile,0,0,false,0.9030232300192353,0.9272142428626657,0.9151187364409505
MVK_Ile268Val,0,0,false,0.6339832336773324,0.5946123601503176,0.614297796913825
SFTPB_Ala280Thr,0,0,false,0.6326235061286037,0.6944584496357953,0.6635409778821995
PYGL_Pro382Leu,0,0,false,0.773723223499041,0.7789827586206897,0.7763529910598653
KRT6A_Gln166Pro,0,0,false,0.561444092957406,0.748819139372314,0.65513161616486
TH_Glu250Gln,0,0,false,0.6302930549314876,0.7586506300257801,0.6944718424786338
PKP2_Val543Ile,0,,false,0.8779473893127205,,
PKP2_Gln62Lys,0,,false,0.7713177470166237,,
DCX_Ala71Ser,0,0,false,0.84657253027701,0.626069598055206,0.736321064166108
THAP1_Lys24Glu,0,0,false,0.5794615338997708,0.6501472196267551,0.6148043767632629
ALAS2_Cys358Tyr,0,,false,0.7934096107022035,,
TTR_Lys146Arg,0,0,false,0.2847713824663337,0.662488966608917,0.47363017453762535
TH_Pro218Leu,0,0,false,0.5347272388104853,0.5767152956704997,0.5557212672404925
EIF2B4_Ala228Val,0,0,false,0.8818624496422741,0.6609299308616265,0.7713961902519504
PKP2_Ser140Phe,0,,false,0.8720567083670328,,
ACSF3_Ala197Thr,0,,false,0.9427927711059478,,
TH_Pro2Leu,0,0,false,0.8534856556976118,0.8657119544076068,0.8595988050526093
KRT8_Gly55Ala,0,,false,0.8787596454049676,,
AGXT_Pro11His,0,0,false,0.6718960009584667,0.675126423639734,0.6735112122991003
GLYCTK_His490Tyr,0,,false,0.5371718455693201,,
POMT1_Asn144Asp,0,,false,0.7406212747993387,,
EMD_Pro183His,,0,false,,0.657506669457926,
GCK_Gly299Arg,0,,false,0.5183597733120004,,
UNC119_Gly22Val,0,,false,0.5787560882210702,,
PKP2_Ile458Val,0,,false,0.8029857994121731,,
MVK_Ser329Asn,,0,false,,0.831872912546042,
MVK_Cys101Tyr,0,0,false,0.39221686371639136,0.5391676361963084,0.46569224995634984
PKP2_Leu481Arg,0,,false,0.6598668756220127,,
GLYCTK_Thr394Ile,0,0,false,0.40160007977030937,0.5813876063151425,0.4914938430427259
WRAP53_Arg68Gly,,0,false,,0.632548416052643,
KCTD1_Ala30Glu,0,0,false,0.9648044567181332,0.532172807318185,0.7484886320181591
GAMT_Asp219Asn,0,0,false,0.6575749515810776,0.4300745577598714,0.5438247546704745
DES_Pro419Ser,0,0,false,0.978505310560201,0.7482925302179148,0.8633989203890579
STAR_Arg182Leu,0,0,false,0.8367130861470707,0.7009854162024024,0.7688492511747366
NEXN_Arg171Cys,0,0,false,0.6150348957091372,0.4128741787422597,0.5139545372256984
GCM2_Arg47Leu,0,,false,0.9866674066031097,,
RAD51D_Arg165Gln,0,,false,0.6428170225340331,,
