allele_0,Altered_local_batch13,Altered_local_batch14,Altered_local_both_batches,AUROC_batch13,AUROC_batch14,AUROC_Mean
ZC4H2_Arg18Lys,0,1,false,0.823729219807302,0.8486375881168251,0.8361834039620635
CCM2_Thr86Ser,0,0,false,0.6685003982273807,0.7232589931563124,0.6958796956918465
CCM2_Ile92Thr,0,0,false,0.7776260930506457,0.7495288807088413,0.7635774868797435
CCM2_Ala237Val,0,0,false,0.6425208361053204,0.6632690943773296,0.652894965241325
BRCA1_Pro533Leu,0,0,false,0.6493234706786536,0.6578887975107479,0.6536061340947008
BRCA1_Cys61Gly,0,0,false,0.6985722673029691,0.6601882939685871,0.679380280635778
CCM2_Ala293Thr,0,0,false,0.7383971809501088,0.7923985659408962,0.7653978734455025
RAF1_Ser427Gly,0,0,false,0.7629150553324161,0.6060183774462227,0.6844667163893194
SHOC2_Thr205Ala,0,0,false,0.5394896700576605,0.607237759336777,0.5733637146972188
LMNA_Arg377Leu,1,1,true,0.9982513002318365,0.9982184718602637,0.9982348860460502
LMNA_Leu162Pro,0,1,false,0.9060362786446906,0.9193246502806411,0.9126804644626658
CTCF_His455Gln,0,0,false,0.817942612015043,0.7591618176405838,0.7885522148278135
CCM2_Ser408Arg,0,0,false,0.7537591002904674,0.6444249962547717,0.6990920482726195
CCM2_Gly176Val,0,0,false,0.6672928447813052,0.6855281446915439,0.6764104947364246
CCM2_Asp110Asn,0,0,false,0.7272567588454067,0.7159549246389579,0.7216058417421823
BRAF_Val487Gly,0,0,false,0.6770616479165001,0.6306671040461926,0.6538643759813464
SDHD_Gly106Val,0,0,false,0.6544881705898793,0.6293209939168546,0.6419045822533669
ABCD1_Arg518Gln,0,0,false,0.7324023897153431,0.7467610926956758,0.7395817412055095
CCM2_Ser251Tyr,0,1,false,0.8139633340978875,0.8371381099253677,0.8255507220116276
F9_Arg191His,0,0,false,0.6054626560073562,0.589932037393877,0.5976973467006166
CCM2_Asp431Asn,0,0,false,0.7691477288690137,0.7628172723310799,0.7659825006000468
BRAF_Val600Gly,0,1,false,0.7314762422564232,0.8088963791836168,0.77018631072002
CTCF_Ala697Thr,0,0,false,0.5656541154413162,0.4969391860111439,0.53129665072623
CCM2_Ile131Asn,0,0,false,0.7266033295679946,0.7476857503805991,0.7371445399742969
CCM2_Ser202Arg,0,0,false,0.7427184738725251,0.7189259359349955,0.7308222049037603
RAD51D_His23Arg,0,1,false,0.8324435883718108,0.8282462789123561,0.8303449336420834
CCM2_Ser143Phe,0,0,false,0.7214176023506669,0.6462549452470945,0.6838362737988807
CCM2_Arg40Cys,0,0,false,0.6714610462779187,0.7057090139461487,0.6885850301120338
CCM2_Arg423Pro,1,1,true,0.969648518228956,0.9550908103404111,0.9623696642846835
RAF1_Asn140His,0,0,false,0.6450768779112549,0.6607632659056194,0.6529200719084371
CCM2_Gly188Trp,0,0,false,0.795709600021996,0.7648399058017749,0.7802747529118854
CCM2_Ser166Ile,0,0,false,0.6902373170243942,0.6183052696530205,0.6542712933387074
SDHD_Leu139Arg,0,0,false,0.7581320499672541,0.752275241197804,0.7552036455825291
CTCF_Arg342Cys,0,0,false,0.6827581902849038,0.6603774035103716,0.6715677968976377
CCM2_Gly5Ser,0,0,false,0.6946222488612794,0.7578573749166037,0.7262398118889415
F9_Asp410His,0,0,false,0.6604440428294555,0.6115494469618054,0.6359967448956304
CCM2_Ser15Leu,0,,false,0.7251246722059115,,
BRCA1_Thr581Ile,0,0,false,0.5253215180726678,0.6977814572395493,0.6115514876561086
CCM2_Ser416Ala,0,0,false,0.7164026461804961,0.7326361473318991,0.7245193967561976
RET_Val292Met,0,0,false,0.7879513921107422,0.752121499892747,0.7700364460017446
CCM2_Ile425Thr,1,1,true,0.9899141877330894,0.9809627966517936,0.9854384921924415
FH_Ser419Pro,0,1,false,0.8800110940552525,0.8669639909612217,0.8734875425082371
BRAF_Asp565Glu,0,0,false,0.6424129202472231,0.6241763595622516,0.6332946399047373
CCM2_Pro102Leu,0,0,false,0.6747530820978569,0.706141656549506,0.6904473693236814
RAD51D_Cys9Ser,0,1,false,0.7718074401380094,0.8070904655738764,0.789448952855943
FH_Leu303Ser,0,0,false,0.8302874440716452,0.8015877585270585,0.8159376012993519
CCM2_Ala205Asp,0,0,false,0.6664041130495332,0.7056939132371434,0.6860490131433383
F9_Trp453Arg,1,1,true,0.9303619991248232,0.9649108750610628,0.947636437092943
CCM2_Pro55Ala,0,0,false,0.7592962345602046,0.7495041697788971,0.7544002021695508
FARS2_Ala166Thr,0,0,false,0.6100814624369669,0.5380907557135424,0.5740861090752547
F9_His282Arg,0,0,false,0.8636607206259764,0.6468683561791782,0.7552645384025773
CCM2_Pro281Ser,0,0,false,0.6727272889124419,0.7123433374811584,0.6925353131968002
RAD51D_Gly289Ser,0,0,false,0.7701504708206739,0.7139804302296466,0.7420654505251603
CCM2_Ile331Phe,0,0,false,0.8142583981380911,0.7795668720693064,0.7969126351036988
CCM2_Gly407Asp,0,0,false,0.8164742730098419,0.6171060782941475,0.7167901756519948
F9_Val195Gly,0,0,false,0.6771745954133546,0.5112879324008445,0.5942312639070995
BRCA1_Glu116Lys,0,0,false,0.8070704290948489,0.7981481884514585,0.8026093087731537
SHOC2_Gly53Arg,0,0,false,0.5990360371752305,0.5812719458662343,0.5901539915207323
FANCC_Asp195Val,0,1,false,0.8819106861541747,0.8915681663901021,0.8867394262721384
CCM2_Gly418Glu,0,0,false,0.7574066862491321,0.8039242534270218,0.7806654698380769
F9_Val374Phe,0,1,false,0.7888813149150568,0.8463034308088773,0.817592372861967
BRAF_Gln262Lys,0,0,false,0.6810599593325254,0.5668339482568405,0.6239469537946829
CCM2_Ser164Phe,0,0,false,0.7157329863998466,0.652748947322963,0.6842409668614048
BRCA1_Ser611Arg,0,0,false,0.6021248199841019,0.6325042116682532,0.6173145158261776
CCM2_His332Arg,0,1,false,0.807714583411267,0.8202130329074659,0.8139638081593665
RAD51D_Val132Ile,0,0,false,0.8099555907291082,0.8053230925738252,0.8076393416514667
CCM2_Leu195Pro,0,0,false,0.8098640918062938,0.7925672495059536,0.8012156706561238
RAD51D_Glu307Lys,0,1,false,0.8518921096966974,0.8761558833418336,0.8640239965192655
FARS2_Ile388Ser,0,0,false,0.7844279419619146,0.7561294290972581,0.7702786855295863
FARS2_His135Asp,0,0,false,0.5674754661916288,0.5381839720666255,0.5528297191291272
RET_Arg330Gln,1,1,true,0.9197672146636283,0.872985228838099,0.8963762217508637
CCM2_Ala295Thr,0,0,false,0.6603027105557927,0.7031204900125414,0.681711600284167
BAP1_Cys91Ser,0,0,false,0.6042269898582858,0.633032159084078,0.6186295744711818
SDHD_Ala90Val,0,0,false,0.6256795103292364,0.602019439091644,0.6138494747104402
F9_Cys170Tyr,0,1,false,0.8688033204623912,0.942683237849381,0.9057432791558861
F9_Pro197Ser,0,0,false,0.6506347931387859,0.5011321270979963,0.5758834601183911
CCM2_Ala179Thr,0,0,false,0.7594354946076485,0.7024543798952618,0.7309449372514552
BAP1_Ser596Gly,0,0,false,0.5234862359135768,0.49144363239194233,0.5074649341527595
SDHD_Tyr114Cys,0,0,false,0.6770449415189597,0.6414060072833746,0.6592254744011672
F9_Ser411Ile,0,0,false,0.5309838645519699,0.5869154574593829,0.5589496610056763
CCM2_Glu433Lys,0,0,false,0.6754224427105185,0.7143061192485258,0.6948642809795222
CCM2_Ser426Leu,0,0,false,0.6999591253657336,0.7819344191231261,0.7409467722444298
BRIP1_Arg848His,0,0,false,0.6330976286101284,0.6473415524958983,0.6402195905530134
F9_Cys134Ser,0,0,false,0.7728270472081143,0.6918291349899353,0.7323280910990249
CCM2_Tyr261Asp,0,0,false,0.6830718913276671,0.6888241561498845,0.6859480237387758
GSS_Arg125Cys,0,0,false,0.601163557024521,0.5138467131097464,0.5575051350671336
CCM2_Ile432Phe,0,1,false,0.8265243295493039,0.8338680460421098,0.8301961877957069
BRIP1_Gln255His,0,0,false,0.596579682284021,0.5617255650977501,0.5791526236908855
CCM2_Pro271Thr,0,0,false,0.6538933490145572,0.5913272040013129,0.6226102765079351
CCM2_Thr267Asn,0,0,false,0.6645513829010316,0.5832126741476457,0.6238820285243386
RET_Pro64Leu,0,0,false,0.8530196788449924,0.7451032559759262,0.7990614674104592
SOS2_Val869Ile,1,1,true,0.9605374426131419,0.9759968480106549,0.9682671453118984
CCM2_Asp411Glu,0,0,false,0.6606273602211181,0.6337659889431139,0.647196674582116
CCM2_Asp440Asn,0,0,false,0.6772116682074146,0.6782807313637713,0.6777461997855929
CCM2_Gly24Asp,0,0,false,0.865538005697129,0.7413245959221331,0.803431300809631
F9_Arg379Gln,0,0,false,0.6695156344986817,0.6546926046972779,0.6621041195979798
CCM2_His151Tyr,0,0,false,0.7907964257195504,0.7767254732037704,0.7837609494616604
CCM2_Ser245Cys,0,0,false,0.7110544667097939,0.7348472543636095,0.7229508605367017
CCM2_Ala149Thr,0,0,false,0.6909788501565743,0.5735252312904388,0.6322520407235066
CCM2_Thr267Ile,0,0,false,0.6852320992975662,0.7076471748502321,0.6964396370738992
RAD51D_Ala231Ser,0,1,false,0.8151392120952712,0.8134784612331665,0.8143088366642188
BRCA1_Ser186Tyr,0,0,false,0.6852177062898946,0.6813939672256522,0.6833058367577733
F9_Ile316Thr,,1,,,0.9652864166516764,
FLCN_Arg239Cys,0,1,false,0.8537695377338061,0.8463799947735512,0.8500747662536787
CCM2_Ile372Leu,0,1,false,0.8553750787472446,0.8860483095578734,0.870711694152559
BAP1_Pro12Thr,0,0,false,0.5900626152367257,0.6101105354078378,0.6000865753222817
F9_Cys396Ser,0,1,false,0.8268491202892955,0.9241734559028232,0.8755112880960594
BRAF_Glu501Val,0,0,false,0.6017676730162882,0.6391586498124192,0.6204631614143536
CCM2_Glu51Ala,0,0,false,0.708909144367971,0.7909123245623112,0.7499107344651411
BRIP1_Ser520Thr,0,0,false,0.5619425656717558,0.552726491912715,0.5573345287922353
RAD51D_Val66Leu,0,0,false,0.7146002477384656,0.6685073226665279,0.6915537852024968
ZC4H2_Ala162Thr,0,0,false,0.6746682537593621,0.7486160034608912,0.7116421286101267
F9_Pro333Leu,,1,,,0.9700400563552152,
SDHD_Arg70Thr,0,0,false,0.6870617356544007,0.7073277149706889,0.6971947253125448
BRCA1_Arg595Gln,0,0,false,0.6383605264787623,0.6588500928308069,0.6486053096547846
FARS2_Ile329Thr,0,0,false,0.65081995279324,0.6022009861298729,0.6265104694615564
CCM2_Arg412Trp,0,1,false,0.8026755968147666,0.84300375875346,0.8228396777841134
CCM2_Ile76Met,0,0,false,0.6566487585128878,0.6090864444203428,0.6328676014666152
CCM2_Met424Ile,0,0,false,0.7430980225246541,0.8025734609606198,0.7728357417426369
SHOC2_Glu13Ala,0,0,false,0.4957604715323093,0.5406644593098803,0.5182124654210948
FARS2_Arg419Cys,0,0,false,0.6292631704768805,0.6713028342445829,0.6502830023607318
SHOC2_Glu25Gly,0,0,false,0.5567224636867055,0.5452373885962726,0.550979926141489
CCM2_Asp410His,0,0,false,0.6600113487376351,0.5291443410926945,0.5945778449151649
CCM2_Glu366Gln,0,0,false,0.7557963436210232,0.7180221384223578,0.7369092410216905
ZC4H2_Ala200Thr,0,1,false,0.7729750675349414,0.8704215153416692,0.8216982914383053
RHO_Pro267Thr,1,1,true,0.9772984126901988,0.9894106613526927,0.9833545370214458
F9_Arg75Gln,0,0,false,0.5527838713025035,0.5186766777738523,0.5357302745381779
F9_Gly357Arg,0,0,false,0.5204145309180321,0.6111637261644212,0.5657891285412266
BRCA1_Val275Ile,0,0,false,0.5299976556063766,0.6156833626432274,0.572840509124802
CCM2_Ser60Arg,0,0,false,0.6789168527767626,0.665923130343588,0.6724199915601753
CCM2_Glu2Lys,0,1,false,0.9020722833727078,0.8749715065432793,0.8885218949579936
RAD51D_Val56Gly,0,0,false,0.7044255928161155,0.6526090912921205,0.678517342054118
F9_Glu73Lys,0,0,false,0.5630559084593902,0.5773326991331369,0.5701943037962636
RAD51D_Met308Val,0,1,false,0.9166079032664076,0.9018482639525612,0.9092280836094844
CCM2_Arg19Gln,0,1,false,0.8573631890847716,0.8844408651048935,0.8709020270948326
RAF1_Phe22Leu,0,0,false,0.6232740447854996,0.5943259307828369,0.6087999877841683
FARS2_Ser57Cys,0,0,false,0.5246901691344505,0.5595017585083285,0.5420959638213896
CCM2_Gln441Arg,0,0,false,0.670689880013713,0.6922324876167778,0.6814611838152453
RAF1_Pro225Ser,0,0,false,0.8209378600211032,0.792325873073127,0.806631866547115
FH_Arg233Leu,0,0,false,0.6867585729452974,0.6987583047911436,0.6927584388682205
RET_Arg313Gln,0,0,false,0.6316587333877679,0.640984467702946,0.6363216005453569
F9_Ala397Pro,0,1,false,0.7993390004854602,0.9029739909698988,0.8511564957276796
F9_Gly442Arg,0,0,false,0.540069786199621,0.5393355134377414,0.5397026498186812
SDHD_Ser68Gly,0,0,false,0.7085060682643761,0.6874739499976953,0.6979900091310357
FH_Arg101Pro,0,1,false,0.9072300444768101,0.9263045844389571,0.9167673144578836
RAD51D_Ile17Val,0,0,false,0.8413539052417301,0.7952810409356333,0.8183174730886817
CCM2_Asp301Gly,0,1,false,0.84720777142286,0.8879281520617147,0.8675679617422873
RAD51D_Arg55Trp,0,0,false,0.6957192150421764,0.6442469288929165,0.6699830719675464
SDHD_His50Asp,0,0,false,0.7186538191515244,0.7001937078562221,0.7094237635038733
SHOC2_Ser57Phe,0,0,false,0.5297396960009895,0.5765891239307106,0.55316440996585
F9_Pro175Ser,0,0,false,0.706896993726913,0.7089778288544502,0.7079374112906816
F9_Tyr161Cys,0,1,false,0.8384059192478901,0.8916425516246136,0.8650242354362518
CCM2_Ser84Asn,0,0,false,0.7509182943676493,0.8014216588523763,0.7761699766100127
CCM2_Tyr118Phe,0,0,false,0.6720369978127496,0.6400374757417794,0.6560372367772644
RAF1_Thr491Ile,0,0,false,0.707157548902547,0.5065138189065653,0.6068356839045561
F9_Asn166Tyr,0,1,false,0.8883667841740609,0.9381424906842112,0.913254637429136
G6PD_Gly378Ser,0,0,false,0.6027979675002565,0.6392939887772799,0.6210459781387683
CCM2_Thr106Ile,0,0,false,0.6701560087788758,0.7069804237343397,0.6885682162566078
F9_Arg226Gln,0,0,false,0.7513256330237876,0.6059895316579976,0.6786575823408927
F9_Ile7Phe,0,0,false,0.6428294370965888,0.5555405640844913,0.59918500059054
CCM2_Val255Leu,0,0,false,0.6671052901612323,0.684531589441684,0.6758184398014582
CCM2_Thr44Ile,0,1,false,0.752933748110444,0.83384254470197,0.7933881464062069
FANCC_Leu554Pro,1,1,true,0.9280811061773349,0.9386133857073866,0.9333472459423607
CCM2_Tyr144Cys,0,0,false,0.7102577318957807,0.6799758485940278,0.6951167902449042
LMNA_Arg335Trp,0,0,false,0.6968752179277173,0.7317968567099378,0.7143360373188276
CCM2_Glu333Val,0,0,false,0.7220632808673568,0.6488519990575627,0.6854576399624598
CCM2_Arg412Gln,0,0,false,0.759473867302272,0.6948380235949444,0.7271559454486082
FARS2_Tyr144Cys,0,0,false,0.5901653783161132,0.54551601121041,0.5678406947632616
F9_Glu27Lys,0,0,false,0.5998252111222551,0.6096941709368007,0.6047596910295279
F9_Cys335Tyr,1,1,true,0.9326692349659271,0.9663068838594739,0.9494880594127005
F9_Val227Ile,0,0,false,0.5108030613728705,0.5441220795074616,0.5274625704401661
CCM2_Asp442Asn,0,1,false,0.7466935794672138,0.8071499659705764,0.7769217727188951
SHOC2_Ser403Gly,0,0,false,0.6407080667502163,0.6282494864767556,0.634478776613486
BRCA1_Pro510Ser,0,0,false,0.6476298740021377,0.6540828871267826,0.6508563805644602
CCM2_Thr296Ala,0,0,false,0.7894243900058391,0.6916890492475113,0.7405567196266751
SHOC2_Asn527Ser,0,0,false,0.6801088616472598,0.6239720496059808,0.6520404556266204
CCM2_Ala405Ser,0,0,false,0.8160079726757701,0.7839885620727735,0.7999982673742718
CCM2_Ser83Phe,0,0,false,0.7364449185940898,0.6902859585288154,0.7133654385614525
CCM2_Lys30Glu,0,0,false,0.7191946373549153,0.7601425105203355,0.7396685739376254
BRCA1_Leu660Pro,0,0,false,0.5085777420757596,0.5012758086629735,0.5049267753693665
RET_Val262Ala,0,1,false,0.8844075885474874,0.8462017411757137,0.8653046648616005
CTCF_Arg342Gly,0,0,false,0.7902574242369869,0.7914272715389252,0.790842347887956
BRCA1_Cys44Tyr,0,0,false,0.6460408984980027,0.6631568126204652,0.6545988555592339
CCM2_Pro165Ala,0,0,false,0.7899214569254873,0.7367221900340003,0.7633218234797439
CCM2_Asp227Asn,0,0,false,0.7244258808558498,0.7116444479108485,0.7180351643833491
FH_Ala308Thr,1,1,true,0.9603325269484957,0.9480723612631755,0.9542024441058357
CCM2_Pro77Gln,0,0,false,0.673120299838307,0.6109939001592983,0.6420570999988027
CCM2_His109Arg,0,0,false,0.6622463620974123,0.6802785864038191,0.6712624742506157
FH_Asn340Lys,0,,false,0.8789106190266445,,
SDHD_His102Pro,0,0,false,0.6693563845062173,0.6585043828557018,0.6639303836809596
RAD51D_Glu233Gly,0,0,false,0.7764023041635257,0.7897735395774615,0.7830879218704936
BRCA1_Glu143Lys,0,0,false,0.6059488516467549,0.5884972690881599,0.5972230603674574
CCM2_Leu310Val,0,0,false,0.7020339331919342,0.766914788581306,0.7344743608866201
BRCA1_Ser408Ile,0,0,false,0.6553857286221656,0.6382037776852532,0.6467947531537094
BAP1_Cys91Gly,0,0,false,0.739510503962894,0.7113210512831023,0.7254157776229981
F9_Ser220Thr,0,0,false,0.6560785338924204,0.5304172673519336,0.593247900622177
CCM2_Gly162Glu,0,0,false,0.6890868407551415,0.6593785860553681,0.6742327134052548
RAD51D_Val28Leu,0,1,false,0.8474668718736355,0.859401788621588,0.8534343302476117
ZC4H2_Arg198Gln,0,0,false,0.7224985669553581,0.7745117540153675,0.7485051604853628
CCM2_Pro165Thr,0,0,false,0.6324177068700781,0.6024656527447989,0.6174416798074385
CCM2_Val190Met,0,1,false,0.8193192619018855,0.8652431004113136,0.8422811811565996
CCM2_Arg423Cys,0,0,false,0.7879262990221848,0.7173940236644463,0.7526601613433155
BRCA1_Thr37Lys,0,0,false,0.6642405160649455,0.6713128024423123,0.667776659253629
F9_Val257Ile,0,0,false,0.6364484597322215,0.5701368438787979,0.6032926518055097
CCM2_Tyr221Asp,0,0,false,0.6487470301687588,0.670288986544428,0.6595180083565935
BRAF_Gly469Glu,0,1,false,0.8023572215772281,0.8603214467664364,0.8313393341718323
BRCA1_Gly602Ala,0,0,false,0.5814258163206403,0.5699550497495531,0.5756904330350967
F9_Glu79Asp,0,0,false,0.5812315160008508,0.5695205927181111,0.5753760543594809
BRCA1_Val632Ala,0,0,false,0.5891389770268635,0.5906302069792939,0.5898845920030786
CCM2_Val216Ala,0,0,false,0.6599937407894695,0.6208277838282112,0.6404107623088404
FARS2_Asn280Ser,0,0,false,0.6300007408405252,0.5740099926561126,0.602005366748319
CCM2_Ala140Thr,0,0,false,0.774769108061879,0.7191128263337687,0.7469409671978239
F9_Arg384Pro,0,0,false,0.59304284052363,0.5538733250958946,0.5734580828097623
CCM2_Thr394Ser,0,0,false,0.6600891360644701,0.6811441670080591,0.6706166515362646
CCM2_Glu54Lys,0,0,false,0.7383956426472779,0.7087586921246646,0.7235771673859712
F9_Arg384Leu,0,0,false,0.5843881951960848,0.6019519983360158,0.5931700967660503
CCM2_Gly8Ser,0,0,false,0.7254865757561425,0.7344584528811856,0.7299725143186641
ZC4H2_Ile7Val,0,0,false,0.699425926397476,0.7638938240613475,0.7316598752294118
BRAF_Gln257Arg,0,0,false,0.7073035596677612,0.6842397851859482,0.6957716724268547
CCM2_Ser248Gly,0,0,false,0.7349940611105347,0.6940787049729898,0.7145363830417623
F9_Ala233Thr,0,0,false,0.6587885076208114,0.5832154856075206,0.621001996614166
BRCA1_Lys502Glu,0,0,false,0.6291024680891562,0.6057466062132932,0.6174245371512247
FARS2_His84Pro,0,1,false,0.887160854248671,0.8136917741924147,0.8504263142205428
BRAF_Phe468Ser,0,0,false,0.5989751690208185,0.627623918054935,0.6132995435378767
CCM2_Ile136Val,0,0,false,0.6804501981549894,0.6336588625431699,0.6570545303490797
FH_His318Tyr,0,1,false,0.9127437715065764,0.9210886878375807,0.9169162296720785
CCM2_Arg390Gln,0,0,false,0.7911699182728557,0.6401830004199369,0.7156764593463962
F9_Ser406Leu,0,0,false,0.8019618266126707,0.8044397443777891,0.8032007854952299
RAD51D_Asn138His,0,1,false,0.8609422874604963,0.866268532080196,0.8636054097703462
BRAF_Val471Phe,0,1,false,0.8573388216903048,0.8835386195841965,0.8704387206372507
CCM2_Ala232Val,0,0,false,0.7273725901295526,0.7169201140815078,0.7221463521055302
CCM2_Asp61Asn,0,0,false,0.7621084158410301,0.7555594455797654,0.7588339307103977
CCM2_Ala205Ser,0,0,false,0.6679138987073333,0.6972683432417849,0.6825911209745591
BRCA1_Arg391Met,0,0,false,0.7897695747319182,0.7509032439521811,0.7703364093420497
CCM2_Thr74Met,0,0,false,0.6640676956580395,0.6883126865881296,0.6761901911230845
CCM2_Asn94Ser,0,0,false,0.763298706624021,0.7554270688831194,0.7593628877535702
BRCA1_His41Arg,0,0,false,0.6067865999890389,0.602325246953506,0.6045559234712725
BRCA1_Met548Ile,0,0,false,0.6325617659591509,0.6245681681256134,0.6285649670423822
BRIP1_His587Arg,0,0,false,0.568318358023006,0.5543053319571167,0.5613118449900614
CCM2_Leu298Met,0,0,false,0.6681854765788168,0.7007938803176885,0.6844896784482526
BRCA1_Glu631Lys,0,0,false,0.5752900881747927,0.5641848743431511,0.569737481258972
SHOC2_Thr321Ala,0,0,false,0.5208672264449026,0.6279804172802201,0.5744238218625614
CCM2_Gly436Ser,0,0,false,0.7650189194632814,0.7736271421377953,0.7693230308005383
SDHD_Val111Ile,0,0,false,0.6589767056036917,0.6780290192274393,0.6685028624155656
F9_Ile443Thr,0,0,false,0.7043519763646109,0.6640325913436063,0.6841922838541086
BAP1_Asn290Ser,0,0,false,0.4701910509159922,0.5462376083541024,0.5082143296350473
RET_Thr338Ile,0,0,false,0.6487536270022645,0.7624833833170693,0.7056185051596668
CCM2_Asp411Asn,0,0,false,0.6459605101387073,0.6314629832774719,0.6387117467080896
CCM2_Glu417Gly,0,0,false,0.7203660946488052,0.6729198639578892,0.6966429793033472
F9_Arg3His,0,0,false,0.5373171389772131,0.5082624254947723,0.5227897822359927
RHO_Cys110Tyr,1,1,true,0.9987915518365253,0.9994565263052124,0.9991240390708689
BRAF_Glu501Lys,0,0,false,0.7173894076297742,0.7523478101638303,0.7348686088968023
ZC4H2_Ala157Thr,0,1,false,0.7526950417373834,0.8739425607311573,0.8133188012342704
F9_His282Tyr,0,0,false,0.606244858389353,0.5580911860427258,0.5821680222160395
CCM2_Ala179Ser,0,0,false,0.6431122086744548,0.6485193444477819,0.6458157765611183
RHO_Asp190Gly,1,1,true,0.9988048181080343,0.9990097808617056,0.99890729948487
CTCF_Arg567Trp,1,1,true,0.9877725053771301,0.9910267991260386,0.9893996522515844
CTCF_Arg567Leu,0,0,false,0.5518824850291545,0.55358458993186,0.5527335374805072
CCM2_Arg40His,0,0,false,0.7103190055613036,0.6948003474995564,0.70255967653043
SDHD_His102Arg,0,0,false,0.6542667614092689,0.6962678498203995,0.6752673056148342
F9_Cys28Arg,1,1,true,0.9357822512092926,0.9515289604410935,0.943655605825193
SHOC2_Met173Val,0,0,false,0.6878616173622476,0.6235987748761286,0.6557301961191881
RAF1_Asp381Asn,0,0,false,0.5730280118390341,0.5989864617467393,0.5860072367928867
G6PD_Arg365His,0,0,false,0.598355767809653,0.5789730154026995,0.5886643916061762
BRCA1_Gly666Val,0,0,false,0.6360737433405329,0.5865961401133319,0.6113349417269325
F9_Arg294Gln,1,1,true,0.959610397928917,0.9458073896083651,0.952708893768641
CCM2_Thr241Ile,0,0,false,0.6825857680519474,0.6594597159806025,0.6710227420162749
RAF1_Leu603Pro,1,1,true,0.9237088690546273,0.8977890519686057,0.9107489605116166
FH_Arg233Cys,0,0,false,0.7275122301311205,0.7690478058457322,0.7482800179884264
BRCA1_Ala102Gly,0,1,false,0.8131925236163211,0.836657516852968,0.8249250202346445
CCM2_Val374Met,0,0,false,0.6978225110309153,0.6573661856481414,0.6775943483395284
ZC4H2_Pro201Ser,0,0,false,0.6324959799586146,0.7125287135962444,0.6725123467774294
BRAF_Gly596Val,0,1,false,0.8880574630200504,0.9388614099050215,0.9134594364625359
FANCC_Leu496Arg,0,1,false,0.8687066841100912,0.9177611543477642,0.8932339192289277
CCM2_Arg389Trp,0,0,false,0.7710700445011502,0.6859386371206417,0.728504340810896
BRCA1_Thr587Arg,0,0,false,0.6690546215681334,0.6829568874718809,0.6760057545200071
CCM2_Leu182Pro,0,0,false,0.7419892047782382,0.649485030974906,0.6957371178765721
CCM2_Glu264Asp,0,0,false,0.6808941103649803,0.6976956371160123,0.6892948737404963
CCM2_Thr222Met,0,0,false,0.663348507515793,0.6738431215944833,0.6685958145551382
ABCD1_Arg389Gly,0,0,false,0.6537037928872897,0.6801353381370177,0.6669195655121537
CCM2_Glu223Val,0,0,false,0.7497691460873787,0.7380208120323272,0.7438949790598529
RAF1_Asp486Asn,0,1,false,0.8407653800059124,0.8409450734642149,0.8408552267350636
BRAF_Leu245Phe,0,0,false,0.7043695674766087,0.7125124774002511,0.7084410224384299
CCM2_Pro240Leu,0,0,false,0.7093012201838128,0.7261422249934416,0.7177217225886272
CCM2_Glu366Lys,0,0,false,0.7868685261152447,0.7383248796368379,0.7625967028760413
F9_Cys335Trp,1,1,true,0.9232579925302127,0.965606749575925,0.9444323710530689
CCM2_Ile432Thr,1,1,true,0.9871365845291319,0.9841502226744087,0.9856434036017703
CCM2_Met439Ile,0,0,false,0.738412421308718,0.7701743327856843,0.7542933770472011
RAD51D_Val66Met,0,0,false,0.7092215057588178,0.7150650793283614,0.7121432925435895
CCM2_Gly188Arg,0,0,false,0.6627996324114824,0.5670739186298356,0.614936775520659
F9_Pro414Thr,0,0,false,0.5201954928294141,0.518883292915536,0.5195393928724751
BCL10_Leu8Leu,0,0,false,0.6516932192620288,0.590039839819179,0.620866529540604
RAF1_Thr145Pro,0,0,false,0.7456921596161232,0.49644943616473136,0.6210707978904273
SDHD_Gly138Val,0,1,false,0.7935656755495666,0.8125884349158781,0.8030770552327223
CTCF_Asp46Asn,0,0,false,0.6001324793537326,0.5492493883129237,0.5746909338333281
SHOC2_Ile112Thr,0,0,false,0.5711447812212114,0.5291556453285766,0.550150213274894
F9_Thr194Ala,0,0,false,0.6585075970957769,0.559850751510983,0.6091791743033799
BAP1_Arg59Pro,0,0,false,0.7677483054571528,0.8058891546617344,0.7868187300594436
CCM2_Cys170Tyr,0,0,false,0.6824984024732957,0.6569999798671898,0.6697491911702428
FARS2_Gly3Val,0,0,false,0.6603535278663121,0.6553547696853389,0.6578541487758255
ZC4H2_Arg213Trp,0,0,false,0.6966065856870923,0.7989407065872799,0.7477736461371861
RAD51D_Phe305Leu,,1,,,0.8267720334501847,
CCM2_Ser202Asn,0,0,false,0.6986858179588341,0.6071273197611815,0.6529065688600078
ZC4H2_Lys217Arg,1,1,true,0.9436316328342998,0.9210684162359294,0.9323500245351146
RET_Gly321Arg,0,0,false,0.5887941042210608,0.6611803257002512,0.624987214960656
CCM2_Glu108Gly,0,0,false,0.6849616817743232,0.7430239905017874,0.7139928361380552
CCM2_Leu392Val,0,0,false,0.7083645864732201,0.6095267837939747,0.6589456851335974
CCM2_His137Gln,0,0,false,0.7779313384547812,0.6775596709873092,0.7277455047210453
SOS2_Pro1318Ser,0,0,false,0.7203167506427173,0.7860494926482849,0.7531831216455012
CCM2_Asp126Glu,0,0,false,0.6953177962992445,0.7224002750540789,0.7088590356766618
CCM2_Glu128Lys,0,0,false,0.6626331579596513,0.6561949608471517,0.6594140594034015
CCM2_Thr86Ile,0,0,false,0.7346634943757336,0.8035955874399101,0.7691295409078218
BRCA1_Asp67Tyr,0,0,false,0.592251302985961,0.5749072037561549,0.583579253371058
RET_Thr278Asn,0,0,false,0.7983496361001452,0.7367558764053874,0.7675527562527663
BRCA1_Glu455Lys,1,1,true,0.9667764040364402,0.967510493935972,0.9671434489862061
CCM2_Ile197Leu,0,0,false,0.6641178765015178,0.571383115245179,0.6177504958733484
FH_Pro174Arg,0,,false,0.7126423715559134,,
ZC4H2_Val63Leu,0,1,false,0.8193592736999096,0.8789301326390233,0.8491447031694664
CCM2_Lys65Glu,0,0,false,0.7067245080278582,0.7308090711008677,0.718766789564363
LMNA_Arg41His,1,1,true,0.9232609888207644,0.9437360364829858,0.9334985126518751
BRCA1_His299Tyr,0,0,false,0.7000156735109788,0.7356000021895686,0.7178078378502737
RHO_Arg135Trp,1,1,true,0.9988568481997316,0.9993612686745446,0.999109058437138
RAF1_Gly361Ala,1,1,true,0.9480240130240131,0.9087415912252683,0.9283828021246407
CCM2_Thr395Ile,0,0,false,0.7680104312818865,0.7217202769954331,0.7448653541386598
BRCA1_Thr581Ala,0,0,false,0.6496900678307447,0.6163536323770533,0.633021850103899
SDHD_Phe34Cys,0,0,false,0.6919334934576995,0.703640298226683,0.6977868958421912
CCM2_Gly103Arg,0,1,false,0.7863950813616225,0.8070977790025143,0.7967464301820684
SHOC2_Ser4Arg,0,0,false,0.5819466250944874,0.6001525113277493,0.5910495682111183
BRCA1_Arg71Lys,0,0,false,0.6027046012828592,0.5701636836655767,0.5864341424742179
BCL10_Ala5Ser,0,0,false,0.7982727044729732,0.7590434005497553,0.7786580525113642
RPS19_Gly127Glu,1,1,true,0.9398991523914046,0.9264400032211701,0.9331695778062874
CCM2_Thr44Ser,0,0,false,0.6876702907764084,0.7375956790719699,0.7126329849241891
CCM2_Lys23Arg,0,1,false,0.8156925651342056,0.8293815960781807,0.8225370806061931
CCM2_Ser393Gly,0,0,false,0.8319770304326298,0.7762478200058159,0.8041124252192229
CCM2_Gln313Arg,0,0,false,0.7329329124243245,0.763277225814209,0.7481050691192668
CCM2_Ala123Val,0,0,false,0.7294784657881531,0.6646867130486099,0.6970825894183815
CCM2_Val45Gly,0,0,false,0.6982309050562742,0.7472275226036228,0.7227292138299485
BRIP1_Leu195Pro,0,0,false,0.5661690588863292,0.5347881935942591,0.5504786262402941
F9_Lys39Arg,0,0,false,0.5350633859465466,0.5877649119248235,0.561414148935685
F9_Phe395Ile,0,1,false,0.7756892937099903,0.8763560852889029,0.8260226894994466
RAD51D_Thr328Ile,0,1,false,0.8594834956432398,0.8569300635041579,0.8582067795736988
CCM2_His137Arg,0,0,false,0.650051713904427,0.6531746072243969,0.651613160564412
RET_Arg67His,0,0,false,0.5730841862949054,0.6733514651314532,0.6232178257131793
SDHD_Ile31Val,0,0,false,0.7822884068828609,0.7645016664786322,0.7733950366807465
BRCA1_Cys64Tyr,0,0,false,0.5882666211971772,0.6446366599667661,0.6164516405819717
RAD51D_Ser46Cys,0,0,false,0.6010240484077698,0.6206592738710235,0.6108416611393966
CCM2_Ser398Tyr,0,0,false,0.804146760406756,0.7424265500778863,0.7732866552423212
CCM2_His364Tyr,0,0,false,0.68678959338609,0.6981423914502719,0.692465992418181
FARS2_Thr246Met,0,0,false,0.6920199149843118,0.6645547593453522,0.678287337164832
CCM2_Glu290Lys,0,0,false,0.6676439962874102,0.743872310577243,0.7057581534323266
RAF1_Cys95Trp,0,0,false,0.668465979472596,0.6296292280023695,0.6490476037374828
F9_Glu73Val,0,0,false,0.6697054691881857,0.6409079114290409,0.6553066903086133
CCM2_Arg52Cys,0,0,false,0.6688695278146889,0.629944735776426,0.6494071317955574
RET_Leu56Met,0,0,false,0.5657909165952649,0.6237639513544591,0.5947774339748619
F9_Asp110Gly,0,0,false,0.810909250132672,0.5639616148919556,0.6874354325123138
CCM2_Ala98Pro,0,0,false,0.6679804585131569,0.695321171346742,0.6816508149299494
F9_Ile136Thr,0,0,false,0.6281027226715038,0.549661236568418,0.5888819796199609
BRCA1_Leu460Pro,0,0,false,0.5630470495584411,0.5854112952295794,0.5742291723940103
FARS2_Leu371Phe,0,0,false,0.717495978577659,0.6821719742541319,0.6998339764158954
F9_Asp110Asn,0,0,false,0.627758372903365,0.5456975033066568,0.5867279381050109
LMNA_Ala43Thr,0,0,false,0.7708898139647685,0.7939375302233185,0.7824136720940436
SDHD_His102Leu,1,1,true,0.9300170912530235,0.9223032204480915,0.9261601558505574
RAF1_Asn71Ser,0,0,false,0.5879599757657987,0.6096420347057481,0.5988010052357734
CCM2_His247Asp,0,0,false,0.6905327646958176,0.7331302884546999,0.7118315265752587
BRCA1_Phe558Ser,0,0,false,0.5920863402600377,0.6686533174833049,0.6303698288716713
BRIP1_Thr266Lys,1,1,true,0.9615832699074632,0.9480503040824875,0.9548167869949753
CCM2_Cys211Ser,0,0,false,0.7553884267681901,0.7391318843825001,0.7472601555753451
BRIP1_Val76Ile,0,0,false,0.5339558078061277,0.5045753341166733,0.5192655709614005
BRCA1_Cys64Ser,0,0,false,0.5482530258345837,0.5706117765812351,0.5594324012079094
CTCF_Pro643Ser,0,0,false,0.5988238172499737,0.5385378103106395,0.5686808137803065
FH_Ser334Arg,0,1,false,0.8791661597177707,0.8896775077367751,0.8844218337272729
F9_Cys407Arg,0,1,false,0.7615435401492372,0.819888078818558,0.7907158094838975
CCM2_Ser183Leu,0,1,false,0.8224479300550779,0.8621885789994654,0.8423182545272716
ZC4H2_Leu66His,1,1,true,0.9593737599481353,0.9651358108364356,0.9622547853922855
CCM2_Ala205Thr,0,0,false,0.6832754876343606,0.6115964301650022,0.6474359588996814
F9_Arg191Cys,0,1,false,0.7943654087632819,0.8168357042890217,0.8056005565261518
CCM2_Ser330Phe,0,1,false,0.766259825795092,0.8357219304655654,0.8009908781303288
CCM2_Pro77Ser,0,0,false,0.6644646276075985,0.7004848833824359,0.6824747554950172
G6PD_Glu398Lys,0,0,false,0.6287170343612098,0.6046830350148106,0.6167000346880103
BRCA1_Asn132Lys,0,0,false,0.6201858382569072,0.588084297989837,0.6041350681233721
BRCA1_Met1Thr,0,0,false,0.7277103770114973,0.7054386073761139,0.7165744921938055
RAF1_Leu613Val,0,,false,0.7311140041621398,,
CCM2_Asp410Val,0,0,false,0.6635761013272283,0.5540944839678715,0.60883529264755
BAP1_Thr423Lys,0,0,false,0.5944705573730475,0.5913878479956969,0.5929292026843722
CCM2_Arg346His,0,0,false,0.7661391852308141,0.7135708066576184,0.7398549959442162
FARS2_Asp325Tyr,0,0,false,0.654861966035327,0.6022948699449799,0.6285784179901535
CCM2_Glu66Lys,0,1,false,0.8137356756359364,0.8248666284265247,0.8193011520312306
BRAF_Gly464Val,0,0,false,0.8120077096139896,0.7584744950883529,0.7852411023511712
BRAF_Leu485Phe,0,0,false,0.6234174997483835,0.6156842460573113,0.6195508729028474
SDHD_Ala90Glu,0,0,false,0.6703015969192654,0.6694697369446265,0.669885666931946
CCM2_Arg423His,0,0,false,0.7372138065915722,0.6979981581447616,0.7176059823681669
SHOC2_Leu174Phe,0,0,false,0.4974577234560772,0.7779650367215825,0.6377113800888299
CCM2_Gln218Arg,0,1,false,0.7143442854282177,0.8173802650621891,0.7658622752452033
RPS19_Val15Phe,1,1,true,0.9299782816405753,0.9272287878226337,0.9286035347316045
BRCA1_His239Arg,0,0,false,0.6099540130293993,0.6160475178425995,0.6130007654359995
CCM2_Asn81Lys,0,0,false,0.6779651939274892,0.6913715666736211,0.6846683803005551
BRCA1_Phe591Leu,0,0,false,0.5730925574771046,0.5909860710690498,0.5820393142730772
CCM2_His364Arg,0,0,false,0.6910500998015499,0.7215753445338221,0.7063127221676859
CCM2_Pro102Ser,0,0,false,0.6957288594115901,0.7471196172536847,0.7214242383326375
RAD51D_Arg165Gln,0,1,false,0.7805954915371156,0.8077254720264085,0.794160481781762
CTCF_Tyr407Cys,0,0,false,0.6319899154813169,0.6115268016187972,0.621758358550057
CCM2_Asp129His,0,0,false,0.6912262349531879,0.6949436486255353,0.6930849417893616
FARS2_Asp142Tyr,0,0,false,0.6173185379087089,0.5196333742385993,0.5684759560736541
CTCF_Tyr226Cys,0,0,false,0.6984678909542277,0.7317026977806438,0.7150852943674357
FH_Gln376Pro,1,1,true,0.9212620250168752,0.927645608851126,0.9244538169340006
ZC4H2_Arg211Trp,0,1,false,0.8721611341068858,0.8831407524261641,0.8776509432665249
CCM2_Gly379Ser,0,1,false,0.8313271884010827,0.853520666244188,0.8424239273226353
LMNA_Arg386Thr,1,1,true,0.9308300077068559,0.9487919087650836,0.9398109582359697
BRCA1_Met671Lys,0,0,false,0.5873159676168487,0.5591239921994365,0.5732199799081426
CCM2_Glu201Asp,0,0,false,0.64169208523169,0.5366414186505616,0.5891667519411258
SDHD_Glu69Lys,0,0,false,0.7555743970588644,0.7236939001248953,0.7396341485918798
BAP1_Arg718Gln,0,0,false,0.5936426281402539,0.6528652590864701,0.623253943613362
SDHD_His50Arg,0,0,false,0.6832630278631981,0.6652342007748537,0.6742486143190259
CCM2_Gln72Arg,0,0,false,0.7386299314354393,0.7353215597747057,0.7369757456050725
CCM2_Leu212Val,0,0,false,0.6848675879017961,0.6848960831267975,0.6848818355142968
BRCA1_Arg71Gly,0,0,false,0.6944998345373197,0.7233159885663143,0.708907911551817
RAF1_Thr491Arg,0,0,false,0.8195749846299577,0.614511229929388,0.7170431072796728
SDHD_Asp92Gly,0,0,false,0.7399687258357903,0.7138023258345222,0.7268855258351563
F9_Ile210Thr,0,1,false,0.7507334744047678,0.839581213502512,0.7951573439536399
SHOC2_Gln269Arg,0,0,false,0.5978355866482887,0.5559407095152349,0.5768881480817618
CCM2_Gly214Cys,0,0,false,0.7734907190864342,0.7962151435603673,0.7848529313234007
BRCA1_Met1Ile,0,1,false,0.8058535923623,0.8138214775248509,0.8098375349435755
SDHD_Leu107Pro,0,0,false,0.7385497739042866,0.7113724571764064,0.7249611155403465
CCM2_Gly188Glu,0,0,false,0.6531585693580576,0.7428441944780747,0.6980013819180662
CCM2_Arg346Cys,0,0,false,0.6754155298372062,0.6283138965152368,0.6518647131762215
CCM2_Asp419Tyr,0,0,false,0.7775301175961061,0.760357180323309,0.7689436489597076
CCM2_Ile130Val,0,0,false,0.7307419457708692,0.7367423844458605,0.7337421651083649
BRCA1_Cys39Arg,0,0,false,0.6838898807346248,0.6661758331071612,0.675032856920893
F9_His303Tyr,0,0,false,0.5052630828780045,0.5794276617633656,0.542345372320685
CCM2_Asp376His,0,1,false,0.8751283042586163,0.8146472805772265,0.8448877924179214
BAP1_Leu49Pro,0,0,false,0.5967521463949499,0.6657581164329734,0.6312551314139616
FARS2_Gly309Ser,0,1,false,0.8602683622404165,0.8157167714647896,0.837992566852603
BRAF_Lys499Asn,0,0,false,0.723604736819513,0.6902896207692975,0.7069471787944053
G6PD_Ile48Thr,0,0,false,0.7273346880127407,0.742077046496641,0.7347058672546909
RPS19_Arg101His,0,1,false,0.8688907373114537,0.8569362117266311,0.8629134745190424
FH_Arg160Gly,1,,,0.9960208068209432,,
CCM2_Phe91Ile,0,0,false,0.7274069783189079,0.7471260162507857,0.7372664972848468
BAP1_Thr93Ala,0,0,false,0.7352479785685421,0.7391766116544778,0.7372122951115099
LMNA_Arg349Leu,0,1,false,0.8995682154730721,0.8650693378175387,0.8823187766453053
RPS19_Arg62Trp,0,,false,0.7500130076728224,,
RAD51D_Ile251Val,0,1,false,0.7507405786222502,0.8776326848965458,0.814186631759398
BRAF_Thr241Arg,0,,false,0.709832736735065,,
SHOC2_Ser2Gly,1,,,0.9555586768951861,,
BAP1_Glu31Lys,0,0,false,0.48738181481417137,0.5734616308078598,0.5304217228110156
FH_Leu507Pro,1,,,0.9383105706353202,,
