Gene,Variant,U2OS_paired_t_stat,U2OS_t_pval,Ref_well,Var_well
CCM2,CCM2_Arg423Pro,1.000000160719671,0.3506165902794156,M10,L04
CCM2,CCM2_Arg423Pro,175216189.65857023,5.209014655999004e-56,B02,L04
CCM2,CCM2_Arg423Pro,4.82366229921958,0.001913371938954902,B01,L04
F9,F9_Val374Phe,5.504701111376828,0.0009020360212474599,G06,O06
RAD51D,RAD51D_Cys9Ser,2.6457514709197074,0.0331454925709179,A01,C01
SDHD,SDHD_Ile31Val,7.00000010989606,0.00021155483128716072,A21,I02
SDHD,SDHD_Ile31Val,143878342.83223101,2.0692225948674027e-55,A02,I02
RPS19,RPS19_Gly127Glu,7.707857851852217,0.0001154978914415701,G19,O19
F9,F9_Val227Ile,1.0000001852001514,0.35061657923015654,G06,C18
F9,F9_Gly442Arg,4.582575807342723,0.0025359957422269636,G06,K10
RET,RET_Pro64Leu,2.6457514425831525,0.03314549393458405,O13,E15
BRAF,BRAF_Glu501Lys,3.415650364748753,0.01120143088784805,I05,K07
ZC4H2,ZC4H2_Val63Leu,4.379400322539803,0.003236826089190339,I06,O06
ZC4H2,ZC4H2_Val63Leu,1.00000011042825,0.3506166129784375,I06,M06
BRCA1,BRCA1_Ser611Arg,3.4156503770488977,0.011201430700557317,A11,E17
BRCA1,BRCA1_Ser611Arg,2.6457514065464496,0.03314549566881156,A11,K15
BRAF,BRAF_Phe595Leu,4.917767809351777,0.0017179985773685866,I05,A09
F9,F9_Ser406Leu,1.0000002658260796,0.35061654283966454,G06,A10
CCM2,CCM2_Thr241Ile,2.049390262620806,0.0796019995983915,M10,B13
CCM2,CCM2_Thr241Ile,101874158.56481804,2.3191399570938856e-54,B02,B13
CCM2,CCM2_Thr241Ile,1.000000334477862,0.3506165118537028,B01,B13
CCM2,CCM2_Thr394Ser,2.04939021834028,0.07960200480091276,M10,F23
CCM2,CCM2_Thr394Ser,145940647.08643314,1.8730153153486068e-55,B02,F23
CCM2,CCM2_Thr394Ser,1.527525511670747,0.1704705925668134,B01,F23
CCM2,CCM2_Ser330Phe,1.0000003006841656,0.3506165271064777,M10,P17
CCM2,CCM2_Ser330Phe,7.0000000502913915,0.0002115548424918902,B02,P17
CCM2,CCM2_Ser330Phe,1.0000006064241114,0.3506163891108643,B01,P17
CCM2,CCM2_Gly8Ser,6.82258182074949,0.0002480698712568258,M10,C12
CCM2,CCM2_Gly8Ser,4.582575717717741,0.0025359960117960927,B02,C12
CCM2,CCM2_Gly8Ser,7.006024763662077,0.00021042569626061248,B01,C12
CCM2,CCM2_Cys211Ser,7.000000227242706,0.00021155480922785993,M10,D09
CCM2,CCM2_Cys211Ser,138933978.0438618,2.6431140614351607e-55,B02,D09
CCM2,CCM2_Cys211Ser,2.0493903496549493,0.07960198937274643,B01,D09
CCM2,CCM2_Glu108Gly,7.000000296160582,0.000211554796272398,M10,I22
CCM2,CCM2_Glu108Gly,125801376.54274689,5.296359408387204e-55,B02,I22
CCM2,CCM2_Glu108Gly,2.049390358052981,0.07960198838606139,B01,I22
FH,FH_Arg233Cys,3.4156502845857304,0.011201432108467232,F03,H05
RET,RET_Thr338Ile,2.0493902524413743,0.07960200079437332,O13,A15
CCM2,CCM2_Arg390Gln,1.5275254376945777,0.17047061058942953,M10,P21
CCM2,CCM2_Arg390Gln,3.415650283737437,0.011201432121383954,B02,P21
CCM2,CCM2_Arg390Gln,1.0000004880131,0.35061644255562635,B01,P21
RAD51D,RAD51D_Gly289Ser,118821116.19466276,7.898048691737963e-55,A01,G03
ZC4H2,ZC4H2_Lys217Arg,4.109348315318837,0.004519611248172494,I06,M08
CCM2,CCM2_Ser426Leu,1.5275253563681925,0.17047063040276134,M10,B06
CCM2,CCM2_Ser426Leu,7.000000001862642,0.00021155485159572547,B02,B06
CCM2,CCM2_Ser426Leu,3.855199810303174,0.006250209955480989,B01,B06
CCM2,CCM2_Gly407Asp,7.000000238418584,0.00021155480712697292,M10,N23
CCM2,CCM2_Gly407Asp,71115593.22395024,2.8709216565003827e-53,B02,N23
CCM2,CCM2_Gly407Asp,2.0493903705227865,0.07960198692098354,B01,N23
FARS2,FARS2_Asp325Tyr,3.0087477420464186,0.019696969628260484,B01,B03
FARS2,FARS2_Asp325Tyr,4.582575714872501,0.002535996020353853,C24,B03
CCM2,CCM2_Asp410His,4.582575795961772,0.0025359957764579623,M10,D02
CCM2,CCM2_Asp410His,135746080.71747193,3.1094537776810366e-55,B02,D02
CCM2,CCM2_Asp410His,2.049390348637002,0.07960198949234507,B01,D02
CCM2,CCM2_Pro55Ala,2.6457514398110975,0.033145494067986205,M10,C16
CCM2,CCM2_Pro55Ala,113282104.73223531,1.1031791252315239e-54,B02,C16
CCM2,CCM2_Pro55Ala,1.527525566441576,0.1704705792231439,B01,C16
SHOC2,SHOC2_Glu13Ala,1.000000247731816,0.35061655100650574,B23,P19
F9,F9_Ile7Phe,2.049390295958443,0.07960199568155096,G06,C12
SHOC2,SHOC2_Thr494Asn,,,B23,A04
SHOC2,SHOC2_Thr494Asn,1.000000284186452,0.35061653455271613,B23,L21
SHOC2,SHOC2_Thr494Asn,1.0000003272933855,0.35061651509641456,K02,A04
SHOC2,SHOC2_Thr494Asn,,,K02,L21
CCM2,CCM2_Glu2Lys,1.5275253871916008,0.17047062289333578,M10,O10
CCM2,CCM2_Glu2Lys,7.0000000651925705,0.00021155483969070564,B02,O10
CCM2,CCM2_Glu2Lys,1.0000004329319743,0.35061646741647234,B01,O10
FARS2,FARS2_Asn280Ser,4.130549354043777,0.00440095613870484,B01,L01
FARS2,FARS2_Asn280Ser,2.0493901844936713,0.07960200877755277,C24,L01
CCM2,CCM2_Gln72Arg,1.5275253888513194,0.1704706224889829,M10,O16
CCM2,CCM2_Gln72Arg,251071552.45499566,4.199452231541444e-57,B02,O16
CCM2,CCM2_Gln72Arg,5.4723974898302306,0.0009334791847219602,B01,O16
CCM2,CCM2_Glu264Asp,1.000000178547849,0.3506165822326717,M10,B15
CCM2,CCM2_Glu264Asp,167353804.16983217,7.18333431505757e-56,B02,B15
CCM2,CCM2_Glu264Asp,5.341599055767417,0.0010738948491954819,B01,B15
CCM2,CCM2_Phe217Leu,20.382111023253618,1.7157351692285694e-7,M10,N09
CCM2,CCM2_Phe217Leu,11.609796964392842,7.93522933858956e-6,B02,N09
CCM2,CCM2_Phe217Leu,16.429818358161754,7.546508196359724e-7,B01,N09
FH,FH_Arg101Pro,167276440.39232674,7.2066221774341025e-56,F03,L03
CCM2,CCM2_Val45Gly,2.6457514077784734,0.03314549560952176,M10,I14
CCM2,CCM2_Val45Gly,168354102.96119395,6.889842052541708e-56,B02,I14
CCM2,CCM2_Val45Gly,1.0000003342117714,0.35061651197380295,B01,I14
F9,F9_Arg384Leu,3.007334038146191,0.019736371292147295,G06,E08
F9,F9_Pro175Ser,2.645751395766241,0.03314549618759753,G06,O14
BRCA1,BRCA1_Tyr179Cys,7.566759042337927,0.00027675117133950394,A11,C11
CCM2,CCM2_Ser164Phe,4.582575728387377,0.0025359959797045407,M10,D03
CCM2,CCM2_Ser164Phe,71272786.44590136,2.8268908145049654e-53,B02,D03
CCM2,CCM2_Ser164Phe,3.41565045551535,0.011201429505771465,B01,D03
FARS2,FARS2_Gly309Ser,1.5275253309981565,0.17047063658359624,B01,P01
FARS2,FARS2_Gly309Ser,124288833.51541029,5.764350987782525e-55,C24,P01
F9,F9_Ala233Thr,2.645751444123183,0.033145493860471734,G06,E18
SDHD,SDHD_Ala90Val,7.000000005587927,0.00021155485089543086,A21,A23
SDHD,SDHD_Ala90Val,132111661.69799855,3.7599936832852014e-55,A02,A23
KRAS,KRAS_Gly60Ser,2.645751454287382,0.0331454933713306,B13,P13
CCM2,CCM2_Arg412Trp,2.645751399770319,0.03314549599490556,M10,L02
CCM2,CCM2_Arg412Trp,91648823.41921218,4.8628060020934466e-54,B02,L02
CCM2,CCM2_Arg412Trp,2.0493904461050674,0.07960197804081968,B01,L02
CTCF,CTCF_Arg567Trp,2.2467893963047323,0.05947914658227662,I02,E04
BRCA1,BRCA1_Thr616Ala,6.233928517816243,0.0004308100442908221,A11,A23
CCM2,CCM2_Val216Ala,7.000000026077026,0.00021155484704380597,M10,L09
CCM2,CCM2_Val216Ala,173041939.86564198,5.684805049148113e-56,B02,L09
CCM2,CCM2_Val216Ala,2.0493903066468495,0.07960199442576962,B01,L09
CCM2,CCM2_Tyr221Asp,2.645751481083905,0.033145492081776896,M10,B11
CCM2,CCM2_Tyr221Asp,107110387.40124016,1.632879251832352e-54,B02,B11
CCM2,CCM2_Tyr221Asp,1.0000003738595113,0.3506164940788079,B01,B11
CCM2,CCM2_Arg52Cys,2.6457514598314895,0.03314549310452643,M10,O14
CCM2,CCM2_Arg52Cys,93034982.74406478,4.3777527692834864e-54,B02,O14
CCM2,CCM2_Arg52Cys,1.0000003722629622,0.35061649479941015,B01,O14
BRAF,BRAF_Gly464Val,4.383115862384623,0.003222238147491784,I05,K05
CCM2,CCM2_Lys30Glu,2.049390301557133,0.07960199502376061,M10,O12
CCM2,CCM2_Lys30Glu,7.000000091269607,0.00021155483478863763,B02,O12
CCM2,CCM2_Lys30Glu,1.0000003967434357,0.3506164837501566,B01,O12
BAP1,BAP1_Cys91Gly,3.4156503329380303,0.011201431372220714,I01,A03
CCM2,CCM2_Ala232Val,1.000000259972053,0.35061654548187804,M10,J11
CCM2,CCM2_Ala232Val,227382021.08469835,8.403928418490238e-57,B02,J11
CCM2,CCM2_Ala232Val,6.723665939474403,0.00027147637582061333,B01,J11
RAD51D,RAD51D_Ile251Val,2.645751386218054,0.03314549664709374,A01,C03
BRIP1,BRIP1_Val76Ile,2.0493901903468443,0.07960200808986315,E23,K23
BRIP1,BRIP1_Val76Ile,3.4156505704581104,0.011201427755571751,G02,K23
BRIP1,BRIP1_Val76Ile,4.58257622274745,0.0025359944927957003,A02,K23
CCM2,CCM2_Asp376His,7.000000007450568,0.00021155485054528375,M10,J21
CCM2,CCM2_Asp376His,117285118.27589099,8.651169682640133e-55,B02,J21
CCM2,CCM2_Asp376His,1.5275253582650175,0.17047062994064274,B01,J21
F9,F9_Cys170Tyr,5.196104915678863,0.0012583859585505689,G06,M14
BRCA1,BRCA1_Cys61Gly,3.41565037577647,0.0112014307199322,A11,G19
CCM2,CCM2_Val374Met,199052543.4780334,2.1330502272522525e-56,M10,H21
CCM2,CCM2_Val374Met,167057392.285975,7.273028943530108e-56,B02,H21
CCM2,CCM2_Val374Met,1.5275253383483556,0.17047063479288668,B01,H21
CCM2,CCM2_Val255Leu,2.6457514096265102,0.033145495520586966,M10,N13
CCM2,CCM2_Val255Leu,182718773.34616432,3.884123266961931e-56,B02,N13
CCM2,CCM2_Val255Leu,1.5275255173612212,0.1704705911804584,B01,N13
CCM2,CCM2_Gly176Val,2.0493902135050495,0.0796020053690042,M10,N03
CCM2,CCM2_Gly176Val,217205821.43829513,1.1579104560186739e-56,B02,N03
CCM2,CCM2_Gly176Val,1.0000003209071635,0.35061651797883336,B01,N03
BRCA1,BRCA1_Ala102Gly,1.5275253724912057,0.17047062647475414,A11,A21
LMNA,LMNA_Arg386Thr,2.645751348641322,0.033145498455433645,O05,G05
BRCA1,BRCA1_Ser186Tyr,3.415650290947873,0.011201432011592712,A11,E21
RAF1,RAF1_Phe22Leu,7.000000284984707,0.0002115547983732842,A06,L09
RAF1,RAF1_Phe22Leu,1.5275253826866408,0.17047062399086726,C06,L09
RAF1,RAF1_Phe22Leu,2.645751376977874,0.03314549709176749,N17,L09
LMNA,LMNA_Arg349Leu,,,O05,H23
LMNA,LMNA_Arg349Leu,3.415650310882594,0.011201431708052469,O05,K05
F9,F9_Arg191Cys,3.4866202949651943,0.01017494023664184,G06,C16
LMNA,LMNA_Ala43Thr,7.000000024214381,0.00021155484739395362,O05,A05
CCM2,CCM2_Asp411Asn,7.000000346452015,0.00021155478681841115,M10,H02
CCM2,CCM2_Asp411Asn,103777165.59733799,2.0373355671590792e-54,B02,H02
CCM2,CCM2_Asp411Asn,2.6457515642455323,0.03314548807971374,B01,H02
CCM2,CCM2_Tyr261Asp,4.582575911193896,0.002535995429869111,M10,P13
CCM2,CCM2_Tyr261Asp,114551366.37458538,1.020406659808529e-54,B02,P13
CCM2,CCM2_Tyr261Asp,1.0000002857829986,0.3506165338321149,B01,P13
LMNA,LMNA_Arg377Leu,,,O05,N23
LMNA,LMNA_Arg377Leu,2.6457513763618623,0.03314549712141239,O05,I05
RHO,RHO_Pro267Thr,6.437157064447852,0.0003545519851312502,I17,A19
ZC4H2,ZC4H2_Pro201Ser,1.0000001423593106,0.3506165985663598,I06,K06
ZC4H2,ZC4H2_Pro201Ser,7.710882158399326,0.00011521086129649199,I06,A08
BRCA1,BRCA1_Phe558Ser,4.582575806631406,0.002535995744366422,A11,I19
CCM2,CCM2_Leu212Val,2.049390209433277,0.07960200584739698,M10,F09
CCM2,CCM2_Leu212Val,118311247.86049631,8.139410578990927e-55,B02,F09
CCM2,CCM2_Leu212Val,1.0000002440065276,0.3506165526879135,B01,F09
CTCF,CTCF_Tyr407Cys,7.000000368803764,0.00021155478261663892,I02,O02
CCM2,CCM2_Ile130Val,2.049390269237436,0.07960199882100323,M10,K24
CCM2,CCM2_Ile130Val,123119742.02530885,6.1585904391957056e-55,B02,K24
CCM2,CCM2_Ile130Val,1.527525588966375,0.17047057373548813,B01,K24
BRCA1,BRCA1_Glu455Lys,2.645751498640249,0.03314549123689683,A11,A19
FARS2,FARS2_Gly3Val,4.150110398008528,0.004294502028824337,B01,N01
FARS2,FARS2_Gly3Val,2.04939019899936,0.07960200707327851,C24,N01
LMNA,LMNA_Leu162Pro,1.0000001918524561,0.35061657622764036,O05,C04
BRAF,BRAF_Gln262Lys,3.3290490377403623,0.012607505897050326,I05,O09
RPS19,RPS19_Arg101His,1.5275253113185967,0.17047064137807577,G19,M19
CCM2,CCM2_Asp442Asn,2.0493903107186218,0.07960199394737692,M10,F08
CCM2,CCM2_Asp442Asn,101666006.31934229,2.352582460605372e-54,B02,F08
CCM2,CCM2_Asp442Asn,1.0000003858336566,0.3506164886742816,B01,F08
F9,F9_Cys268Trp,6.80580937137436,0.00025187376916836025,G06,K18
CCM2,CCM2_His332Arg,2.0493902465882035,0.07960200148206274,M10,D19
CCM2,CCM2_His332Arg,101212825.60074377,2.4273162059827163e-54,B02,D19
CCM2,CCM2_His332Arg,1.5275255436796769,0.170470584768564,B01,D19
CCM2,CCM2_Thr106Ile,2.6457514096265102,0.033145495520586966,M10,E22
CCM2,CCM2_Thr106Ile,152637596.8834906,1.3681841720900834e-55,B02,E22
CCM2,CCM2_Thr106Ile,1.000000353902592,0.35061650308635706,B01,E22
CCM2,CCM2_Leu310Val,1.5275254429108371,0.17047060931860628,M10,L17
CCM2,CCM2_Leu310Val,191598372.69901368,2.7863295970261915e-56,B02,L17
CCM2,CCM2_Leu310Val,6.09985275958503,0.0004911527975841044,B01,L17
CCM2,CCM2_Ala237Val,1.527525304916814,0.17047064293772532,M10,N11
CCM2,CCM2_Ala237Val,128928134.593276,4.460066228800727e-55,B02,N11
CCM2,CCM2_Ala237Val,3.462134401708833,0.010517150036946933,B01,N11
BAP1,BAP1_Asn290Ser,3.415650451273922,0.011201429570354457,I01,O01
BAP1,BAP1_Arg718Gln,2.049390336676173,0.07960199089762326,I01,E03
SDHD,SDHD_Arg70Thr,154020923.2389952,1.2844498282785803e-55,A21,M21
SDHD,SDHD_Arg70Thr,145874494.3099912,1.8789691801958176e-55,A02,M21
ZC4H2,ZC4H2_Ala200Thr,5.682062973976312,0.0007491281331314925,I06,K08
RAD51D,RAD51D_His23Arg,3.415650394438763,0.011201430435766886,A01,M01
CCM2,CCM2_Pro77Ser,4.582575896256397,0.0025359954747972953,M10,E18
CCM2,CCM2_Pro77Ser,111906293.93392737,1.2016932147242799e-54,B02,E18
CCM2,CCM2_Pro77Ser,2.049390416330226,0.07960198153906634,B01,E18
RET,RET_Gly321Arg,4.582575788848679,0.002535995797852334,O13,C17
SHOC2,SHOC2_Asn527Ser,4.5825757653754655,0.0025359958684537877,B23,H21
CCM2,CCM2_Arg40Cys,1.5275253815011243,0.17047062427969153,M10,A14
CCM2,CCM2_Arg40Cys,117223773.04880205,8.68291062627254e-55,B02,A14
CCM2,CCM2_Arg40Cys,3.3068826312249455,0.01299712500368673,B01,A14
RAF1,RAF1_Leu613Val,1.00000020276224,0.3506165713035122,A06,F11
RAF1,RAF1_Leu613Val,8.12245535735491,0.00008271268111554491,C06,F11
RAF1,RAF1_Leu613Val,7.623437896664853,0.0001238450496449782,N17,F11
F9,F9_Ile443Thr,2.603126825347658,0.035264293228412145,G06,M10
CCM2,CCM2_Thr296Ala,3.415650347783036,0.011201431146180107,M10,D17
CCM2,CCM2_Thr296Ala,75494417.39940707,1.8896063322263491e-53,B02,D17
CCM2,CCM2_Thr296Ala,1.5275254500239361,0.17047060758566082,B01,D17
CCM2,CCM2_Ile432Phe,2.6457514053144258,0.033145495728101375,M10,H06
CCM2,CCM2_Ile432Phe,143315111.8878802,2.1268227237174435e-55,B02,H06
CCM2,CCM2_Ile432Phe,1.000000346185924,0.35061650656927296,B01,H06
SDHD,SDHD_Gly106Val,7.000000113621351,0.00021155483058686505,A21,K23
SDHD,SDHD_Gly106Val,104461158.81202814,1.945769208739791e-54,A02,K23
BRAF,BRAF_Gly596Val,4.582575756128446,0.0025359958962664656,I05,C09
F9,F9_Tyr161Cys,4.181331575015963,0.004130393319615212,G06,G14
BRCA1,BRCA1_Thr581Ile,4.5825757326552345,0.002535995966867912,A11,E13
CCM2,CCM2_Met439Ile,2.0493903448197277,0.07960198994083671,M10,P06
CCM2,CCM2_Met439Ile,61036150.80358898,8.368839515337526e-53,B02,P06
CCM2,CCM2_Met439Ile,2.04939048427794,0.07960197355588837,B01,P06
CCM2,CCM2_Ile425Thr,1.0000002605042366,0.350616545241677,M10,P04
CCM2,CCM2_Ile425Thr,7.000000031664959,0.0002115548459933637,B02,P04
CCM2,CCM2_Ile425Thr,5.31467821334112,0.0011056275131189064,B01,P04
FARS2,FARS2_Thr246Met,1.0000001953116535,0.3506165746663322,B01,J01
FARS2,FARS2_Thr246Met,4.582575717006429,0.0025359960139355402,C24,J01
F9,F9_Cys178Phe,5.007347130636393,0.0015523836195453539,G06,A16
CTCF,CTCF_Ala697Thr,2.0493903038475008,0.0796019947546652,I02,K04
CCM2,CCM2_Phe91Ile,3.4156503342104574,0.011201431352845834,M10,G20
CCM2,CCM2_Phe91Ile,95233154.64326684,3.717560165025414e-54,B02,G20
CCM2,CCM2_Phe91Ile,2.0493903924085632,0.07960198434962303,B01,G20
CCM2,CCM2_Arg19Gln,2.0493903122455355,0.07960199376797983,M10,G12
CCM2,CCM2_Arg19Gln,7.0000001136213434,0.00021155483058686678,B02,G12
CCM2,CCM2_Arg19Gln,1.5275256186042678,0.17047056651488882,B01,G12
CCM2,CCM2_Gly103Arg,4.582575814455816,0.0025359957208325895,M10,C22
CCM2,CCM2_Gly103Arg,143643930.00799188,2.0929760119938797e-55,B02,C22
CCM2,CCM2_Gly103Arg,2.0493903852829596,0.07960198518681036,B01,C22
CTCF,CTCF_Arg342Gly,70189010.50141189,3.146961007381072e-53,I02,K02
CCM2,CCM2_Ser251Tyr,4.582575859979621,0.002535995583908586,M10,J13
CCM2,CCM2_Ser251Tyr,74439437.0111718,2.0852284524878248e-53,B02,J13
CCM2,CCM2_Ser251Tyr,2.6457515667095763,0.0331454879611343,B01,J13
SDHD,SDHD_Phe34Cys,97446801.41221622,3.1652067433120977e-54,A21,C21
SDHD,SDHD_Phe34Cys,89665659.30643207,5.667508473454206e-54,A02,C21
CCM2,CCM2_Gly188Trp,4.582575834372479,0.002535995660928343,M10,L05
CCM2,CCM2_Gly188Trp,131043165.04966402,3.9799222113554e-55,B02,L05
CCM2,CCM2_Gly188Trp,1.0000002889761124,0.3506165323909041,B01,L05
CCM2,CCM2_Glu366Lys,3.4156503104584517,0.011201431714510763,M10,B21
CCM2,CCM2_Glu366Lys,103852374.02066179,2.0270301103683177e-54,B02,B21
CCM2,CCM2_Glu366Lys,1.527525392644971,0.1704706215647456,B01,B21
ALK,ALK_Arg1275Gln,3.0000005541369856,0.008972727352942352,H08,I10
ALK,ALK_Arg1275Gln,6.708204005386885,7.00655742893403e-6,H08,J10
ALK,ALK_Arg1275Gln,8.971197081919492,2.0435304401549332e-7,H08,J09
ALK,ALK_Arg1275Gln,13.86141966342455,5.884791043951153e-10,H08,I09
ALK,ALK_Arg1275Gln,3.872983776792707,0.0015017722188435446,G07,I10
ALK,ALK_Arg1275Gln,111620367.69066136,2.5774736550040764e-113,G07,J10
ALK,ALK_Arg1275Gln,1.4638506004115708,0.16387548126936963,G07,J09
ALK,ALK_Arg1275Gln,11.82940284525674,5.255805209198933e-9,G07,I09
ALK,ALK_Arg1275Gln,8.062257846102387,7.82582379067737e-7,H07,I10
ALK,ALK_Arg1275Gln,10.246950896837902,3.621578232441697e-8,H07,J10
ALK,ALK_Arg1275Gln,3.872983907320916,0.0015017718187411773,H07,J09
ALK,ALK_Arg1275Gln,1.8605215784704314,0.08253062294107795,H07,I09
ALK,ALK_Arg1275Gln,5.0000000664343425,0.00015836949423518742,G08,I10
ALK,ALK_Arg1275Gln,97009187.7629882,2.114233460153892e-112,G08,J10
ALK,ALK_Arg1275Gln,3.415650633009098,0.003832699317383626,G08,J09
ALK,ALK_Arg1275Gln,1.0000006839633235,0.3331698156500704,G08,I09
BRCA1,BRCA1_Phe591Leu,3.4156503142757377,0.011201431656386051,A11,I13
BRCA1,BRCA1_Asn132Lys,4.582575869937954,0.0025359955539564607,A11,G21
BRIP1,BRIP1_Thr266Lys,3.4156504372772054,0.011201429783478377,E23,E02
BRIP1,BRIP1_Thr266Lys,117009176.1719944,8.794998101051486e-55,G02,E02
BRIP1,BRIP1_Thr266Lys,7.00000004842873,0.00021155484284204095,A02,E02
F9,F9_Ile136Thr,4.582575813033196,0.002535995725111471,G06,E14
SHOC2,SHOC2_Ile112Thr,1.0000002299036421,0.3506165590532472,B23,D21
LMNA,LMNA_Arg335Trp,7.0000000037252885,0.00021155485124557723,O05,M05
LMNA,LMNA_Arg335Trp,,,O05,P23
CCM2,CCM2_Ser248Gly,141310603.28595132,2.347210005921843e-55,M10,H13
CCM2,CCM2_Ser248Gly,157109181.6669213,1.1178003356134649e-55,B02,H13
CCM2,CCM2_Ser248Gly,2.6457514398110997,0.0331454940679861,B01,H13
FH,FH_Ser334Arg,3.4156503248793126,0.011201431494928483,F03,P05
CCM2,CCM2_Ser83Phe,4.582575807342723,0.0025359957422269636,M10,M18
CCM2,CCM2_Ser83Phe,118175116.7739313,8.205270833259762e-55,B02,M18
CCM2,CCM2_Ser83Phe,1.5275254739713484,0.17047060175141682,B01,M18
CCM2,CCM2_Asp110Asn,3.415650318093026,0.011201431598261301,M10,M22
CCM2,CCM2_Asp110Asn,180842505.83265132,4.175145242667678e-56,B02,M22
CCM2,CCM2_Asp110Asn,2.0493903621247496,0.07960198790766922,B01,M22
BRAF,BRAF_Thr241Arg,8.877044476380464,0.0000466454663945854,I05,G09
CCM2,CCM2_Glu433Lys,4.5825759780569815,0.0025359952287620172,M10,L06
CCM2,CCM2_Glu433Lys,141036024.76785165,2.379385398024132e-55,B02,L06
CCM2,CCM2_Glu433Lys,1.000000365610653,0.3506164978019275,B01,L06
KRAS,KRAS_Gly60Arg,1.5275254651985315,0.1704706038887147,B13,B15
F9,F9_Cys134Ser,3.909443350117498,0.005827605698803991,G06,C14
CCM2,CCM2_Glu108Lys,19.696934225926128,2.171798646169466e-7,M10,G22
CCM2,CCM2_Glu108Lys,11.565993711148032,8.138503400164688e-6,B02,G22
CCM2,CCM2_Glu108Lys,16.26073059761975,8.099922503311159e-7,B01,G22
CCM2,CCM2_Ser15Leu,1.5275256271399846,0.17047056443535533,M10,E12
CCM2,CCM2_Ser15Leu,2.6457514718437296,0.03314549252645035,B02,E12
CCM2,CCM2_Ser15Leu,1.00000068545347,0.35061635344099934,B01,E12
F9,F9_His282Tyr,1.0000001396983915,0.3506165997673652,G06,O18
F9,F9_His282Arg,1.0000001820070448,0.3506165806713644,G06,A20
CCM2,CCM2_Thr395Ile,3.4156503295448863,0.011201431423887135,M10,H23
CCM2,CCM2_Thr395Ile,95659271.65230605,3.603177960898371e-54,B02,H23
CCM2,CCM2_Thr395Ile,2.6457515642455296,0.033145488079713875,B01,H23
BRCA1,BRCA1_Gly666Val,3.4156503740798976,0.011201430745765415,A11,G15
CCM2,CCM2_Leu298Met,2.049390298503304,0.07960199538255512,M10,F17
CCM2,CCM2_Leu298Met,129086095.21659166,4.422002201981173e-55,B02,F17
CCM2,CCM2_Leu298Met,3.663127465551045,0.00803698126223306,B01,F17
F9,F9_Phe395Ile,1.0000002389507703,0.3506165549698284,G06,K08
F9,F9_Glu73Lys,4.161802409004811,0.0042322222478180975,G06,E12
F9,F9_Cys396Ser,184764869.82358497,3.592852587566544e-56,G06,M08
FARS2,FARS2_Ile329Thr,4.949776913824195,0.0016566695777049127,B01,D03
FARS2,FARS2_Ile329Thr,2.0493902066339342,0.07960200617629194,C24,D03
SHOC2,SHOC2_Thr126Ile,,,B23,G04
SHOC2,SHOC2_Thr126Ile,3.08459656988617,0.01770074689821288,B23,B21
SHOC2,SHOC2_Thr126Ile,1.0000006881143948,0.3506163522399917,K02,G04
SHOC2,SHOC2_Thr126Ile,,,K02,B21
RAF1,RAF1_Asn140His,7.000000176951283,0.00021155481868184644,A06,P09
RAF1,RAF1_Asn140His,1.0000002330967437,0.3506165576120415,C06,P09
RAF1,RAF1_Asn140His,2.0493902628752907,0.079601999568492,N17,P09
CCM2,CCM2_Gln313Arg,4.582575847176049,0.0025359956224184667,M10,N17
CCM2,CCM2_Gln313Arg,273698057.5887683,2.295478315075208e-57,B02,N17
CCM2,CCM2_Gln313Arg,1.527525431292781,0.17047061214908227,B01,N17
F9,F9_Ser220Thr,1.5275253848205694,0.17047062347098388,G06,O16
CCM2,CCM2_Glu66Lys,2.0493902526958596,0.0796020007644739,M10,M16
CCM2,CCM2_Glu66Lys,148454394.95048344,1.661972319757744e-55,B02,M16
CCM2,CCM2_Glu66Lys,1.0000003730612317,0.35061649443911164,B01,M16
CCM2,CCM2_Gly188Arg,4.582575735500469,0.0025359959583101713,M10,J05
CCM2,CCM2_Gly188Arg,97176456.43073273,3.2273628309103506e-54,B02,J05
CCM2,CCM2_Gly188Arg,2.645751523588738,0.033145490036277835,B01,J05
CCM2,CCM2_Thr44Ile,1.000000196376026,0.3506165741859282,M10,G14
CCM2,CCM2_Thr44Ile,115119048.91623357,9.857002141809081e-55,B02,G14
CCM2,CCM2_Thr44Ile,1.0000004619360212,0.35061645432550625,B01,G14
BRAF,BRAF_Val600Gly,7.00000024028122,0.00021155480677682737,I05,E09
RET,RET_Arg330Gln,1.5275253494922014,0.1704706320779408,O13,E17
F9,F9_Cys335Trp,7.000000128522514,0.00021155482778568367,G06,K06
G6PD,G6PD_Glu398Lys,1.527525504794751,0.17047059424199393,J07,P07
RAF1,RAF1_Thr145Pro,2.6457514739997654,0.03314549242269347,A06,N09
RAF1,RAF1_Thr145Pro,9.121937001390304,0.00003907873231579466,C06,N09
RAF1,RAF1_Thr145Pro,9.146129306791176,0.000038409930733719815,N17,N09
BAP1,BAP1_Cys91Ser,2.645751382521982,0.03314549682496325,I01,C03
SDHD,SDHD_His102Arg,99543273.51469068,2.7270416525727275e-54,A21,G23
SDHD,SDHD_His102Arg,79787262.23073012,1.2830401850007301e-53,A02,G23
RAF1,RAF1_Pro225Ser,7.000000296160577,0.000211554796272399,A06,H09
RAF1,RAF1_Pro225Ser,1.5275255140417836,0.17047059198916414,C06,H09
RAF1,RAF1_Pro225Ser,2.6457515503852598,0.03314548874672429,N17,H09
CCM2,CCM2_Arg423His,4.582575802363557,0.0025359957572030256,M10,J04
CCM2,CCM2_Arg423His,105607133.54231554,1.802695676652302e-54,B02,J04
CCM2,CCM2_Arg423His,1.527525467332461,0.1704706033688312,B01,J04
F9,F9_Pro333Leu,5.45789429301774,0.0009479920455752463,G06,O20
CCM2,CCM2_Thr86Ile,1.0000001591231222,0.35061659100001713,M10,C20
CCM2,CCM2_Thr86Ile,112476760.2402883,1.1596731758255457e-54,B02,C20
CCM2,CCM2_Thr86Ile,1.0000004246831184,0.3506164711395904,B01,C20
CCM2,CCM2_Cys170Tyr,171062564.04587725,6.1615554307431735e-56,M10,L03
CCM2,CCM2_Cys170Tyr,139424626.8143241,2.5786878038935532e-55,B02,L03
CCM2,CCM2_Cys170Tyr,2.0493902946860167,0.07960199583104839,B01,L03
CCM2,CCM2_Asp126Glu,1.5275253769961679,0.17047062537722207,M10,C24
CCM2,CCM2_Asp126Glu,92915992.93508506,4.417147434716914e-54,B02,C24
CCM2,CCM2_Asp126Glu,3.3575664916120034,0.01212460172231404,B01,C24
F9,F9_Cys28Arg,4.582575738345712,0.0025359959497524053,G06,M18
RAD51D,RAD51D_Val132Ile,3.4156503579624657,0.01120143099118087,A01,E01
ZC4H2,ZC4H2_Cys192Tyr,12.281935855256162,5.439900885875313e-6,I06,O08
CCM2,CCM2_Thr267Ile,2.0493902684739815,0.07960199891070158,M10,F15
CCM2,CCM2_Thr267Ile,117452099.80290033,8.565440507478585e-55,B02,F15
CCM2,CCM2_Thr267Ile,1.527525519732253,0.1704705906028104,B01,F15
CCM2,CCM2_Pro77Gln,2.64575136650567,0.033145497595731065,M10,I18
CCM2,CCM2_Pro77Gln,125877213.7175295,5.274063475718779e-55,B02,I18
CCM2,CCM2_Pro77Gln,1.00000026901919,0.3506165413984552,B01,I18
LMNA,LMNA_Arg41His,7.000000001862642,0.00021155485159572547,O05,C05
F9,F9_Trp453Arg,4.755177158459235,0.00207102344574354,G06,O10
BRCA1,BRCA1_Met1Ile,113998903.40651582,1.0555297666035454e-54,A11,I11
F9,F9_Cys407Arg,3.15553232850932,0.016027863050384276,G06,C22
BRCA1,BRCA1_Ser408Ile,3.415650432187488,0.011201429860978026,A11,C15
BRCA1,BRCA1_Met548Ile,4.582575912616516,0.002535995425590231,A11,M19
BRCA1,BRCA1_Glu143Lys,3.4156503940146195,0.011201430442225194,A11,C23
SHOC2,SHOC2_Thr205Ala,2.645751648947191,0.03314548400353873,B23,H19
SHOC2,SHOC2_Thr205Ala,,,B23,K04
SHOC2,SHOC2_Thr205Ala,,,K02,H19
SHOC2,SHOC2_Thr205Ala,18.145500634636345,3.8191134004322065e-7,K02,K04
CCM2,CCM2_Asp301Gly,1.5275254080566791,0.17047061781003198,M10,J17
CCM2,CCM2_Asp301Gly,99175739.1441993,2.798575836529151e-54,B02,J17
CCM2,CCM2_Asp301Gly,1.000000437189447,0.3506164654948636,B01,J17
CCM2,CCM2_Ile372Leu,1.5275253554197814,0.17047063063382023,M10,F21
CCM2,CCM2_Ile372Leu,122676244.80725572,6.316142022169018e-55,B02,F21
CCM2,CCM2_Ile372Leu,1.00000040605667,0.35061647954663133,B01,F21
F9,F9_Pro197Ser,1.0000002243156993,0.35061656157536375,G06,M16
BAP1,BAP1_Leu49Pro,7.000000139698373,0.0002115548256848005,I01,G03
CCM2,CCM2_Gly214Cys,1.5275253862431986,0.1704706231243925,M10,H09
CCM2,CCM2_Gly214Cys,56568201.77459157,1.4248481668354018e-52,B02,H09
CCM2,CCM2_Gly214Cys,1.5275256098314725,0.17047056865218108,B01,H09
RPS19,RPS19_Arg62Trp,3.4156502888271585,0.011201432043884229,G19,K19
F9,F9_Asp410His,2.6457514050064197,0.03314549574292385,G06,C10
KRAS,KRAS_Ile36Met,1.000000471781449,0.35061644988177576,B13,H13
BRCA1,BRCA1_Pro533Leu,3.415650414797623,0.011201430125768436,A11,K19
SHOC2,SHOC2_Gln269Arg,2.049390413785367,0.07960198183806187,B23,B19
CCM2,CCM2_Asn81Lys,3.4156504304909148,0.011201429886811245,M10,K18
CCM2,CCM2_Asn81Lys,132032351.62005427,3.7758322499359626e-55,B02,K18
CCM2,CCM2_Asn81Lys,2.940412348938871,0.021700531238561683,B01,K18
RET,RET_Arg313Gln,1.527525370357277,0.1704706269946376,O13,A17
FLCN,FLCN_Arg239Cys,2.0493902045980477,0.07960200641548838,D07,F07
FARS2,FARS2_Ile388Ser,2.0493904145488253,0.07960198174836312,B01,G24
FARS2,FARS2_Ile388Ser,279315814.68446594,1.9911616549354953e-57,C24,G24
CCM2,CCM2_Ser245Cys,1.000000208350174,0.3506165687813995,M10,D13
CCM2,CCM2_Ser245Cys,124050687.75780448,5.842261154138475e-55,B02,D13
CCM2,CCM2_Ser245Cys,4.57971709246068,0.00254461014157501,B01,D13
CCM2,CCM2_Asp431Asn,2.0493902562586612,0.0796020003458801,M10,D06
CCM2,CCM2_Asp431Asn,143056510.0652474,2.1538815655266885e-55,B02,D06
CCM2,CCM2_Asp431Asn,1.5275255835130013,0.17047057506407884,B01,D06
CCM2,CCM2_Ala123Val,2.645751448127262,0.03314549366777974,M10,A24
CCM2,CCM2_Ala123Val,84657081.01811503,8.474852964093908e-54,B02,A24
CCM2,CCM2_Ala123Val,1.5275255790080466,0.17047057616160866,B01,A24
CCM2,CCM2_Ile131Asn,1.5275253798414026,0.17047062468404514,M10,M24
CCM2,CCM2_Ile131Asn,134791456.4102625,3.266921058445058e-55,B02,M24
CCM2,CCM2_Ile131Asn,4.415272764324015,0.0030989648190552902,B01,M24
KRAS,KRAS_Phe156Leu,1.000000354168688,0.3506165029662551,B13,D17
FH,FH_Leu303Ser,200841434.5834009,2.003558361949186e-56,F03,L05
CCM2,CCM2_Ser416Ala,2.0493902710188374,0.07960199861170635,M10,P02
CCM2,CCM2_Ser416Ala,93828643.20794924,4.1250303381635145e-54,B02,P02
CCM2,CCM2_Ser416Ala,1.5275255339584468,0.17047058713692106,B01,P02
BAP1,BAP1_Ser596Gly,2.64575140500642,0.03314549574292384,I01,K01
RAD51D,RAD51D_Val28Leu,1.527525449075525,0.17047060781671974,A01,E03
RET,RET_Val262Ala,3.415650388076617,0.011201430532641434,O13,K15
BRIP1,BRIP1_Leu195Pro,4.582575820146287,0.0025359957037171046,E23,O23
BRIP1,BRIP1_Leu195Pro,3.415650547130247,0.011201428110778254,G02,O23
BRIP1,BRIP1_Leu195Pro,4.582576175089712,0.002535994636137964,A02,O23
CTCF,CTCF_Arg283His,3.0740033835141487,0.01796611919804961,I02,O04
F9,F9_Arg384Pro,3.6845709938138382,0.007812380013432871,G06,C08
ABCD1,ABCD1_Arg518Gln,649089685.3043755,5.440542994275826e-60,A01,G01
BRAF,BRAF_Leu485Phe,3.8216848768826113,0.006527941362460827,I05,C07
RAF1,RAF1_Gly361Ala,2.645751530672889,0.03314548969536075,A06,L17
RAF1,RAF1_Gly361Ala,2.049390636460467,0.07960195567596376,C06,L17
RAF1,RAF1_Gly361Ala,2.0493905697851873,0.07960196350964173,N17,L17
RAD51D,RAD51D_Phe305Leu,1.0000004951976356,0.3506164393128888,A01,I03
BRCA1,BRCA1_His239Arg,3.415650316396451,0.01120143162409456,A11,M21
CCM2,CCM2_Asp227Asn,4.582575776045108,0.002535995836362218,M10,H11
CCM2,CCM2_Asp227Asn,139700933.4709025,2.5431972482688942e-55,B02,H11
CCM2,CCM2_Asp227Asn,2.0493903410024306,0.07960199038933113,B01,H11
RAD51D,RAD51D_Val66Met,2.645751469687683,0.03314549263020777,F24,N24
CCM2,CCM2_Pro165Thr,3.415650385107618,0.011201430577849515,M10,F03
CCM2,CCM2_Pro165Thr,73251231.74611425,2.333837844932923e-53,B02,F03
CCM2,CCM2_Pro165Thr,2.0493903791753008,0.07960198590439939,B01,F03
BRCA1,BRCA1_Val275Ile,2.0493902712733245,0.07960199858180664,A11,O19
SHOC2,SHOC2_Ser4Arg,1.0000002320323789,0.3506165580924425,B23,P21
SHOC2,SHOC2_Ser4Arg,,,B23,M02
SHOC2,SHOC2_Ser4Arg,,,K02,P21
SHOC2,SHOC2_Ser4Arg,17.736458261444728,4.466472770758011e-7,K02,M02
CCM2,CCM2_Tyr144Cys,4.5825757831582035,0.0025359958149678364,M10,L01
CCM2,CCM2_Tyr144Cys,150130676.1670123,1.536346293851882e-55,B02,L01
CCM2,CCM2_Tyr144Cys,1.5275253990467572,0.17047062000509536,B01,L01
CCM2,CCM2_Thr222Met,2.645751376669868,0.03314549710658996,M10,D11
CCM2,CCM2_Thr222Met,127392160.6627132,4.85038571271179e-55,B02,D11
CCM2,CCM2_Thr222Met,1.5275254564257168,0.17047060602601213,B01,D11
SDHD,SDHD_Gly138Val,84678232.79697658,8.460045527221533e-54,A21,E02
SDHD,SDHD_Gly138Val,100311160.36277308,2.5842255852677677e-54,A02,E02
CCM2,CCM2_Gln441Arg,2.049390232591483,0.07960200312653813,M10,D08
CCM2,CCM2_Gln441Arg,160614890.8798432,9.577993818021786e-56,B02,D08
CCM2,CCM2_Gln441Arg,1.0000003738595085,0.35061649407880974,B01,D08
G6PD,G6PD_Gly378Ser,3.415650379593757,0.01120143066180748,J07,N07
FANCC,FANCC_Leu554Pro,3.4156503549934643,0.011201431036389004,K22,A24
CCM2,CCM2_Arg346His,7.000000169500711,0.00021155482008243526,M10,L19
CCM2,CCM2_Arg346His,166168657.09748465,7.549730179392946e-56,B02,L19
CCM2,CCM2_Arg346His,1.5275254448076632,0.17047060885648752,B01,L19
BRCA1,BRCA1_Pro510Ser,3.4156503778971867,0.011201430687640661,A11,K21
ZC4H2,ZC4H2_Ala157Thr,10.081278927908906,0.00002028191414801023,I06,I08
CCM2,CCM2_Ala205Ser,2.0493902743271506,0.07960199822301244,M10,P07
CCM2,CCM2_Ala205Ser,174332466.62274155,5.396687569926097e-56,B02,P07
CCM2,CCM2_Ala205Ser,1.0000004167003533,0.3506164747426084,B01,P07
CTCF,CTCF_Tyr226Cys,1.0000002120754616,0.3506165670999917,I02,M04
BRCA1,BRCA1_Glu631Lys,3.415650352024463,0.011201431081597114,A11,O13
FH,FH_Arg233Leu,128624121.2994913,4.5343835722729784e-55,F03,J05
CCM2,CCM2_Pro102Leu,3.2686908155160577,0.013699053207009954,M10,A22
CCM2,CCM2_Pro102Leu,7.000000042840831,0.0002115548438924773,B02,A22
CCM2,CCM2_Pro102Leu,4.17982886569713,0.004138132549360575,B01,A22
CCM2,CCM2_Pro281Ser,1.5275253705943808,0.1704706269368726,M10,L15
CCM2,CCM2_Pro281Ser,138617534.20923406,2.685641363906554e-55,B02,L15
CCM2,CCM2_Pro281Ser,1.0000004209578262,0.3506164728209999,B01,L15
SHOC2,SHOC2_Met173Val,,,B23,I04
SHOC2,SHOC2_Met173Val,2.0493903674689578,0.079601987279778,B23,L19
SHOC2,SHOC2_Met173Val,16.430168081360367,3.238797721111374e-6,K02,I04
SHOC2,SHOC2_Met173Val,,,K02,L19
RAD51D,RAD51D_Ser46Cys,2.6457514003863305,0.033145495965260695,F24,H24
CCM2,CCM2_Thr86Ser,2.049390258549033,0.07960200007678424,M10,A20
CCM2,CCM2_Thr86Ser,134577858.92070764,3.303390376989513e-55,B02,A20
CCM2,CCM2_Thr86Ser,1.0000003871641223,0.3506164880737763,B01,A20
FANCC,FANCC_Asp195Val,2.645751352029388,0.033145498292386624,K22,M22
CCM2,CCM2_Arg346Cys,147086322.22521332,1.773246775917015e-55,M10,J19
CCM2,CCM2_Arg346Cys,127949793.3582057,4.7043332543997336e-55,B02,J19
CCM2,CCM2_Arg346Cys,2.645751456443424,0.03314549326757342,B01,J19
KRAS,KRAS_Tyr71His,4.892479479558333,0.001768232186353,B13,D15
F9,F9_Asp110Gly,4.032269083219418,0.00498144213801118,G06,A14
F9,F9_Cys124Tyr,6.205970191159071,0.0004426732775528182,G06,E22
CCM2,CCM2_Gly188Glu,4.582575929687944,0.0025359953742437333,M10,N05
CCM2,CCM2_Gly188Glu,99464591.22164185,2.74217827960015e-54,B02,N05
CCM2,CCM2_Gly188Glu,2.6457516104464296,0.03314548585634586,B01,N05
CCM2,CCM2_Ala140Thr,7.000000005587928,0.00021155485089543086,M10,H01
CCM2,CCM2_Ala140Thr,233655523.81944034,6.946128819520993e-57,B02,H01
CCM2,CCM2_Ala140Thr,3.415650340996746,0.011201431249512978,B01,H01
CCM2,CCM2_Ser398Tyr,4.582575804497483,0.00253599575078472,M10,J23
CCM2,CCM2_Ser398Tyr,78723006.99735405,1.4094948044503634e-53,B02,J23
CCM2,CCM2_Ser398Tyr,2.0493903814656775,0.07960198563530299,B01,J23
CCM2,CCM2_Glu201Asp,3.4156502871305836,0.011201432069717484,M10,F07
CCM2,CCM2_Glu201Asp,89798680.55069658,5.609000945402513e-54,B02,F07
CCM2,CCM2_Glu201Asp,2.6457515220487045,0.03314549011039025,B01,F07
CCM2,CCM2_Ile432Thr,2.6457514253348187,0.033145494764641514,M10,J06
CCM2,CCM2_Ile432Thr,131420699.00456999,3.9005764264531536e-55,B02,J06
CCM2,CCM2_Ile432Thr,1.5275254803731302,0.17047060019176777,B01,J06
CTCF,CTCF_Pro643Ser,1.5275253599247387,0.17047062953628925,I02,I04
CCM2,CCM2_His364Arg,2.0493902722912662,0.07960199846220861,M10,P19
CCM2,CCM2_His364Arg,104766425.07315964,1.9064276476836046e-54,B02,P19
CCM2,CCM2_His364Arg,1.0000004033957532,0.3506164807476349,B01,P19
F9,F9_Pro414Thr,1.5275253466469638,0.1704706327711185,G06,G10
SHOC2,SHOC2_Ser403Gly,3.861317166307788,0.006200919790985726,B23,N21
SHOC2,SHOC2_Ser403Gly,,,B23,O02
SHOC2,SHOC2_Ser403Gly,,,K02,N21
SHOC2,SHOC2_Ser403Gly,18.0740058860109,3.9241108158526044e-7,K02,O02
CCM2,CCM2_Asp410Val,7.000000013038508,0.00021155484949484011,M10,F02
CCM2,CCM2_Asp410Val,140327170.6566125,2.464806436472469e-55,B02,F02
CCM2,CCM2_Asp410Val,2.0493902951949874,0.0796019957712494,B01,F02
G6PD,G6PD_Arg120His,6.8743747433821065,0.0002367252304314387,J07,F09
BAP1,BAP1_Thr93Ala,1.52752531748328,0.17047063987619024,I01,O03
F9,F9_Gly357Arg,1.0000002307019142,0.3506165586929473,G06,M06
CCM2,CCM2_Pro271Thr,2.6457513551094483,0.03314549814416203,M10,H15
CCM2,CCM2_Pro271Thr,151871204.62938005,1.4172521911258066e-55,B02,H15
CCM2,CCM2_Pro271Thr,2.0493903829925855,0.07960198545590658,B01,H15
CCM2,CCM2_Pro240Leu,2.049390319371137,0.07960199293079258,M10,P11
CCM2,CCM2_Pro240Leu,110033099.06251104,1.352420629040847e-54,B02,P11
CCM2,CCM2_Pro240Leu,1.000000444640034,0.35061646213204367,B01,P11
SHOC2,SHOC2_Leu174Phe,3.415650376200613,0.011201430713473886,B23,J19
RET,RET_Arg67His,3.4156503193654544,0.011201431578886405,O13,G15
RET,RET_Val292Met,6.302622328210597,0.00040314669841361,O13,O15
RAD51D,RAD51D_Val66Leu,7.000000052154056,0.0002115548421417389,F24,P24
BRAF,BRAF_Val487Gly,6.116199946608242,0.00048331137760885195,I05,E07
SHOC2,SHOC2_Thr321Ala,1.0000004494296875,0.3506164599702353,B23,P17
BRCA1,BRCA1_Glu116Lys,2.0493903033385332,0.07960199481446385,A11,A13
RHO,RHO_Arg135Trp,17.38033735531913,5.133434051767988e-7,I17,M17
F9,F9_Asp110Asn,3.415650281192586,0.011201432160133662,G06,O12
RHO,RHO_Arg135Leu,14.699249572048481,1.6129322500264348e-6,I17,O17
KRAS,KRAS_Lys5Asn,2.645751600282241,0.03314548634548635,B13,J13
F9,F9_Arg75Gln,2.645751482623935,0.033145492007664625,G06,I12
CCM2,CCM2_Arg412Gln,7.000000039115472,0.00021155484459278522,M10,N02
CCM2,CCM2_Arg412Gln,61192771.70661201,8.220047501912542e-53,B02,N02
CCM2,CCM2_Arg412Gln,2.0493902786534117,0.07960199771471983,B01,N02
F9,F9_Asn166Tyr,1.527525353522953,0.17047063109593952,G06,I14
GSS,GSS_Arg125Cys,7.000000054016707,0.0002115548417915901,B10,D10
SDHD,SDHD_His102Leu,123969450.26943848,5.869113033955588e-55,A21,I23
SDHD,SDHD_His102Leu,91434443.9684476,4.943179759290143e-54,A02,I23
F9,F9_Ile256Thr,4.806150337712951,0.0019523795779794902,G06,A22
KRAS,KRAS_Met72Leu,1.5275255005268993,0.170470595281759,B13,F15
CCM2,CCM2_Thr267Asn,2.645751381905971,0.03314549685460812,M10,D15
CCM2,CCM2_Thr267Asn,110949739.56577338,1.2761190483283896e-54,B02,D15
CCM2,CCM2_Thr267Asn,1.5275254817957542,0.17047059984517776,B01,D15
CCM2,CCM2_Asp411Glu,2.0493901913647865,0.07960200797026507,M10,J02
CCM2,CCM2_Asp411Glu,142661377.6878288,2.195989733318594e-55,B02,J02
CCM2,CCM2_Asp411Glu,1.5275254934138047,0.17047059701470318,B01,J02
CCM2,CCM2_Pro102Ser,1.0000001599213948,0.3506165906397171,M10,O20
CCM2,CCM2_Pro102Ser,127383784.07927677,4.852618836333558e-55,B02,O20
CCM2,CCM2_Pro102Ser,3.652547658839999,0.008150366837039121,B01,O20
CCM2,CCM2_Ala205Thr,122629471.5447025,6.3330250256812785e-55,M10,N07
CCM2,CCM2_Ala205Thr,131260588.6262796,3.934003744586391e-55,B02,N07
CCM2,CCM2_Ala205Thr,1.5275253717798987,0.17047062664804796,B01,N07
CTCF,CTCF_His455Gln,7.000000165775421,0.00021155482078273055,I02,A04
BAP1,BAP1_Glu31Lys,2.645751454287383,0.03314549337133058,I01,K03
CCM2,CCM2_Glu128Lys,1.52752535850212,0.17047062988287823,M10,E24
CCM2,CCM2_Glu128Lys,170624201.70423493,6.273223693234471e-56,B02,E24
CCM2,CCM2_Glu128Lys,1.0000004252153023,0.3506164708993896,B01,E24
SDHD,SDHD_His50Asp,94591362.53209235,3.8977576489005784e-54,A21,E21
SDHD,SDHD_His50Asp,136414616.1781414,3.004338501911186e-55,A02,E21
CCM2,CCM2_Ala295Thr,1.0000001556639218,0.35061659256132643,M10,B17
CCM2,CCM2_Ala295Thr,139172624.06923553,2.611550873703615e-55,B02,B17
CCM2,CCM2_Ala295Thr,1.0000004414469292,0.3506164635732503,B01,B17
BRCA1,BRCA1_Lys502Glu,2.64575140285038,0.033145495846680945,A11,C13
RAD51D,RAD51D_Met308Val,1.5275253668007303,0.17047062786110956,A01,M03
CCM2,CCM2_Gln218Arg,3.6165168619817503,0.008549711974743204,M10,P09
CCM2,CCM2_Gln218Arg,194788333.287693,2.4821876498329266e-56,B02,P09
CCM2,CCM2_Gln218Arg,6.068543763563452,0.0005065721460277361,B01,P09
RAD51D,RAD51D_Ala231Ser,2.0493902697464117,0.07960199876120373,A01,O01
CTCF,CTCF_Arg342Cys,7.000000087544322,0.00021155483548893197,I02,M02
F9,F9_Glu79Asp,1.0000001588570242,0.35061659112012056,G06,M12
ZC4H2,ZC4H2_Ala162Thr,1.0000002288392684,0.3506165595336524,I06,C08
BRCA1,BRCA1_Cys39Arg,3.415650391045619,0.011201430487433299,A11,M17
CCM2,CCM2_Asn94Ser,3.415650380442043,0.011201430648890865,M10,K20
CCM2,CCM2_Asn94Ser,104824983.65653475,1.8989851902097207e-54,B02,K20
CCM2,CCM2_Asn94Ser,1.527525488671741,0.17047059816999946,B01,K20
FH,FH_Gln376Pro,205296812.71413094,1.7183030188578619e-56,F03,N03
CCM2,CCM2_Leu182Pro,2.645751384678025,0.033145496721205966,M10,D05
CCM2,CCM2_Leu182Pro,89011319.03093763,5.965660631429108e-54,B02,D05
CCM2,CCM2_Leu182Pro,1.5275254787134156,0.17047060059611968,B01,D05
CCM2,CCM2_Gly24Asp,4.298119647081428,0.003574846570056335,M10,M12
CCM2,CCM2_Gly24Asp,2.0493902750906114,0.07960199813331337,B02,M12
CCM2,CCM2_Gly24Asp,7.204052704346744,0.00017683232808647444,B01,M12
RAF1,RAF1_Asp381Asn,7.000000363215815,0.00021155478366708435,A06,J17
RAF1,RAF1_Asp381Asn,2.049390404623882,0.07960198291444502,C06,J17
RAF1,RAF1_Asp381Asn,2.6457514428911586,0.03314549391976159,N17,J17
SDHD,SDHD_Glu69Lys,90529330.11513318,5.299684963763256e-54,A21,K21
SDHD,SDHD_Glu69Lys,85426680.54203379,7.95463915032648e-54,A02,K21
BRAF,BRAF_Glu501Val,2.645751449667293,0.03314549359366742,I05,M07
KRAS,KRAS_Asp153Val,2.6457515839579178,0.03314548713107665,B13,P15
CCM2,CCM2_His364Tyr,3.415650311730881,0.01120143169513585,M10,N19
CCM2,CCM2_His364Tyr,175605752.91235846,5.128661373026947e-56,B02,N19
CCM2,CCM2_His364Tyr,1.5275254924653936,0.17047059724576205,B01,N19
BRCA1,BRCA1_Leu660Pro,3.415650365172896,0.01120143088138974,A11,A15
FANCC,FANCC_Leu496Arg,2.645751391454155,0.03314549639511201,K22,O22
CCM2,CCM2_Ala149Thr,95312738.87718791,3.6958858986505973e-54,M10,N01
CCM2,CCM2_Ala149Thr,89935902.26602265,5.549368048888578e-54,B02,N01
CCM2,CCM2_Ala149Thr,4.5825759140391344,0.0025359954213113566,B01,N01
KRAS,KRAS_Pro34Leu,1.0000003020146375,0.3506165265059694,B13,F13
BAP1,BAP1_Arg59Pro,1.5275254431479384,0.17047060926084193,I01,M03
BAP1,BAP1_Arg59Pro,1.5275254360348451,0.17047061099378577,I01,B02
CCM2,CCM2_Leu195Pro,2.6457514314949364,0.03314549446819249,M10,B07
CCM2,CCM2_Leu195Pro,140089207.66883767,2.4942641724388758e-55,B02,B07
CCM2,CCM2_Leu195Pro,1.527525530401895,0.17047058800339412,B01,B07
KRAS,KRAS_Gly12Val,5.955690773263131,0.0005668221876575696,B13,L15
CCM2,CCM2_Gly379Ser,1.5275253537600582,0.17047063103817411,M10,L21
CCM2,CCM2_Gly379Ser,84344417.05543277,8.69722718397491e-54,B02,L21
CCM2,CCM2_Gly379Ser,1.000000439584301,0.3506164644139469,B01,L21
CCM2,CCM2_His137Arg,3.4156503159723095,0.011201431630552839,M10,D01
CCM2,CCM2_His137Arg,149776727.74841544,1.5619417540309687e-55,B02,D01
CCM2,CCM2_His137Arg,3.9925067680217974,0.005239675304485555,B01,D01
BRCA1,BRCA1_Cys44Tyr,3.4156504631499254,0.011201429389522012,A11,M11
CCM2,CCM2_Glu128Ala,18.6292730352973,3.187257208413901e-7,M10,G24
CCM2,CCM2_Glu128Ala,11.973770679886918,6.4523651821836236e-6,B02,G24
CCM2,CCM2_Glu128Ala,16.71323742088277,6.712755591037306e-7,B01,G24
RHO,RHO_Cys110Tyr,1.0000004877469655,0.350616442675746,I17,C19
FARS2,FARS2_Ala166Thr,2.64575142194675,0.033145494927688667,B01,H01
FARS2,FARS2_Ala166Thr,102368499.08578628,2.2418721968390327e-54,C24,H01
F9,F9_Thr194Ala,5.3260589894717185,0.001092086881128751,G06,G16
RPS19,RPS19_Val15Phe,3.7144918162739287,0.007510293633892634,G19,I19
F9,F9_His303Tyr,1.5275253326578786,0.17047063617924257,G06,I20
CCM2,CCM2_Ser393Gly,107553856.77625406,1.5863290691995637e-54,M10,D23
CCM2,CCM2_Ser393Gly,75623056.0127923,1.8672206227896155e-53,B02,D23
CCM2,CCM2_Ser393Gly,4.582575818012362,0.0025359957101354046,B01,D23
CCM2,CCM2_Glu51Ala,3.415650396135333,0.011201430409933698,M10,M14
CCM2,CCM2_Glu51Ala,348985930.40389746,4.189090783183805e-58,B02,M14
CCM2,CCM2_Glu51Ala,3.6990168147405016,0.0076649173220165335,B01,M14
RAF1,RAF1_Thr491Arg,2.645751490324085,0.03314549163710321,A06,N11
RAF1,RAF1_Thr491Arg,8.12675935603439,0.00008243263197523951,C06,N11
RAF1,RAF1_Thr491Arg,6.923454930404522,0.00022651074624763492,N17,N11
RAD51D,RAD51D_Thr328Ile,4.5825758763397335,0.002535995534701539,A01,O03
CCM2,CCM2_His151Tyr,1.5275253577908137,0.17047063005617177,M10,P01
CCM2,CCM2_His151Tyr,150067049.4001328,1.5409118545007394e-55,B02,P01
CCM2,CCM2_His151Tyr,4.259001470035612,0.0037512093275748207,B01,P01
CTCF,CTCF_Arg567Leu,2.6457513538774244,0.033145498203451855,I02,G04
BRIP1,BRIP1_Arg848His,7.000000098720174,0.00021155483338804935,E23,M23
BRIP1,BRIP1_Arg848His,4.582576126720673,0.0025359947816196472,G02,M23
BRIP1,BRIP1_Arg848His,4.582576158729604,0.0025359946853449763,A02,M23
CCM2,CCM2_Glu223Val,4.5825758429081915,0.002535995635255096,M10,F11
CCM2,CCM2_Glu223Val,100461481.52750868,2.557279232546633e-54,B02,F11
CCM2,CCM2_Glu223Val,2.049390313772448,0.0796019935885828,B01,F11
BRIP1,BRIP1_Ser520Thr,2.0493902318280273,0.07960200321623653,E23,G23
BRIP1,BRIP1_Ser520Thr,2.6457515429931204,0.03314548910246297,G02,G23
BRIP1,BRIP1_Ser520Thr,4.582576214211736,0.0025359945184689407,A02,G23
CCM2,CCM2_Glu333Val,7.0000000968575415,0.0002115548337381947,M10,H19
CCM2,CCM2_Glu333Val,150709084.90868512,1.4955439192585191e-55,B02,H19
CCM2,CCM2_Glu333Val,2.645751441043123,0.03314549400869629,B01,H19
CCM2,CCM2_Gly5Ser,2.645751481699916,0.03314549205213202,M10,A12
CCM2,CCM2_Gly5Ser,133839133.44282079,3.433154821582873e-55,B02,A12
CCM2,CCM2_Gly5Ser,4.467542243385825,0.0029095240524062314,B01,A12
SHOC2,SHOC2_Ser57Phe,,,B23,E04
SHOC2,SHOC2_Ser57Phe,2.0493904371980647,0.0796019790873036,B23,F21
SHOC2,SHOC2_Ser57Phe,18.215911194959848,3.7188277724520924e-7,K02,E04
SHOC2,SHOC2_Ser57Phe,,,K02,F21
FH,FH_Leu507Pro,96761231.27036113,3.3255654456888364e-54,F03,P03
KRAS,KRAS_Gly13Asp,1.5275254817957535,0.17047059984517798,B13,N15
CCM2,CCM2_Glu54Lys,1.0000001710972646,0.3506165855954908,M10,A16
CCM2,CCM2_Glu54Lys,187921731.63683563,3.1910687550790787e-56,B02,A16
CCM2,CCM2_Glu54Lys,4.595179676137723,0.0024983974557782024,B01,A16
SDHD,SDHD_Ala90Glu,114547365.38337132,1.0206561763405701e-54,A21,O21
SDHD,SDHD_Ala90Glu,104675263.01987487,1.9180802588675613e-54,A02,O21
CCM2,CCM2_Thr74Met,1.0000001615179461,0.3506165899191144,M10,A18
CCM2,CCM2_Thr74Met,166048591.26198125,7.588026400357376e-56,B02,A18
CCM2,CCM2_Thr74Met,4.533762716269688,0.002687615038708509,B01,A18
CCM2,CCM2_Ala293Thr,1.0000002487961879,0.35061655052610147,M10,P15
CCM2,CCM2_Ala293Thr,84337049.78164692,8.70254680966469e-54,B02,P15
CCM2,CCM2_Ala293Thr,1.000000554536127,0.35061641253048403,B01,P15
KRAS,KRAS_Pro34Arg,1.000000292701399,0.35061653070949717,B13,D13
RHO,RHO_Asp190Gly,1.5275255408344373,0.17047058546174196,I17,K17
CCM2,CCM2_Ile197Leu,3.4156503274241716,0.011201431456178645,M10,D07
CCM2,CCM2_Ile197Leu,132690204.34148553,3.646726231733691e-55,B02,D07
CCM2,CCM2_Ile197Leu,1.52752544812711,0.17047060804777953,B01,D07
CCM2,CCM2_Glu366Gln,2.6457513914541564,0.03314549639511196,M10,D21
CCM2,CCM2_Glu366Gln,232300567.33264706,7.234746330003003e-57,B02,D21
CCM2,CCM2_Glu366Gln,4.733200999099009,0.0021246180520301254,B01,D21
CCM2,CCM2_His247Asp,2.049390311482081,0.07960199385767806,M10,F13
CCM2,CCM2_His247Asp,7.000000026077024,0.00021155484704380635,B02,F13
CCM2,CCM2_His247Asp,1.0000003743916923,0.3506164938386088,B01,F13
CCM2,CCM2_Leu392Val,2.645751364965641,0.03314549766984332,M10,B23
CCM2,CCM2_Leu392Val,108565728.94722953,1.4856822419249285e-54,B02,B23
CCM2,CCM2_Leu392Val,1.527525474919766,0.17047060152035626,B01,B23
G6PD,G6PD_Phe88Leu,6.114707628479193,0.0008730998612743598,J07,D09
CCM2,CCM2_Gly436Ser,2.049390269746408,0.07960199876120412,M10,N06
CCM2,CCM2_Gly436Ser,108262975.4577761,1.5150099635839888e-54,B02,N06
CCM2,CCM2_Gly436Ser,1.527525571183637,0.17047057806784835,B01,N06
CCM2,CCM2_Thr44Ser,4.58257588274152,0.0025359955154465974,M10,E14
CCM2,CCM2_Thr44Ser,246660379.67868632,4.7542217184851865e-57,B02,E14
CCM2,CCM2_Thr44Ser,1.0000002833881652,0.35061653491302236,B01,E14
RAD51D,RAD51D_Arg55Trp,3.415650312579167,0.01120143168221925,F24,J24
BRAF,BRAF_Leu245Phe,6.838409603080999,0.00024453937326696584,I05,K09
BRCA1,BRCA1_Arg595Gln,2.049390293668072,0.0796019959506468,A11,M13
CCM2,CCM2_Asp440Asn,1.5275253466469656,0.17047063277111812,M10,B08
CCM2,CCM2_Asp440Asn,130426703.55293186,4.113481760055458e-55,B02,B08
CCM2,CCM2_Asp440Asn,1.0000003791813536,0.35061649167679615,B01,B08
BRAF,BRAF_Val471Phe,7.000000307336454,0.00021155479417151246,I05,A07
BRCA1,BRCA1_Leu460Pro,3.4156503651728936,0.011201430881389782,A11,O21
CCM2,CCM2_Ser166Ile,7.000000035390238,0.00021155484529307027,M10,J03
CCM2,CCM2_Ser166Ile,89220961.11517633,5.868227203842488e-54,B02,J03
CCM2,CCM2_Ser166Ile,2.0493903119910515,0.07960199379787915,B01,J03
CCM2,CCM2_Ala405Ser,3.415650366021181,0.011201430868473146,M10,L23
CCM2,CCM2_Ala405Ser,61134559.523311086,8.274994031423312e-53,B02,L23
CCM2,CCM2_Ala405Ser,1.5275254827441818,0.17047059961411481,B01,L23
SDHD,SDHD_Tyr114Cys,7.000000042840822,0.00021155484389247882,A21,C02
SDHD,SDHD_Tyr114Cys,107273729.76853767,1.61555421285284e-54,A02,C02
FH,FH_Ala308Thr,2.6457513489493274,0.03314549844061124,F03,J03
CCM2,CCM2_Ser408Arg,4.5825758144558115,0.002535995720832603,M10,P23
CCM2,CCM2_Ser408Arg,81514868.2828995,1.104377076567547e-53,B02,P23
CCM2,CCM2_Ser408Arg,1.0000002464013706,0.3506165516070018,B01,P23
KRAS,KRAS_Gly12Asp,1.0000002115432853,0.35061656734018976,B13,H15
F9,F9_Glu73Val,1.5275254203860378,0.17047061480626316,G06,G12
FARS2,FARS2_His135Asp,2.0493903715407265,0.07960198680138585,B01,O24
FARS2,FARS2_His135Asp,297370297.8142636,1.2843757193107734e-57,C24,O24
CCM2,CCM2_Ala98Pro,4.582575896256398,0.0025359954747972927,M10,M20
CCM2,CCM2_Ala98Pro,131347014.93324193,3.915919459087668e-55,B02,M20
CCM2,CCM2_Ala98Pro,2.04939043668909,0.07960197914710301,B01,M20
F9,F9_Glu54Val,5.087969383026469,0.001418377793167061,G06,A12
FH,FH_Ser419Pro,4.582575721985596,0.002535995998959472,F03,D05
BRAF,BRAF_Gly469Glu,3.4156503346346008,0.011201431346387522,I05,O05
CCM2,CCM2_Arg40His,2.049390268728464,0.07960199888080237,M10,C14
CCM2,CCM2_Arg40His,184267722.52687562,3.661257919530348e-56,B02,C14
CCM2,CCM2_Arg40His,1.000000373593414,0.3506164941989111,B01,C14
FARS2,FARS2_Asp142Tyr,6.3007889951731215,0.0004038585994805417,B01,D01
FARS2,FARS2_Asp142Tyr,2.645751351413376,0.033145498322031564,C24,D01
CCM2,CCM2_Glu290Lys,3.415650366021181,0.011201430868473146,M10,N15
CCM2,CCM2_Glu290Lys,149171174.46692148,1.6068703524066879e-55,B02,N15
CCM2,CCM2_Glu290Lys,1.527525463775912,0.17047060423530366,B01,N15
F9,F9_Arg379Gln,1.0000002320323762,0.3506165580924438,G06,A08
BAP1,BAP1_Pro12Thr,4.582575904792113,0.00253599544912404,I01,I03
RAD51D,RAD51D_Arg165Gln,3.4156502909478736,0.011201432011592712,A01,I01
F9,F9_Lys39Arg,2.0493902297921407,0.07960200345543299,G06,I08
RAD51D,RAD51D_Val56Gly,4.5825757397683216,0.0025359959454735554,F24,L24
CCM2,CCM2_Gly162Glu,2.0493902267383106,0.07960200381422759,M10,B03
CCM2,CCM2_Gly162Glu,218732061.8266184,1.102524055879139e-56,B02,B03
CCM2,CCM2_Gly162Glu,7.69591517865934,0.00011663925479095169,B01,B03
CCM2,CCM2_Ile92Thr,4.582575794539155,0.0025359957807368325,M10,I20
CCM2,CCM2_Ile92Thr,133839129.4541036,3.433155537794953e-55,B02,I20
CCM2,CCM2_Ile92Thr,2.6457515220487036,0.03314549011039031,B01,I20
BCL10,BCL10_Ala5Ser,1.0000000542828018,0.35061663831967416,A05,C05
CCM2,CCM2_Asp419Tyr,2.645751436423035,0.033145494231033044,M10,F04
CCM2,CCM2_Asp419Tyr,87828279.09350099,6.551407120762022e-54,B02,F04
CCM2,CCM2_Asp419Tyr,1.5275255187838452,0.1704705908338683,B01,F04
F9,F9_Asn306Ser,5.766708807760908,0.0006865378801388991,G06,K20
SDHD,SDHD_Val111Ile,116350648.87907858,9.149419358998504e-55,A21,O23
SDHD,SDHD_Val111Ile,98851783.06141578,2.863410739485549e-54,A02,O23
RAD51D,RAD51D_Glu233Gly,3.4156502816167293,0.011201432153675346,A01,A03
BAP1,BAP1_Thr423Lys,1.527525350914821,0.17047063173135182,I01,M01
FARS2,FARS2_Arg419Cys,2.049390399025191,0.07960198357223532,B01,I24
FARS2,FARS2_Arg419Cys,7.0000000204890975,0.00021155484809424766,C24,I24
F9,F9_Arg191His,1.0000002040926945,0.35061657070301183,G06,E16
KRAS,KRAS_Thr58Ile,2.0493903333678567,0.07960199128631745,B13,N13
FH,FH_His318Tyr,7.000000042840837,0.00021155484389247592,F03,N05
BRCA1,BRCA1_His299Tyr,1.5275253836350542,0.17047062375980787,A11,E15
SDHD,SDHD_Asp92Gly,119241502.55126509,7.70518591403489e-55,A21,C23
SDHD,SDHD_Asp92Gly,95541544.5876557,3.634372140080608e-54,A02,C23
BRCA1,BRCA1_His41Arg,1.527525383397953,0.17047062381757208,A11,O17
BRCA1,BRCA1_Gly602Ala,7.000000003725271,0.00021155485124558043,A11,I21
RAD51D,RAD51D_Ile17Val,2.6457514050064215,0.03314549574292377,A01,K01
CCM2,CCM2_Ser202Arg,7.000000193715099,0.0002115548155305161,M10,L07
CCM2,CCM2_Ser202Arg,149677621.3510836,1.5691956357109222e-55,B02,L07
CCM2,CCM2_Ser202Arg,1.0000002070197176,0.35061656938190056,B01,L07
CCM2,CCM2_Asp61Asn,3.415650360931465,0.011201430945972791,M10,G16
CCM2,CCM2_Asp61Asn,129999387.69629076,4.209069084470527e-55,B02,G16
CCM2,CCM2_Asp61Asn,2.049390437961517,0.07960197899760549,B01,G16
RAF1,RAF1_Thr491Ile,2.049390293413587,0.07960199598054617,A06,J11
RAF1,RAF1_Thr491Ile,5.748621726181263,0.0006994048833484855,C06,J11
RAF1,RAF1_Thr491Ile,5.529882798065903,0.0008783436520040384,N17,J11
FARS2,FARS2_Ser57Cys,2.6457515956621496,0.033145486567823214,B01,K24
FARS2,FARS2_Ser57Cys,153147919.65573063,1.3365877883497759e-55,C24,K24
FH,FH_Arg160Gly,150527167.06993535,1.5082418370716467e-55,F03,B07
CCM2,CCM2_Val190Met,3.4156504160700543,0.011201430106393491,M10,P05
CCM2,CCM2_Val190Met,194063968.28268778,2.54777368256882e-56,B02,P05
CCM2,CCM2_Val190Met,4.414729439192381,0.0031010040136348147,B01,P05
CCM2,CCM2_His109Arg,2.64575138036594,0.03314549692872045,M10,K22
CCM2,CCM2_His109Arg,173184759.0785063,5.652069751939826e-56,B02,K22
CCM2,CCM2_His109Arg,1.0000002743410294,0.35061653899644446,B01,K22
SDHD,SDHD_Ser68Gly,100936939.81724809,2.4741399677602232e-54,A21,I21
SDHD,SDHD_Ser68Gly,116735357.16451408,8.940427513299518e-55,A02,I21
RAF1,RAF1_Cys95Trp,7.000000124797186,0.00021155482848598625,A06,B11
RAF1,RAF1_Cys95Trp,3.4156504432152057,0.011201429693062183,C06,B11
RAF1,RAF1_Cys95Trp,4.582575782446893,0.0025359958171072765,N17,B11
BRIP1,BRIP1_Gln255His,2.04939029112322,0.0796019962496415,E23,C02
BRIP1,BRIP1_Gln255His,4.582575815878436,0.00253599571655371,G02,C02
BRIP1,BRIP1_Gln255His,2.645751387758084,0.03314549657298145,A02,C02
CCM2,CCM2_Ser84Asn,1.0000001814748614,0.3506165809115651,M10,O18
CCM2,CCM2_Ser84Asn,7.00000014156103,0.00021155482533465037,B02,O18
CCM2,CCM2_Ser84Asn,3.4490407819089914,0.010705220437833052,B01,O18
FH,FH_Pro174Arg,228865196.75663283,8.030025340203822e-57,F03,B05
BCL10,BCL10_Leu8Leu,1.5275252928245526,0.17047064588373137,A05,G05
RAF1,RAF1_Asn71Ser,7.000000178813905,0.00021155481833170305,A06,D11
RAF1,RAF1_Asn71Ser,2.049390404114912,0.0796019829742438,C06,D11
RAF1,RAF1_Asn71Ser,2.049390293922561,0.07960199592074685,N17,D11
RAD51D,RAD51D_Asn138His,4.5825758343724825,0.0025359956609283317,A01,G01
G6PD,G6PD_Ile48Thr,3.4156505161677995,0.011201428582234354,J07,B09
SHOC2,SHOC2_Glu25Gly,2.0493903745945534,0.0796019864425916,B23,D19
BRCA1,BRCA1_Asp67Tyr,122283173.12349795,6.459639825725522e-55,A11,C21
ABCD1,ABCD1_Arg389Gly,422322555.69907355,1.1022123205953829e-58,A01,E01
CCM2,CCM2_Ala179Thr,3.4156504122527687,0.011201430164518193,M10,P03
CCM2,CCM2_Ala179Thr,84623878.62244518,8.498156291078984e-54,B02,P03
CCM2,CCM2_Ala179Thr,1.5275254863007168,0.17047059874764572,B01,P03
ZC4H2,ZC4H2_Leu66His,6.503081082564646,0.0003331667654269905,I06,A10
CCM2,CCM2_Ile136Val,3.4156504266736287,0.011201429944935955,M10,O24
CCM2,CCM2_Ile136Val,104159021.30999364,1.9856237893776002e-54,B02,O24
CCM2,CCM2_Ile136Val,1.0000003286238401,0.3506165144959139,B01,O24
ZC4H2,ZC4H2_Arg211Trp,11.187153169578217,0.00001016631686776567,I06,K10
F9,F9_Ile316Thr,5.162177565402952,0.0013063132558797594,G06,M20
CCM2,CCM2_Ser60Arg,2.6457513942262105,0.033145496261709796,M10,E16
CCM2,CCM2_Ser60Arg,127676928.77088062,4.7751631026921275e-55,B02,E16
CCM2,CCM2_Ser60Arg,1.0000003203749814,0.35061651821903367,B01,E16
CCM2,CCM2_Asp129His,2.0493902679650073,0.07960199897050096,M10,I24
CCM2,CCM2_Asp129His,118886434.48234805,7.867723428853219e-55,B02,I24
CCM2,CCM2_Asp129His,1.0000003829066428,0.3506164899953885,B01,I24
CCM2,CCM2_His137Gln,7.000000065192575,0.0002115548396907049,M10,F01
CCM2,CCM2_His137Gln,160135721.88338557,9.780423218943818e-56,B02,F01
CCM2,CCM2_His137Gln,1.5275253630070824,0.17047062878534605,B01,F01
SOS2,SOS2_Val869Ile,2.049390384773987,0.07960198524660962,M04,A06
F9,F9_Arg226Gln,1.5275253743880302,0.17047062601263577,G06,A18
BRAF,BRAF_Phe468Ser,5.287701209677223,0.0011384771237647243,I05,M05
CCM2,CCM2_Lys65Glu,2.645751424102792,0.03314549482393147,M10,K16
CCM2,CCM2_Lys65Glu,118339314.3378969,8.125907249533872e-55,B02,K16
CCM2,CCM2_Lys65Glu,1.0000003648123807,0.3506164981622278,B01,K16
BRAF,BRAF_Lys499Asn,4.944762682826767,0.0016661142958100037,I05,I07
BRCA1,BRCA1_Thr587Arg,2.049390298248818,0.07960199541245469,A11,G13
SOS2,SOS2_Pro1318Ser,2.645751422254759,0.03314549491286607,M04,G06
CCM2,CCM2_Gly418Glu,2.0493902837431257,0.07960199711672908,M10,D04
CCM2,CCM2_Gly418Glu,158981609.6004446,1.0288379460253844e-55,B02,D04
CCM2,CCM2_Gly418Glu,3.459535490409562,0.010554194225982808,B01,D04
RET,RET_Leu56Met,4.582575768220705,0.002535995859896028,O13,C15
F9,F9_Val195Gly,2.645751425026818,0.03314549477946372,G06,K16
BRCA1,BRCA1_Arg391Met,2.645751430570919,0.03314549451265985,A11,E11
CCM2,CCM2_Met424Ile,1.5275254132729434,0.17047061653920734,M10,N04
CCM2,CCM2_Met424Ile,7.000000273808852,0.00021155480047416666,B02,N04
CCM2,CCM2_Met424Ile,3.663299006375025,0.008035156981401899,B01,N04
BRCA1,BRCA1_Thr581Ala,2.645751463527562,0.03314549292665693,A11,C17
SDHD,SDHD_Leu139Arg,4.5825757973843935,0.002535995772179083,A21,G02
SDHD,SDHD_Leu139Arg,116834811.42604075,8.887290326908259e-55,A02,G02
RAF1,RAF1_Ser427Gly,2.0493902895962988,0.07960199642903955,A06,F17
RAF1,RAF1_Ser427Gly,8.77768010657866,0.00005017855086468543,C06,F17
RAF1,RAF1_Ser427Gly,7.588603039905381,0.00012748610560703273,N17,F17
BRCA1,BRCA1_Arg71Gly,1.527525407108267,0.17047061804109118,A11,K17
FARS2,FARS2_Tyr144Cys,1.0000002267105301,0.35061656049445744,B01,F01
FARS2,FARS2_Tyr144Cys,4.5825757362117825,0.002535995956170722,C24,F01
SDHD,SDHD_His102Pro,93988430.90962127,4.076189876160937e-54,A21,E23
SDHD,SDHD_His102Pro,94588903.40716136,3.8984670423064107e-54,A02,E23
ZC4H2,ZC4H2_Arg213Trp,6.429607337566906,0.00035709788012483603,I06,G10
SDHD,SDHD_Leu107Pro,2.6457514010023417,0.033145495935615804,A21,M23
SDHD,SDHD_Leu107Pro,3.4156503528727495,0.011201431068680516,A02,M23
RAD51D,RAD51D_Glu307Lys,1.00000034831466,0.35061650560846863,A01,K03
G6PD,G6PD_Arg365His,2.645751483547953,0.03314549196319726,J07,L07
BRCA1,BRCA1_Arg71Lys,2.6457514792358716,0.03314549217071152,A11,O11
BRAF,BRAF_Gln257Arg,1.0000002903065615,0.35061653179040614,I05,M09
CCM2,CCM2_Ala205Asp,2.6457513849860295,0.03314549670638361,M10,B09
CCM2,CCM2_Ala205Asp,189385314.8120627,3.022394149432899e-56,B02,B09
CCM2,CCM2_Ala205Asp,4.459383319230321,0.002938234957633642,B01,B09
CCM2,CCM2_Pro165Ala,7.000000089406963,0.0002115548351387853,M10,H03
CCM2,CCM2_Pro165Ala,226533247.38439834,8.626836087963719e-57,B02,H03
CCM2,CCM2_Pro165Ala,3.415650440670349,0.01120142973181197,B01,H03
F9,F9_Ile210Thr,1.0000002628990656,0.35061654416077176,G06,G22
F9,F9_Val257Ile,1.5275254232312787,0.17047061411308476,G06,I18
F9,F9_Cys335Tyr,4.914890869136402,0.001723632887315511,G06,I06
CCM2,CCM2_Lys23Arg,2.645751445663213,0.03314549378635945,M10,I12
CCM2,CCM2_Lys23Arg,137624826.77379358,2.824214665850567e-55,B02,I12
CCM2,CCM2_Lys23Arg,1.0000003523060401,0.35061650380696047,B01,I12
CCM2,CCM2_Arg423Cys,4.582575852155219,0.0025359956074423942,M10,H04
CCM2,CCM2_Arg423Cys,83972998.04466778,8.970106293250972e-54,B02,H04
CCM2,CCM2_Arg423Cys,2.6457515186606413,0.03314549027343713,B01,H04
SDHD,SDHD_His50Arg,7.00000019371509,0.00021155481553051782,A21,G21
SDHD,SDHD_His50Arg,76333756.54389083,1.7488749339285386e-53,A02,G21
FARS2,FARS2_Leu371Phe,1.0000003155853179,0.35061652038084695,B01,E24
FARS2,FARS2_Leu371Phe,7.000000014901161,0.0002115548491446911,C24,E24
CTCF,CTCF_Asp46Asn,2.8955885048328973,0.023131038220156372,I02,C04
F9,F9_Arg3His,2.0493902834886417,0.07960199714662847,G06,G20
BRCA1,BRCA1_Met1Thr,7.00000022538004,0.00021155480957801156,A11,G11
BRCA1,BRCA1_Met671Lys,4.582575731943925,0.00253599596900735,A11,C19
CCM2,CCM2_Ile331Phe,2.645751423178776,0.03314549486839875,M10,B19
CCM2,CCM2_Ile331Phe,88050794.39958401,6.436388518612515e-54,B02,B19
CCM2,CCM2_Ile331Phe,1.527525528030873,0.17047058858103992,B01,B19
BRCA1,BRCA1_Cys64Ser,2.6457514465872314,0.03314549374189205,A11,A17
CCM2,CCM2_Glu417Gly,2.645751447203244,0.03314549371224713,M10,B04
CCM2,CCM2_Glu417Gly,136883777.01629558,2.9329951201895095e-55,B02,B04
CCM2,CCM2_Glu417Gly,1.0000003453876465,0.35061650692957524,B01,B04
FH,FH_Asn340Lys,270639014.6688422,2.4833754070539186e-57,F03,H03
SHOC2,SHOC2_Gly53Arg,2.0493903896092163,0.07960198467851842,B23,J21
AGXT,AGXT_Asp201Asn,6.42247425249429,0.000359522139449361,J08,L08
CCM2,CCM2_Tyr118Phe,3.4156503401484595,0.011201431262429598,M10,O22
CCM2,CCM2_Tyr118Phe,141660171.52272573,2.306964216337932e-55,B02,O22
CCM2,CCM2_Tyr118Phe,1.0000002863151827,0.3506165335919137,B01,O22
BRAF,BRAF_Asp565Glu,1.0000002299036341,0.3506165590532508,I05,O07
FARS2,FARS2_His84Pro,1.5275255247114168,0.17047058938974993,B01,M24
FARS2,FARS2_His84Pro,7.000000083819033,0.000211554836189227,C24,M24
ZC4H2,ZC4H2_Arg18Lys,6.340999360000492,0.00038856290197054536,I06,E10
ZC4H2,ZC4H2_Ile7Val,1.0000001333121804,0.35061660264977995,I06,E08
ZC4H2,ZC4H2_Arg198Gln,4.669579694535985,0.0022886216209041625,I06,C10
CCM2,CCM2_Ala179Ser,2.6457513997703166,0.03314549599490567,M10,B05
CCM2,CCM2_Ala179Ser,102362980.21206494,2.24271842343722e-54,B02,B05
CCM2,CCM2_Ala179Ser,1.5275254635388107,0.170470604293068,B01,B05
BRCA1,BRCA1_Thr37Lys,2.645751447819255,0.03314549368260224,A11,M15
KRAS,KRAS_Phe156Ile,2.049390430326949,0.07960197989459107,B13,B17
RET,RET_Thr278Asn,2.0493902590580055,0.07960200001698499,O13,M15
ABCD1,ABCD1_Arg518Trp,140086545.09605566,2.494596044211956e-55,A01,C01
CCM2,CCM2_Ser202Asn,4.58257576110761,0.002535995881290408,M10,J07
CCM2,CCM2_Ser202Asn,143838530.02658412,2.0732350800269396e-55,B02,J07
CCM2,CCM2_Ser202Asn,2.0493903298050555,0.07960199170491108,B01,J07
F9,F9_Ala397Pro,1.5275253264931967,0.17047063768112786,G06,O08
RAF1,RAF1_Leu603Pro,7.0000004339963375,0.0002115547703614761,A06,H11
RAF1,RAF1_Leu603Pro,3.6316783382280278,0.00837914442695726,C06,H11
RAF1,RAF1_Leu603Pro,1.0000003392675287,0.3506165096918885,N17,H11
CCM2,CCM2_Ser183Leu,1.5275253362144277,0.17047063531276993,M10,H05
CCM2,CCM2_Ser183Leu,124975664.071004,5.546219195947906e-55,B02,H05
CCM2,CCM2_Ser183Leu,1.00000038982505,0.35061648687276764,B01,H05
BRCA1,BRCA1_Val632Ala,7.000000197440373,0.00021155481483022388,A11,I17
F9,F9_Glu27Lys,1.5275254113761219,0.17047061700132501,G06,I22
CCM2,CCM2_Ser143Phe,7.00000003166496,0.00021155484599336336,M10,J01
CCM2,CCM2_Ser143Phe,195407897.2819613,2.427618402993443e-56,B02,J01
CCM2,CCM2_Ser143Phe,1.0000001008489345,0.350616617302059,B01,J01
SHOC2,SHOC2_Ser2Gly,1.0000005340470144,0.350616421778237,B23,N19
BRIP1,BRIP1_His587Arg,7.000000154599531,0.0002115548228836196,E23,I23
BRIP1,BRIP1_His587Arg,4.582576052744477,0.0025359950041211167,G02,I23
BRIP1,BRIP1_His587Arg,4.582576084753416,0.002535994907846412,A02,I23
F9,F9_Ser411Ile,4.582575872783189,0.002535995545398718,G06,E10
RAF1,RAF1_Asp486Asn,7.000000193715085,0.00021155481553051874,A06,P11
RAF1,RAF1_Asp486Asn,1.0000002597059734,0.3506165456019729,C06,P11
RAF1,RAF1_Asp486Asn,1.5275253779445814,0.1704706251461625,N17,P11
F9,F9_Arg294Gln,1.0000003395336146,0.3506165095717906,G06,C20
BRCA1,BRCA1_Cys64Tyr,2.64575147615581,0.03314549231893613,A11,O15
CCM2,CCM2_Ile76Met,7.000000329688206,0.00021155478996973974,M10,C18
CCM2,CCM2_Ile76Met,162266466.75024503,8.916075613383503e-56,B02,C18
CCM2,CCM2_Ile76Met,1.527525447890005,0.1704706081055447,B01,C18
CCM2,CCM2_Arg389Trp,3.4156503286966005,0.01120143143680374,M10,N21
CCM2,CCM2_Arg389Trp,94053196.21321186,4.0565822857296096e-54,B02,N21
CCM2,CCM2_Arg389Trp,1.527525433900926,0.17047061151366683,B01,N21
