hgvs_nt,score
CCM2:n.568G>A,-4.23056319144244
FH:n.922G>A,9.134267066537895
CCM2:n.1295T>C,3.4810072758791
ABCD1:n.1553G>A,-1.6356675349264758
BRCA1:n.1528C>T,-4.995572956812157
CCM2:n.752C>A,-10.523864231110954
RET:n.874G>A,-6.3243946799446285
CCM2:n.271T>A,-5.949590918435666
CTCF:n.1025G>A,-19.66340784723165
LMNA:n.1621C>A,6.404930005164074
CTCF:n.136G>A,-2.750624777024352
RET:n.833C>A,-7.452857221546958
F9:n.401G>C,-5.944916075491039
CCM2:n.603G>C,3.6878218790118695
BRCA1:n.212G>A,-4.130361969990018
G6PD:n.496C>T,9.129229210561876
KRAS:n.458A>T,-4.377217168616278
RHO:n.403C>T,16.91824086369763
CCM2:n.509G>A,0.039068839971978554
CCM2:n.1222A>C,-0.9832644534364366
NF2:n.556A>G,-16.86640126876719
BRCA1:n.1504A>G,-4.982044217622543
BRCA1:n.181T>G,-4.968904296586127
BAP1:n.1786A>G,-0.6640125526543191
RET:n.166C>A,-5.146683916833442
PTPN11:n.179G>A,-14.998904693236163
CCM2:n.193A>G,7.539213076212867
CCM2:n.634C>G,-1.4415439010755051
FARS2:n.925G>A,8.109082848223279
CTCF:n.1024C>T,1.1025684944123006
CCM2:n.410A>G,5.386350787833645
BRCA1:n.1760C>G,-12.179409145543994
NF2:n.1007C>G,-13.456623062378473
BRCA1:n.1891G>A,-2.3295866340483693
CCM2:n.668A>T,8.523529761256023
CTCF:n.1024C>G,-4.124751711737029
LMNA:n.394G>C,7.427770332605918
RPS19:n.43G>T,3.775514956194305
FH:n.1020T>A,7.039074805982061
CCM2:n.323A>G,-1.4984555915829925
CCM2:n.257C>G,0.2301808444379052
CCM2:n.431A>G,7.397262126102515
CCM2:n.326A>G,4.660975840604437
RAF1:n.776C>G,-21.260666770210104
CCM2:n.1213G>T,-7.6533191027881875
F9:n.8G>A,-0.9023621747572921
PTPN11:n.218C>T,-17.725184140362817
RAF1:n.418A>C,-16.352368299543382
BAP1:n.91G>A,0.3248496951856547
BAP1:n.34C>A,4.308668778349213
SDHD:n.305A>T,-10.662817417341346
F9:n.907C>T,-1.9537348125574456
CTCF:n.1220A>G,-1.2922777608559952
KRAS:n.173C>T,-1.8355506021636687
SDHD:n.91A>G,-6.243676799916736
FH:n.1002T>G,6.124709636800413
CCM2:n.632G>C,-4.268535800453078
BRCA1:n.199G>T,1.3637264784420662
BRCA1:n.3G>T,14.452731583520725
CCM2:n.763G>T,3.6345271498448644
BAP1:n.277A>G,2.094215957326883
ZC4H2:n.187G>C,11.671618580439857
MSH2:n.164G>A,1.7699115768396343
CCM2:n.1231G>A,6.489741776855944
NF2:n.1003C>T,-10.103979650500852
FH:n.952C>T,6.048834879992702
KRAS:n.101C>G,-8.01833820052976
PTPN11:n.124A>G,-14.397650772978453
FH:n.1255T>C,6.583073481319978
MSH2:n.1660A>G,2.134743076952538
RPS19:n.380G>A,6.707088366287491
MSH2:n.12G>T,4.858832228562212
RAD51D:n.68A>G,-10.326618949059565
BRCA1:n.1172G>T,11.695659654465763
BRAF:n.1497A>C,-2.732770378881988
BRAF:n.722C>G,-6.421159325061715
BRCA1:n.396C>A,-3.7131317373830144
G6PD:n.973G>A,9.51405206317856
F9:n.482A>G,-13.792436979385009
MSH2:n.998G>A,-2.5442812990907484
BRAF:n.1403T>C,-2.2902576907570715
CCM2:n.1267C>T,4.1745537616826605
BRCA1:n.191G>A,2.393753275614506
RHO:n.799C>A,12.858228760133649
RAF1:n.781C>A,-10.113731223355742
SDHD:n.416T>G,2.9208507388343423
KRAS:n.214A>C,-6.007264758005444
F9:n.677G>A,-1.257197007814142
RAD51D:n.167T>G,-7.014373935487908
ZC4H2:n.469G>A,-10.224038837680851
BRAF:n.1501G>A,0.9033731197153431
RAF1:n.220A>G,-15.505368993593358
F9:n.580A>G,-5.190698064944485
RAF1:n.923C>T,-31.31878180700998
CCM2:n.938A>G,-5.768359455178782
F9:n.1228G>C,-2.469620316653731
CTCF:n.1365C>G,-0.8171249450809114
PTPN11:n.53A>G,-18.194168484886163
ZC4H2:n.197T>A,-5.053880328194642
MSH2:n.484G>A,-4.8005606506728284
RAD51D:n.26G>C,-10.459173287852014
MSH2:n.1319T>C,7.99098027310821
BRAF:n.1406G>A,2.8219095300424595
RAF1:n.786T>A,-7.047899899152275
BRCA1:n.895C>T,-5.722435997699239
ABCD1:n.1165C>G,-4.9944105800732075
LMNA:n.188T>A,6.267042152212622
BRCA1:n.1673T>C,-5.284673278120158
CCM2:n.647T>C,1.349209859287843
BCL10:n.24C>G,-1.4351203107302763
CCM2:n.562G>C,4.7351755822990595
SDHD:n.205G>A,0.7589093955809868
CCM2:n.130A>T,-2.6934082215181983
CTCF:n.1927C>T,-0.7318241270119693
BRCA1:n.1979T>C,0.5435969550749445
F9:n.237A>C,0.17794550664334344
NF2:n.22C>A,-12.632428094452678
F9:n.407T>C,2.14137941063434
SDHD:n.149A>G,-1.9829106304991169
CCM2:n.535G>T,0.9547415564880796
CCM2:n.328G>A,-4.730609295617242
F9:n.82T>C,16.572736588748693
CCM2:n.411T>G,-5.107240530328652
CCM2:n.1294A>T,-5.947448729884176
PTPN11:n.785T>G,-16.415213955942544
RAF1:n.770C>T,-16.514434130832615
BRCA1:n.305C>G,13.673599777961021
CCM2:n.1184C>T,-8.412949845985704
F9:n.329A>G,-3.8435049184853547
KRAS:n.15A>T,-4.039010377256174
NF2:n.298A>T,-11.857740329536924
RAF1:n.212A>G,-29.418742605366315
BAP1:n.869A>G,0.946661646268559
F9:n.1232G>T,-0.9407920382822144
F9:n.218A>T,-4.525124306241842
BRAF:n.1391G>T,0.4916258321868418
SOS2:n.3952C>T,-12.610861354485836
FARS2:n.431A>G,0.16198560670669246
FARS2:n.1163T>G,3.8014857975537892
BRCA1:n.110C>A,-6.025333524805342
CCM2:n.535G>A,-1.1507108060529687
NF2:n.1258G>A,-12.030942323458873
RAD51D:n.691G>T,-23.55404382297105
CCM2:n.781T>G,5.186507180386034
CCM2:n.742A>G,-4.39158196672108
F9:n.1217C>T,-4.784574873879699
BRCA1:n.211A>G,-6.88754868061145
F9:n.19A>T,-2.3326594398247598
BRCA1:n.1741A>G,-5.7348041632385165
NF2:n.470G>A,-17.0001290329564
BRCA1:n.1784G>A,-6.340687038781765
ZC4H2:n.53G>A,-6.7446945870979444
MSH2:n.2579C>T,2.996152243757833
CCM2:n.1220G>A,-1.9412684223019478
BRCA1:n.427G>A,2.7839499055667956
FLCN:n.715C>T,10.460228435908911
RHO:n.329G>A,14.059808044038554
SHOC2:n.377C>T,-9.878984327891947
PTPN11:n.932T>C,-11.793834190943722
ZC4H2:n.650A>G,3.5542221756481314
G6PD:n.143T>C,6.062745078979555
PTPN11:n.556C>T,-28.548530522027303
KRAS:n.35G>T,-6.507284021282318
BRCA1:n.1997G>T,-4.917822129271653
RAD51D:n.983C>T,-21.333161378991207
LMNA:n.643C>G,6.098551667839764
RAF1:n.1082G>C,3.4925624885044133
CTCF:n.1700G>T,-1.0590139323062375
BRIP1:n.2543G>A,0.6922843768213618
MSH2:n.488T>A,-51.17526734864441
G6PD:n.593G>C,9.514478186999021
BRIP1:n.797C>A,-1.523115810631562
RAD51D:n.137C>G,-3.2664482478935994
CCM2:n.230C>A,0.2615499901728297
BAP1:n.146T>C,3.7797120987756214
F9:n.881G>A,-6.199634814100885
F9:n.1328T>C,-3.5410735980202475
CCM2:n.248C>T,-5.337218623233169
CCM2:n.1250A>G,-0.32963051574594404
RAF1:n.119G>A,-21.70861075809439
F9:n.1069G>A,0.5162664441711879
BRCA1:n.346G>A,12.7029532142014
MSH2:n.1022T>C,-2.895151810122135
CCM2:n.1268G>A,2.9239069646606484
LMNA:n.556G>A,5.322918278436908
SDHD:n.317G>T,2.2722065039764305
NF2:n.944T>C,-8.00457415139793
KRAS:n.35G>A,-5.573173623619644
SDHD:n.305A>C,2.2303298709374406
RAD51D:n.49A>G,-16.984734666557202
RAF1:n.788T>C,-20.08351325729616
F9:n.998C>T,-7.336471759171969
BAP1:n.272G>C,2.351970401640424
RHO:n.569A>G,17.333925694210162
CCM2:n.527G>T,4.874335081031153
SDHD:n.320T>C,-1.6334527550404199
NF2:n.333G>C,-18.106660563951937
KRAS:n.468C>G,-0.20332514066036617
SDHD:n.275A>G,3.785391045629807
CTCF:n.2089G>A,-0.12322166481922031
PTPN11:n.392A>G,-14.011739031686215
SDHD:n.331G>A,2.8006960103787484
MSH2:n.1730T>C,3.142637546649235
BCL10:n.13G>T,-9.442648126246072
RAF1:n.285C>G,-19.722341192955046
CCM2:n.1193C>A,-12.765809502571512
MSH2:n.815C>T,3.3105168597548027
BAP1:n.271T>G,6.1020039617366555
F9:n.328G>A,-2.0104313631001114
BRCA1:n.115T>C,-6.303907056834244
RET:n.1013C>T,0.11387056531868447
ZC4H2:n.601C>T,-4.19943001961134
NF2:n.392T>C,-16.204009931235056
BRAF:n.1455G>C,-2.5307350782231346
MSH2:n.1571G>C,3.3044496214258854
MSH2:n.482T>A,7.750956701347555
RET:n.191C>T,-10.39229251537194
CCM2:n.1235G>A,-3.2899902381524853
PTPN11:n.184T>A,-21.58867475849185
BRAF:n.1787G>T,3.8667245869703395
BRCA1:n.1644G>A,-7.785353058951562
FANCC:n.1661T>C,4.207714871845797
RAD51D:n.163C>T,-1.3250786045213436
FARS2:n.403C>G,0.5534962187053977
CCM2:n.1126G>C,-13.467592353998203
FANCC:n.584A>T,4.824195144385183
NF2:n.616A>G,-11.915382117004427
FARS2:n.737C>T,0.9705217734824454
FH:n.697C>T,-0.7513297193939742
RAF1:n.775T>A,-23.289213924658238
CCM2:n.181G>A,-9.316391438641913
NF2:n.275A>G,-13.242082722490112
RAF1:n.776C>A,-21.590486172091556
KRAS:n.466T>A,-5.726306078614414
RAD51D:n.494G>A,-15.551121775741905
RET:n.200G>A,-6.185121677858044
PTPN11:n.215C>G,-10.445285578462254
F9:n.1240C>A,-0.16933365306691478
RAF1:n.1141G>A,9.143221484038012
G6PD:n.770G>T,9.342089280602947
RAF1:n.907A>G,-28.576941696961754
CCM2:n.428C>T,-0.6348864146707758
BRAF:n.1502A>T,-0.3759120835473305
CCM2:n.995A>G,-9.851211228538238
BRCA1:n.1742C>T,-0.26105850196637753
BRCA1:n.122A>G,-2.623456989100648
FARS2:n.1255C>T,0.19948067392221627
LMNA:n.448A>C,6.216496719283249
PTPN11:n.767A>G,-17.005175453426663
NF2:n.1384G>A,-14.681274373547557
MSH2:n.2500G>A,-5.572343646516728
PTPN11:n.824A>C,-13.705896600961285
RAD51D:n.698A>G,30.963892202417856
SOS2:n.3769A>G,8.861296477525826
RAD51D:n.196G>A,-8.045926119431865
LMNA:n.178C>G,6.650602032072272
F9:n.509G>A,-5.4896562121969
MSH2:n.2089T>C,-3.7834813258551674
BRAF:n.735A>T,-2.1453789348348566
PTPN11:n.1282G>T,-20.09966990325631
NF2:n.1231G>C,-15.1526726821551
RAF1:n.776C>T,-6.947261360181542
FANCC:n.1487T>G,4.109409985819466
ZC4H2:n.598G>A,-6.246756474373067
BRIP1:n.584T>C,2.5524361175237043
RAD51D:n.196G>T,-0.310837866326855
RET:n.785T>C,-4.31921738077547
BRIP1:n.1760A>G,-0.19943461077404334
MSH2:n.2276G>A,1.7500210422668272
F9:n.1324G>A,1.5980284651036138
PTPN11:n.92C>G,-14.877316900444157
RAD51D:n.412A>C,-15.617811768345236
MSH2:n.560T>C,-4.18386935655495
F9:n.589C>T,-3.0778628192938258
CCM2:n.353A>T,0.0966716031278662
BRCA1:n.131G>A,-6.309642528767179
BRCA1:n.1223G>T,-9.157204709373044
F9:n.224G>A,-2.4679847344302237
RAD51D:n.751A>G,-5.714043740103097
BRAF:n.770A>G,0.0312076342297861
RAD51D:n.82G>C,-17.68526836134847
CCM2:n.563G>A,-0.0428381651332517
CCM2:n.998A>T,-1.9556392018029374
RET:n.989G>A,-15.850824016926522
BRCA1:n.1379T>C,-1.472322404903403
ZC4H2:n.637C>T,-5.466978847202371
F9:n.1004G>A,-8.343939692358207
F9:n.1005C>G,-4.32451069285057
F9:n.584T>G,-0.6127936283304313
F9:n.844C>T,-1.178921276500456
F9:n.769G>A,-2.157103588409574
SOS2:n.2605G>A,-31.575234221816547
FH:n.698G>T,0.7488316578315176
CCM2:n.589A>C,2.9395385489111825
SOS2:n.1339C>A,11.581124570098574
CCM2:n.640G>T,-6.817608741285744
CTCF:n.677A>G,-12.399557391109946
FH:n.908T>C,5.884516950900576
FH:n.521C>G,6.118537087965097
CTCF:n.1768G>C,-5.159489826390344
CCM2:n.491C>T,-1.2889246435354897
BRCA1:n.1598C>T,-4.986958528072163
SDHD:n.305A>G,3.6418437453347905
CCM2:n.1229A>T,0.63664110384617
F9:n.571C>T,-7.630419489554174
KRAS:n.101C>T,-6.040400879712868
CCM2:n.281A>G,-7.397526206516095
RET:n.938G>A,-5.792005163359108
ZC4H2:n.484G>A,-5.9721364659986715
F9:n.1120G>T,-3.1484275992193766
RAD51D:n.919G>A,-1.7730004362451004
F9:n.116A>G,0.2101269330444168
G6PD:n.1132G>A,5.423957479822713
F9:n.572G>A,-4.18869509669942
CTCF:n.1699C>T,-9.145147715053076
CCM2:n.1036C>T,0.10479805454412877
KRAS:n.38G>A,-3.5105008045155217
BAP1:n.2153G>A,3.4236768975938703
SDHD:n.341A>G,5.77041480184676
MSH2:n.23C>T,4.652329438624428
SDHD:n.148C>G,1.7672684581183065
LMNA:n.134A>G,7.96752603445951
RAF1:n.782C>T,-9.115055893487165
PTPN11:n.893A>G,-11.088502077434052
CCM2:n.418G>A,-3.0524622283964864
MSH2:n.1077A>T,5.973063514419142
RAF1:n.781C>T,-22.5764510064384
BRAF:n.1411G>T,3.4796373984344218
BRCA1:n.1805G>C,-2.1518866466888267
LMNA:n.572T>G,6.625577638778081
CCM2:n.445G>A,2.90485726540793
CCM2:n.275T>C,11.0695190791141
RAF1:n.781C>G,-14.792601162761772
FARS2:n.496G>A,1.3192438031848093
RAF1:n.66T>G,-20.4107188107538
BRCA1:n.557C>A,3.3264315299989153
SDHD:n.209G>C,2.7598226973386764
CCM2:n.562G>T,-5.639092873808565
CCM2:n.868G>A,1.0561677641255003
CCM2:n.292G>C,3.602720493102875
MSH2:n.505A>G,4.503456462506135
G6PD:n.848A>G,9.698536860317475
CCM2:n.811C>A,4.1082946633357285
CCM2:n.406A>G,2.2601792869060175
CCM2:n.1096G>A,-8.392020619124573
CCM2:n.1165C>T,-6.576824352081795
BAP1:n.1268C>A,4.968692993269761
ZC4H2:n.631C>T,-8.44321245110119
BRCA1:n.716A>G,-3.2666653203681926
RAF1:n.94A>G,-37.42738486336955
PTPN11:n.10C>G,-19.72798170712695
CCM2:n.606C>G,6.18433023508093
BRCA1:n.1895T>C,-4.87227439968459
PTPN11:n.317A>C,-19.858734406276756
MSH2:n.1660A>T,2.9944593789600527
CCM2:n.679G>A,-2.343161668226192
RET:n.961G>A,-5.219231623332875
RAF1:n.1808T>C,-14.11242854425873
CCM2:n.1096G>C,-0.3257714933162656
FARS2:n.973G>T,2.8107506484606835
SDHD:n.202A>G,-0.18089621614251847
BRCA1:n.823G>A,-2.9420963522961254
F9:n.496A>T,-7.319842277484369
F9:n.697G>A,-5.258826459491195
PTPN11:n.766C>A,-24.544673374773133
PTPN11:n.802G>T,-14.272203849022901
G6PD:n.1094G>A,0.6232094946556799
SDHD:n.269C>T,5.310465622649974
CCM2:n.1090C>T,-1.361707373917247
F9:n.1151G>C,-6.152771922740577
BRCA1:n.1773T>A,-3.2871812581827977
ZC4H2:n.19A>G,-8.692629819562088
F9:n.1219T>C,-5.346380898209995
CCM2:n.229C>T,3.963365003784081
CCM2:n.613G>A,6.423365803772295
F9:n.1136G>A,-1.5007833279917
BRAF:n.1799T>G,2.4368495763238487
G6PD:n.1192G>A,1.1021220642155864
NF2:n.406G>A,-8.626067920374956
CCM2:n.1037G>A,-4.537544041872839
LMNA:n.992G>C,8.334570671705396
RAD51D:n.922A>G,-19.099853576530045
RAD51D:n.865G>A,-8.548101494767675
NF2:n.1436A>G,-12.584111149478712
BAP1:n.176G>C,4.634903285641412
MSH2:n.595T>C,-6.727982040954912
FH:n.302G>C,6.148377403458995
CCM2:n.228A>G,7.889866928180285
CCM2:n.307G>C,-8.455659463291152
FARS2:n.170C>G,-0.13840226988567925
BRAF:n.784C>A,-1.8760221857116408
NF2:n.1375C>T,-5.3064347639847105
F9:n.845A>G,-1.1622057369236432
NF2:n.107A>G,-13.341234480910789
CCM2:n.665C>T,0.3106384582873937
CCM2:n.485G>A,6.21452441918369
F9:n.1183T>A,-4.5017585269644345
SDHD:n.269C>A,2.05327836589209
RAD51D:n.394G>A,-18.92404080514647
CCM2:n.1234C>T,-5.083392560471075
BRCA1:n.2T>C,9.034797606305052
F9:n.217G>A,-2.8511696421909813
RAF1:n.433A>C,-30.26334757824172
ZC4H2:n.593G>A,-7.837874321097778
KRAS:n.178G>C,-7.859548414415033
F9:n.523C>T,-0.3435997094913329
KRAS:n.108A>G,-4.891052670266149
F9:n.1189G>C,-4.35012864502833
PTPN11:n.172A>G,-15.815633708621931
F9:n.1151G>T,-3.96316223883191
RPS19:n.302G>A,3.6566269547195223
CCM2:n.493C>G,-4.721477058969231
G6PD:n.404A>C,8.922126498294425
SHOC2:n.1481C>A,-7.0901759250302785
CCM2:n.493C>A,0.9790036486048396
PTPN11:n.181G>T,-17.459440638627218
BRCA1:n.1363G>A,17.862130118261543
F9:n.1357T>C,-6.500344089905458
PTPN11:n.1174G>A,-39.063132891426314
SHOC2:n.157G>A,10.371806153344139
PTPN11:n.228G>T,-15.035781769128336
SDHD:n.101T>G,2.126966739035865
MSH2:n.488T>G,0.009688197833987054
KRAS:n.178G>A,-1.134799244750286
RAF1:n.1837C>G,-11.1544862606415
MSH2:n.499G>C,-0.15998951221826868
F9:n.658T>A,0.8978216698692358
BRCA1:n.191G>C,3.967611219190368
PTPN11:n.854T>G,-10.47662589252704
BRCA1:n.2012T>A,-1.6146361930606505
CCM2:n.497G>T,-0.6749057352814959
PTPN11:n.416A>G,-23.25026872111634
F9:n.1187G>C,-3.9287218334414034
CCM2:n.1174C>G,-1.1777134082436838
CCM2:n.584T>C,5.955225314126938
FH:n.1127A>C,5.569792575340499
CCM2:n.1228G>C,1.638191985380883
CCM2:n.605G>A,-0.9408960453839214
F9:n.679G>A,-1.6657422052854933
SDHD:n.413G>T,4.821984572178592
BRIP1:n.765G>T,0.5781379719641137
BRAF:n.1695T>G,-1.864408798399982
CCM2:n.1177A>G,4.801417229224475
CCM2:n.1120G>A,-1.102212491812222
BRAF:n.1460T>G,-3.803486733703984
G6PD:n.445G>A,8.940294102794534
MSH2:n.2095T>C,-0.30537445001092806
