hgvs_nt,score,Mislocalization_hit
CCM2:n.568G>A,0.803612034546685,false
FH:n.922G>A,0.9467194762043729,true
CCM2:n.1295T>C,0.9863828293678563,true
ABCD1:n.1553G>A,0.7284579614489606,false
BRCA1:n.1528C>T,0.645235230386983,false
CCM2:n.752C>A,0.8166706756755427,false
RET:n.874G>A,0.7667971006173364,false
CCM2:n.271T>A,0.6917545148889621,false
CTCF:n.1025G>A,0.9992095769415448,true
LMNA:n.1621C>A,0.9529636970345725,true
CTCF:n.136G>A,0.5641833438990684,false
RET:n.833C>A,0.7671399090523396,false
F9:n.401G>C,0.7223084351909381,false
CCM2:n.603G>C,0.551689647017275,false
BRCA1:n.212G>A,0.5801298532564025,false
G6PD:n.496C>T,0.9786910533342931,true
KRAS:n.458A>T,0.6219069374281689,false
RHO:n.403C>T,0.9987830305720142,true
CCM2:n.509G>A,0.6551527568460301,false
CCM2:n.1222A>C,0.6667190953321602,false
NF2:n.556A>G,0.9583570176541378,true
BRCA1:n.1504A>G,0.6204070828190398,false
BRCA1:n.181T>G,0.6820959938936013,false
BAP1:n.1786A>G,0.5064226354476868,false
RET:n.166C>A,0.6000832573154711,false
PTPN11:n.179G>A,0.994505274878754,true
CCM2:n.193A>G,0.6650187431429728,false
CCM2:n.634C>G,0.6459645841668225,false
FARS2:n.925G>A,0.8234518305690173,false
CTCF:n.1024C>T,0.6663854569592336,false
CCM2:n.410A>G,0.5367887860299672,false
BRCA1:n.1760C>G,0.6750715999775868,false
NF2:n.1007C>G,0.939304607652963,true
BRCA1:n.1891G>A,0.5692686581668454,false
CCM2:n.668A>T,0.7039752719378912,false
CTCF:n.1024C>G,0.7854434489696722,false
LMNA:n.394G>C,0.9714384852063841,true
RPS19:n.43G>T,0.9063930505868509,false
FH:n.1020T>A,0.8891682096593868,false
CCM2:n.323A>G,0.6827881755269869,false
CCM2:n.257C>G,0.6227858350640194,false
CCM2:n.431A>G,0.6158600538616378,false
CCM2:n.326A>G,0.569039956853959,false
RAF1:n.776C>G,0.9980607638512895,true
CCM2:n.1213G>T,0.7993537033632345,false
F9:n.8G>A,0.5320415237129674,false
PTPN11:n.218C>T,0.9950803169353476,true
RAF1:n.418A>C,0.996853834224701,true
BAP1:n.91G>A,0.5321944839373111,false
BAP1:n.34C>A,0.5962538749748871,false
SDHD:n.305A>T,0.9203259312868249,true
F9:n.907C>T,0.5463921296425902,false
CTCF:n.1220A>G,0.5985269809804017,false
KRAS:n.173C>T,0.5275036260283972,false
SDHD:n.91A>G,0.748354389085437,false
FH:n.1002T>G,0.8606563085889064,false
CCM2:n.632G>C,0.7438400764745314,false
BRCA1:n.199G>T,0.5858691267100149,false
BRCA1:n.3G>T,0.8096382942095333,false
CCM2:n.763G>T,0.5892657893172519,false
BAP1:n.277A>G,0.7310535047751574,false
ZC4H2:n.187G>C,0.8502586187264287,false
MSH2:n.164G>A,0.9664107509931279,true
CCM2:n.1231G>A,0.5244435745162981,false
NF2:n.1003C>T,0.9043273114557837,false
FH:n.952C>T,0.9125006068790006,false
KRAS:n.101C>G,0.6806775376248778,false
PTPN11:n.124A>G,0.9939979386042406,true
FH:n.1255T>C,0.8672969930737184,false
MSH2:n.1660A>G,0.9647338018991983,true
RPS19:n.380G>A,0.9202044881216661,true
MSH2:n.12G>T,0.8925673375159894,false
RAD51D:n.68A>G,0.8230234453621691,false
BRCA1:n.1172G>T,0.7717930902152099,false
BRAF:n.1497A>C,0.716633992633701,false
BRAF:n.722C>G,0.772812141784144,false
BRCA1:n.396C>A,0.5972545215601228,false
G6PD:n.973G>A,0.98801838811382,true
F9:n.482A>G,0.8598412658675332,false
MSH2:n.998G>A,0.7858353130373235,false
BRAF:n.1403T>C,0.618964315093844,false
CCM2:n.1267C>T,0.7339727694020519,false
BRCA1:n.191G>A,0.6143500388925573,false
RHO:n.799C>A,0.983322440281098,true
RAF1:n.781C>A,0.9970337084221466,true
SDHD:n.416T>G,0.7335355285716032,false
KRAS:n.214A>C,0.6225494183194435,false
F9:n.677G>A,0.6775638307129226,false
RAD51D:n.167T>G,0.6759646587778648,false
ZC4H2:n.469G>A,0.815591803919655,false
BRAF:n.1501G>A,0.7320735041396718,false
RAF1:n.220A>G,0.9980916229162622,true
F9:n.580A>G,0.6098655246210818,false
RAF1:n.923C>T,0.9989999557970795,true
CCM2:n.938A>G,0.7023108415109185,false
F9:n.1228G>C,0.6448722885752192,false
CTCF:n.1365C>G,0.7823322290869855,false
PTPN11:n.53A>G,0.9912031875755687,true
ZC4H2:n.197T>A,0.9620983643382,true
MSH2:n.484G>A,0.7816211195691158,false
RAD51D:n.26G>C,0.7872467360689268,false
MSH2:n.1319T>C,0.9380928486168252,true
BRAF:n.1406G>A,0.8321343605074498,false
RAF1:n.786T>A,0.99648579025464,true
BRCA1:n.895C>T,0.720084343835433,false
ABCD1:n.1165C>G,0.6543194452681654,false
LMNA:n.188T>A,0.964237915068213,true
BRCA1:n.1673T>C,0.6302794471729246,false
CCM2:n.647T>C,0.6015431126977884,false
BCL10:n.24C>G,0.6038878167710233,false
CCM2:n.562G>C,0.5727360223738057,false
SDHD:n.205G>A,0.72878252653095,false
CCM2:n.130A>T,0.6570803441161175,false
CTCF:n.1927C>T,0.562583766623048,false
BRCA1:n.1979T>C,0.5077286780894255,false
F9:n.237A>C,0.5682732352861953,false
NF2:n.22C>A,0.9487542399622282,true
F9:n.407T>C,0.5987048760548024,false
SDHD:n.149A>G,0.6527445349273199,false
CCM2:n.535G>T,0.5765929906314142,false
CCM2:n.328G>A,0.6713689572012355,false
F9:n.82T>C,0.9412551532304342,true
CCM2:n.411T>G,0.7195499901740624,false
CCM2:n.1294A>T,0.8046125260264085,false
PTPN11:n.785T>G,0.9929476273610639,true
RAF1:n.770C>T,0.9990405002974603,true
BRCA1:n.305C>G,0.8222086265141555,false
CCM2:n.1184C>T,0.7394312380096358,false
F9:n.329A>G,0.6846113284286597,false
KRAS:n.15A>T,0.6237976117733692,false
NF2:n.298A>T,0.8784063323533797,false
RAF1:n.212A>G,0.9985241393649296,true
BAP1:n.869A>G,0.5189316825171234,false
F9:n.1232G>T,0.5596863605367999,false
F9:n.218A>T,0.655841682221024,false
BRAF:n.1391G>T,0.7841595585745835,false
SOS2:n.3952C>T,0.7525408622554471,false
FARS2:n.431A>G,0.5520283308297196,false
FARS2:n.1163T>G,0.7818805732719394,false
BRCA1:n.110C>A,0.6695308619209639,false
CCM2:n.535G>A,0.6698048794553995,false
NF2:n.1258G>A,0.9291012912465204,false
RAD51D:n.691G>T,0.8133066409740961,false
CCM2:n.781T>G,0.6210336048593291,false
CCM2:n.742A>G,0.7147107851884216,false
F9:n.1217C>T,0.81036683097098,false
BRCA1:n.211A>G,0.7056512773470844,false
F9:n.19A>T,0.5904649295713122,false
BRCA1:n.1741A>G,0.6342494113130324,false
NF2:n.470G>A,0.9840312810571393,true
BRCA1:n.1784G>A,0.646771928174857,false
ZC4H2:n.53G>A,0.8354273732548902,false
MSH2:n.2579C>T,0.9340489830995646,true
CCM2:n.1220G>A,0.7111309956158887,false
BRCA1:n.427G>A,0.5940396094056929,false
FLCN:n.715C>T,0.8422535271785632,false
RHO:n.329G>A,0.9983018325708197,true
SHOC2:n.377C>T,0.8727194483954149,false
PTPN11:n.932T>C,0.9896494416200149,true
ZC4H2:n.650A>G,0.9301272995970132,true
G6PD:n.143T>C,0.7364789529713546,false
PTPN11:n.556C>T,0.9937040793902929,true
KRAS:n.35G>T,0.7272407890075228,false
BRCA1:n.1997G>T,0.609326728337666,false
RAD51D:n.983C>T,0.8547371452627783,false
LMNA:n.643C>G,0.9582433706743306,true
RAF1:n.1082G>C,0.8234904497942348,false
CTCF:n.1700G>T,0.5596440672544505,false
BRIP1:n.2543G>A,0.6118974535367414,false
MSH2:n.488T>A,0.8448386763575095,false
G6PD:n.593G>C,0.9840122806811871,true
BRIP1:n.797C>A,0.9519724038540958,true
RAD51D:n.137C>G,0.5958656355555052,false
CCM2:n.230C>A,0.6398654284515499,false
BAP1:n.146T>C,0.6229413586759722,false
F9:n.881G>A,0.9506505903453022,true
F9:n.1328T>C,0.6801346151753807,false
CCM2:n.248C>T,0.7094933351352593,false
CCM2:n.1250A>G,0.6094081015187606,false
RAF1:n.119G>A,0.9966060566441106,true
F9:n.1069G>A,0.5564626931272059,false
BRCA1:n.346G>A,0.8020513224048111,false
MSH2:n.1022T>C,0.8135565867548067,false
CCM2:n.1268G>A,0.6725738359476374,false
LMNA:n.556G>A,0.9485669790249758,true
SDHD:n.317G>T,0.6087493429765005,false
NF2:n.944T>C,0.9135269804559404,false
KRAS:n.35G>A,0.7623604588982752,false
SDHD:n.305A>C,0.6299573902944927,false
RAD51D:n.49A>G,0.8149351643237824,false
RAF1:n.788T>C,0.9974987670421664,true
F9:n.998C>T,0.946631241941301,true
BAP1:n.272G>C,0.6119699060545447,false
RHO:n.569A>G,0.9984542754654091,true
CCM2:n.527G>T,0.5676402743392908,false
SDHD:n.320T>C,0.6997301705615097,false
NF2:n.333G>C,0.9608771287906057,true
KRAS:n.468C>G,0.9803490534081996,true
SDHD:n.275A>G,0.7012825359321073,false
CTCF:n.2089G>A,0.5479876494011364,false
PTPN11:n.392A>G,0.996186016322806,true
SDHD:n.331G>A,0.6307333345560322,false
MSH2:n.1730T>C,0.9158014494644677,true
BCL10:n.13G>T,0.7627819679983168,false
RAF1:n.285C>G,0.9978607831340902,true
CCM2:n.1193C>A,0.7695573850404819,false
MSH2:n.815C>T,0.9041357075583463,false
BAP1:n.271T>G,0.721297795854014,false
F9:n.328G>A,0.5820981916813557,false
BRCA1:n.115T>C,0.6786531137969656,false
RET:n.1013C>T,0.7117446280859983,false
ZC4H2:n.601C>T,0.657048304798407,false
NF2:n.392T>C,0.9398910811520421,true
BRAF:n.1455G>C,0.619005631577106,false
MSH2:n.1571G>C,0.744001006254288,false
MSH2:n.482T>A,0.8755335848418072,false
RET:n.191C>T,0.7996066007823628,false
CCM2:n.1235G>A,0.6995808062274311,false
PTPN11:n.184T>A,0.9907792546812824,true
BRAF:n.1787G>T,0.9192671264289523,false
BRCA1:n.1644G>A,0.6216744498921262,false
FANCC:n.1661T>C,0.929925835340268,false
RAD51D:n.163C>T,0.6727928956527318,false
FARS2:n.403C>G,0.5276263422414584,false
CCM2:n.1126G>C,0.8455605277827611,false
FANCC:n.584A>T,0.883496044925316,false
NF2:n.616A>G,0.9621376365317273,true
FARS2:n.737C>T,0.6777305484338851,false
FH:n.697C>T,0.7196276510709219,false
RAF1:n.775T>A,0.9991604397008371,true
CCM2:n.181G>A,0.7159276191416764,false
NF2:n.275A>G,0.8779478863919605,false
RAF1:n.776C>A,0.998122982261697,true
KRAS:n.466T>A,0.6128242524771101,false
RAD51D:n.494G>A,0.7930642510624233,false
RET:n.200G>A,0.6220964446501931,false
PTPN11:n.215C>G,0.9907348841018888,true
F9:n.1240C>A,0.5174291543125065,false
RAF1:n.1141G>A,0.8666938009885159,false
G6PD:n.770G>T,0.986023711896268,true
RAF1:n.907A>G,0.99877627543308,true
CCM2:n.428C>T,0.6678280188575274,false
BRAF:n.1502A>T,0.6183001283357883,false
CCM2:n.995A>G,0.7821628730673675,false
BRCA1:n.1742C>T,0.6084717201423367,false
BRCA1:n.122A>G,0.612226182818185,false
FARS2:n.1255C>T,0.6977492165274151,false
LMNA:n.448A>C,0.955655323897211,true
PTPN11:n.767A>G,0.9943465388705388,true
NF2:n.1384G>A,0.9449416614829043,true
MSH2:n.2500G>A,0.958917498072011,true
PTPN11:n.824A>C,0.9933523565544902,true
RAD51D:n.698A>G,0.7770017892134821,false
SOS2:n.3769A>G,0.9294090009431216,true
RAD51D:n.196G>A,0.7075661391249456,false
LMNA:n.178C>G,0.9650503880563712,true
F9:n.509G>A,0.9022031172175731,false
MSH2:n.2089T>C,0.8463044918787929,false
BRAF:n.735A>T,0.712561798176024,false
PTPN11:n.1282G>T,0.9914776274909299,true
NF2:n.1231G>C,0.9371941401251266,true
RAF1:n.776C>T,0.9979983537929911,true
FANCC:n.1487T>G,0.8914122649926083,false
ZC4H2:n.598G>A,0.8231881472794824,false
BRIP1:n.584T>C,0.5158753149666162,false
RAD51D:n.196G>T,0.691559326231501,false
RET:n.785T>C,0.8612218252961819,false
BRIP1:n.1760A>G,0.5473537487751257,false
MSH2:n.2276G>A,0.944453563581354,true
F9:n.1324G>A,0.5388175349475692,false
PTPN11:n.92C>G,0.9910856724960957,true
RAD51D:n.412A>C,0.8611871952762171,false
MSH2:n.560T>C,0.7664871718297737,false
F9:n.589C>T,0.5665169648141303,false
CCM2:n.353A>T,0.6089808520003208,false
BRCA1:n.131G>A,0.6516830715227122,false
BRCA1:n.1223G>T,0.6485347286185199,false
F9:n.224G>A,0.5402528176319326,false
RAD51D:n.751A>G,0.8177215221463989,false
BRAF:n.770A>G,0.6963500628285578,false
RAD51D:n.82G>C,0.8523549761424831,false
CCM2:n.563G>A,0.6334060125476713,false
CCM2:n.998A>T,0.6839764228716556,false
RET:n.989G>A,0.8950519876403007,false
BRCA1:n.1379T>C,0.5718824668803042,false
ZC4H2:n.637C>T,0.7524158646654353,false
F9:n.1004G>A,0.9443149276222387,true
F9:n.1005C>G,0.9431516670780542,false
F9:n.584T>G,0.5865585860479793,false
F9:n.844C>T,0.5907358254159727,false
F9:n.769G>A,0.6050725143579998,false
SOS2:n.2605G>A,0.9658552747449347,true
FH:n.698G>T,0.6984951017006431,false
CCM2:n.589A>C,0.5828053691378543,false
SOS2:n.1339C>A,0.9764395512926409,true
CCM2:n.640G>T,0.7694914779319192,false
CTCF:n.677A>G,0.7167217514963398,false
FH:n.908T>C,0.816437314933461,false
FH:n.521C>G,0.7533362113488613,false
CTCF:n.1768G>C,0.9979157550484479,true
CCM2:n.491C>T,0.6735173402385218,false
BRCA1:n.1598C>T,0.645303910026855,false
SDHD:n.305A>G,0.6459694182873245,false
CCM2:n.1229A>T,0.5804346965584462,false
F9:n.571C>T,0.7953585700502299,false
KRAS:n.101C>T,0.6702508367870229,false
CCM2:n.281A>G,0.7169339834687793,false
RET:n.938G>A,0.6420748941487886,false
ZC4H2:n.484G>A,0.7101649068780129,false
F9:n.1120G>T,0.8177571352659085,false
RAD51D:n.919G>A,0.855083757226947,false
F9:n.116A>G,0.5590532397388778,false
G6PD:n.1132G>A,0.6112292664929433,false
F9:n.572G>A,0.5979170192166886,false
CTCF:n.1699C>T,0.9870362108589887,true
CCM2:n.1036C>T,0.6464819212603736,false
KRAS:n.38G>A,0.5791542595389515,false
BAP1:n.2153G>A,0.6181927008639146,false
SDHD:n.341A>G,0.630311275486218,false
MSH2:n.23C>T,0.9452101003784112,true
SDHD:n.148C>G,0.6782006448026181,false
LMNA:n.134A>G,0.9627626741970214,true
RAF1:n.782C>T,0.9968527383059453,true
PTPN11:n.893A>G,0.9914441207267688,true
CCM2:n.418G>A,0.7469046989707463,false
MSH2:n.1077A>T,0.8035479236030433,false
RAF1:n.781C>T,0.9980889259798266,true
BRAF:n.1411G>T,0.8799044550799846,false
BRCA1:n.1805G>C,0.569636268534254,false
LMNA:n.572T>G,0.9444953280008905,true
CCM2:n.445G>A,0.5962327431016606,false
CCM2:n.275T>C,0.7172813672901776,false
RAF1:n.781C>G,0.9973381309258877,true
FARS2:n.496G>A,0.5543898822681195,false
RAF1:n.66T>G,0.9993452558089625,true
BRCA1:n.557C>A,0.6912121802809563,false
SDHD:n.209G>C,0.6775080135699152,false
CCM2:n.562G>T,0.762038314672499,false
CCM2:n.868G>A,0.6545269126935465,false
CCM2:n.292G>C,0.5904248907958535,false
MSH2:n.505A>G,0.9023077366255468,false
G6PD:n.848A>G,0.9939304118765785,true
CCM2:n.811C>A,0.5740889780832701,false
CCM2:n.406A>G,0.579511685427605,false
CCM2:n.1096G>A,0.7584160001260085,false
CCM2:n.1165C>T,0.7334187023592476,false
BAP1:n.1268C>A,0.5942564608993399,false
ZC4H2:n.631C>T,0.8756183900612046,false
BRCA1:n.716A>G,0.6099328214905386,false
RAF1:n.94A>G,0.999144792391023,true
PTPN11:n.10C>G,0.9922936335133117,true
CCM2:n.606C>G,0.6843645926674009,false
BRCA1:n.1895T>C,0.5820008556822607,false
PTPN11:n.317A>C,0.9942134331956392,true
MSH2:n.1660A>T,0.9582398339300526,true
CCM2:n.679G>A,0.7003615004420645,false
RET:n.961G>A,0.6246420767109535,false
RAF1:n.1808T>C,0.9991322000638013,true
CCM2:n.1096G>C,0.6682300966856991,false
FARS2:n.973G>T,0.6260058100485864,false
SDHD:n.202A>G,0.6845290781882312,false
BRCA1:n.823G>A,0.5647806579611732,false
F9:n.496A>T,0.9137531907684477,false
F9:n.697G>A,0.6126476136637353,false
PTPN11:n.766C>A,0.9933495823840719,true
PTPN11:n.802G>T,0.9912589709244974,true
G6PD:n.1094G>A,0.585788079815254,false
SDHD:n.269C>T,0.5715469932085315,false
CCM2:n.1090C>T,0.639063301612819,false
F9:n.1151G>C,0.5669128777713843,false
BRCA1:n.1773T>A,0.5887238352459658,false
ZC4H2:n.19A>G,0.7386444924731057,false
F9:n.1219T>C,0.7794672604938468,false
CCM2:n.229C>T,0.5986087888302671,false
CCM2:n.613G>A,0.6193960223674464,false
F9:n.1136G>A,0.6847234214760971,false
BRAF:n.1799T>G,0.7770175613642245,false
G6PD:n.1192G>A,0.6204961173374459,false
NF2:n.406G>A,0.9639173527153928,true
CCM2:n.1037G>A,0.7320093716916634,false
LMNA:n.992G>C,0.9957595348720893,true
RAD51D:n.922A>G,0.9062227249872907,false
RAD51D:n.865G>A,0.7481217684770348,false
NF2:n.1436A>G,0.9118484317430631,false
BAP1:n.176G>C,0.7008143529854967,false
MSH2:n.595T>C,0.8021321192342286,false
FH:n.302G>C,0.9085027825867842,false
CCM2:n.228A>G,0.572084030715784,false
CCM2:n.307G>C,0.7755175385960281,false
FARS2:n.170C>G,0.5552515948211275,false
BRAF:n.784C>A,0.613038113321611,false
NF2:n.1375C>T,0.9095530301323271,false
F9:n.845A>G,0.7525565912287884,false
NF2:n.107A>G,0.914906748042837,false
CCM2:n.665C>T,0.6273407951986054,false
CCM2:n.485G>A,0.5572013806063552,false
F9:n.1183T>A,0.8104947693800506,false
SDHD:n.269C>A,0.6360131283514332,false
RAD51D:n.394G>A,0.802938782421522,false
CCM2:n.1234C>T,0.7870241727656505,false
BRCA1:n.2T>C,0.7166501440193415,false
F9:n.217G>A,0.5729558731332143,false
RAF1:n.433A>C,0.9988341089594418,true
ZC4H2:n.593G>A,0.748062392103255,false
KRAS:n.178G>C,0.7119068187170452,false
F9:n.523C>T,0.7110444404002607,false
KRAS:n.108A>G,0.8284049571543306,false
F9:n.1189G>C,0.8417618863704475,false
PTPN11:n.172A>G,0.9949472163476056,true
F9:n.1151G>T,0.5916228532012929,false
RPS19:n.302G>A,0.8515265038356981,false
CCM2:n.493C>G,0.7604911095512938,false
G6PD:n.404A>C,0.9724184291507836,true
SHOC2:n.1481C>A,0.7532775844958222,false
CCM2:n.493C>A,0.5803030435435059,false
PTPN11:n.181G>T,0.9936619971709135,true
BRCA1:n.1363G>A,0.9631124942677791,true
F9:n.1357T>C,0.9394060638286601,false
PTPN11:n.1174G>A,0.992769050883505,true
SHOC2:n.157G>A,0.9964213506269908,true
PTPN11:n.228G>T,0.9925757956646813,true
SDHD:n.101T>G,0.6742963110351448,false
MSH2:n.488T>G,0.6736624475246281,false
KRAS:n.178G>A,0.5309201538569992,false
RAF1:n.1837C>G,0.998638088118148,true
MSH2:n.499G>C,0.9581257365660243,true
F9:n.658T>A,0.6028197727062969,false
BRCA1:n.191G>C,0.5587946895190236,false
PTPN11:n.854T>G,0.9915909171916033,true
BRCA1:n.2012T>A,0.577810593240281,false
CCM2:n.497G>T,0.6339280265870806,false
PTPN11:n.416A>G,0.992444884933747,true
F9:n.1187G>C,0.8707236109761083,false
CCM2:n.1174C>G,0.6332781413107458,false
CCM2:n.584T>C,0.7614913058406461,false
FH:n.1127A>C,0.9175978795148598,false
CCM2:n.1228G>C,0.5641662546429056,false
CCM2:n.605G>A,0.6489685092024666,false
F9:n.679G>A,0.5255736571442283,false
SDHD:n.413G>T,0.789813116104157,false
BRIP1:n.765G>T,0.5683880453291662,false
BRAF:n.1695T>G,0.6298386500759072,false
CCM2:n.1177A>G,0.7870209759591944,false
CCM2:n.1120G>A,0.6640801787995991,false
BRAF:n.1460T>G,0.6699948660620281,false
G6PD:n.445G>A,0.9866295719565601,true
MSH2:n.2095T>C,0.8053297423219216,false
