hgvs_nt,score,Morphological_change_hit
CCM2:n.568G>A,0.7564992261302927,false
FH:n.922G>A,0.6954322817050888,false
CCM2:n.1295T>C,0.631154184086294,false
ABCD1:n.1553G>A,0.7423132838401263,false
BRCA1:n.1528C>T,0.9730838686195203,true
CCM2:n.752C>A,0.7345382763594386,false
RET:n.874G>A,0.612635483378376,false
CCM2:n.271T>A,0.65826206813187,false
CTCF:n.1025G>A,0.8581074763475334,false
LMNA:n.1621C>A,0.9355203563473983,false
CTCF:n.136G>A,0.762559539446116,false
RET:n.833C>A,0.6901230347774283,false
F9:n.401G>C,0.7897222094288754,false
CCM2:n.603G>C,0.6966113497625279,false
BRCA1:n.212G>A,0.9533852294107579,false
G6PD:n.496C>T,0.8482853585560046,false
KRAS:n.458A>T,0.7483091982039745,false
RHO:n.403C>T,0.8315147973581338,false
CCM2:n.509G>A,0.5698881479858903,false
CCM2:n.1222A>C,0.8874336970115273,false
NF2:n.556A>G,0.8865756734559376,false
BRCA1:n.1504A>G,0.8743923784486944,false
BRCA1:n.181T>G,0.9665163511129766,false
BAP1:n.1786A>G,0.5239263683914185,false
RET:n.166C>A,0.8080229688257763,false
PTPN11:n.179G>A,0.5956727586032875,false
CCM2:n.193A>G,0.7396777911044843,false
CCM2:n.634C>G,0.7179393734465505,false
FARS2:n.925G>A,0.722278143441536,false
CTCF:n.1024C>T,0.6919283356060385,false
CCM2:n.410A>G,0.6051134518007949,false
BRCA1:n.1760C>G,0.9167846527340769,false
NF2:n.1007C>G,0.8660403871843982,false
BRCA1:n.1891G>A,0.9229702571754177,false
CCM2:n.668A>T,0.7392786195340393,false
CTCF:n.1024C>G,0.6327252933210634,false
LMNA:n.394G>C,0.9173184412009909,false
RPS19:n.43G>T,0.7083006122638702,false
FH:n.1020T>A,0.8531644383353344,false
CCM2:n.323A>G,0.8057461551438649,false
CCM2:n.257C>G,0.7884973525513607,false
CCM2:n.431A>G,0.6640464256501871,false
CCM2:n.326A>G,0.801109277569134,false
RAF1:n.776C>G,0.8940975932834907,false
CCM2:n.1213G>T,0.7490747620914909,false
F9:n.8G>A,0.5878779017314941,false
PTPN11:n.218C>T,0.6934050454226189,false
RAF1:n.418A>C,0.8479078270838628,false
BAP1:n.91G>A,0.6321400748475645,false
BAP1:n.34C>A,0.6075455606685218,false
SDHD:n.305A>T,0.872413264687663,false
F9:n.907C>T,0.7016274315780507,false
CTCF:n.1220A>G,0.6469927954794968,false
KRAS:n.173C>T,0.8452869663054974,false
SDHD:n.91A>G,0.796455581516788,false
FH:n.1002T>G,0.7895940494387377,false
CCM2:n.632G>C,0.771176524572179,false
BRCA1:n.199G>T,0.9557973665150059,false
BRCA1:n.3G>T,0.9519230249215556,false
CCM2:n.763G>T,0.7406758480659865,false
BAP1:n.277A>G,0.5729690179943753,false
ZC4H2:n.187G>C,0.5803662443577328,false
MSH2:n.164G>A,0.6602768027005332,false
CCM2:n.1231G>A,0.6378509662165361,false
NF2:n.1003C>T,0.8142213263671911,false
FH:n.952C>T,0.6918407678474648,false
KRAS:n.101C>G,0.6916533262154219,false
PTPN11:n.124A>G,0.7022240270588711,false
FH:n.1255T>C,0.8931859661921904,false
MSH2:n.1660A>G,0.8489624984134874,false
RPS19:n.380G>A,0.7938674796479568,false
MSH2:n.12G>T,0.7215484001731463,false
RAD51D:n.68A>G,0.829979652579468,false
BRCA1:n.1172G>T,0.9277289217315086,false
BRAF:n.1497A>C,0.6271268742452767,false
BRAF:n.722C>G,0.8120696964746459,false
BRCA1:n.396C>A,0.9818767245904743,true
G6PD:n.973G>A,0.8662571174645162,false
F9:n.482A>G,0.8041696907430337,false
MSH2:n.998G>A,0.7901368250517564,false
BRAF:n.1403T>C,0.5851504486178356,false
CCM2:n.1267C>T,0.5456548753100483,false
BRCA1:n.191G>A,0.9253621117106228,false
RHO:n.799C>A,0.9068283676165404,false
RAF1:n.781C>A,0.9846600286191713,true
SDHD:n.416T>G,0.7746926638669998,false
KRAS:n.214A>C,0.6916352277206129,false
F9:n.677G>A,0.7598917896136805,false
RAD51D:n.167T>G,0.5585308822617422,false
ZC4H2:n.469G>A,0.7705484079479537,false
BRAF:n.1501G>A,0.5599331203373252,false
RAF1:n.220A>G,0.8019762046363066,false
F9:n.580A>G,0.6938834523343087,false
RAF1:n.923C>T,0.9646205473849807,false
CCM2:n.938A>G,0.7074059524210875,false
F9:n.1228G>C,0.6443187445046752,false
CTCF:n.1365C>G,0.897763929885721,false
PTPN11:n.53A>G,0.7368703865412187,false
ZC4H2:n.197T>A,0.8825928429276513,false
MSH2:n.484G>A,0.8297774830636364,false
RAD51D:n.26G>C,0.7670570236034155,false
MSH2:n.1319T>C,0.6593944465099176,false
BRAF:n.1406G>A,0.7652003124312705,false
RAF1:n.786T>A,0.9787142080897302,true
BRCA1:n.895C>T,0.9776902833078602,true
ABCD1:n.1165C>G,0.7101891642640956,false
LMNA:n.188T>A,0.9851590473605178,true
BRCA1:n.1673T>C,0.9674227267816059,true
CCM2:n.647T>C,0.7173653875042698,false
BCL10:n.24C>G,0.6378707526995091,false
CCM2:n.562G>C,0.6317843876542709,false
SDHD:n.205G>A,0.8760248324513167,false
CCM2:n.130A>T,0.7979559199534386,false
CTCF:n.1927C>T,0.615915805354181,false
BRCA1:n.1979T>C,0.6271307138522835,false
F9:n.237A>C,0.759253732041047,false
NF2:n.22C>A,0.7871506103073541,false
F9:n.407T>C,0.7120599708720928,false
SDHD:n.149A>G,0.8197176818941334,false
CCM2:n.535G>T,0.7248113686755603,false
CCM2:n.328G>A,0.7157855472836923,false
F9:n.82T>C,0.6794915179577,false
CCM2:n.411T>G,0.7292837070149591,false
CCM2:n.1294A>T,0.6355672719148422,false
PTPN11:n.785T>G,0.747310027440608,false
RAF1:n.770C>T,0.9461869341538749,false
BRCA1:n.305C>G,0.7791499052731206,false
CCM2:n.1184C>T,0.7253295426904035,false
F9:n.329A>G,0.8677547458046329,false
KRAS:n.15A>T,0.838238127034919,false
NF2:n.298A>T,0.6920127910509478,false
RAF1:n.212A>G,0.8475594837926228,false
BAP1:n.869A>G,0.5972356223813178,false
F9:n.1232G>T,0.6308405008904254,false
F9:n.218A>T,0.7707215139006747,false
BRAF:n.1391G>T,0.7215640771194853,false
SOS2:n.3952C>T,0.6211023479518658,false
FARS2:n.431A>G,0.640306051127763,false
FARS2:n.1163T>G,0.5311245152809136,false
BRCA1:n.110C>A,0.8734594333204246,false
CCM2:n.535G>A,0.7086998266594186,false
NF2:n.1258G>A,0.911375906230423,false
RAD51D:n.691G>T,0.7498134752273092,false
CCM2:n.781T>G,0.9218887953597777,false
CCM2:n.742A>G,0.767302583712937,false
F9:n.1217C>T,0.9221531128975327,false
BRCA1:n.211A>G,0.954527065424061,false
F9:n.19A>T,0.5906934369604624,false
BRCA1:n.1741A>G,0.8983876421331713,false
NF2:n.470G>A,0.896736629927456,false
BRCA1:n.1784G>A,0.9121411004798583,false
ZC4H2:n.53G>A,0.6929858070818045,false
MSH2:n.2579C>T,0.7913744360746686,false
CCM2:n.1220G>A,0.7668110800078796,false
BRCA1:n.427G>A,0.9185634756384469,false
FLCN:n.715C>T,0.6187651940193324,false
RHO:n.329G>A,0.8819381447356396,false
SHOC2:n.377C>T,0.7611344399275952,false
PTPN11:n.932T>C,0.8302875099898527,false
ZC4H2:n.650A>G,0.45661642719733675,false
G6PD:n.143T>C,0.729173115497117,false
PTPN11:n.556C>T,0.7339331956630163,false
KRAS:n.35G>T,0.9479096131012461,false
BRCA1:n.1997G>T,0.8750113561165176,false
RAD51D:n.983C>T,0.824314640212429,false
LMNA:n.643C>G,0.9636925703728173,true
RAF1:n.1082G>C,0.8808564832352836,false
CTCF:n.1700G>T,0.5737201458873199,false
BRIP1:n.2543G>A,0.6944246961179452,false
MSH2:n.488T>A,0.8327834879962448,false
G6PD:n.593G>C,0.782136402370575,false
BRIP1:n.797C>A,0.6260649802177118,false
RAD51D:n.137C>G,0.5412373382878677,false
CCM2:n.230C>A,0.6808778629427468,false
BAP1:n.146T>C,0.6014889428461926,false
F9:n.881G>A,0.7412748690538762,false
F9:n.1328T>C,0.645089125306461,false
CCM2:n.248C>T,0.6129431052785191,false
CCM2:n.1250A>G,0.682868987916887,false
RAF1:n.119G>A,0.7121835478541175,false
F9:n.1069G>A,0.6344529515891763,false
BRCA1:n.346G>A,0.48118452539903933,false
MSH2:n.1022T>C,0.574076943932437,false
CCM2:n.1268G>A,0.533783663319422,false
LMNA:n.556G>A,0.9143150057796794,false
SDHD:n.317G>T,0.749475051141261,false
NF2:n.944T>C,0.7782849386176858,false
KRAS:n.35G>A,0.8674497807236967,false
SDHD:n.305A>C,0.8977984712942704,false
RAD51D:n.49A>G,0.8538044831248375,false
RAF1:n.788T>C,0.9805324260372776,true
F9:n.998C>T,0.7736936954117497,false
BAP1:n.272G>C,0.7827971607601445,false
RHO:n.569A>G,0.7600176590032053,false
CCM2:n.527G>T,0.6560568153294308,false
SDHD:n.320T>C,0.7956069893944677,false
NF2:n.333G>C,0.9513382341726666,false
KRAS:n.468C>G,0.909068915630945,false
SDHD:n.275A>G,0.7882935416926453,false
CTCF:n.2089G>A,0.4671790128445332,false
PTPN11:n.392A>G,0.6642705513815361,false
SDHD:n.331G>A,0.7329435757407003,false
MSH2:n.1730T>C,0.5409226013179385,false
BCL10:n.13G>T,0.785545847633899,false
RAF1:n.285C>G,0.7266983278067491,false
CCM2:n.1193C>A,0.7519449963607729,false
MSH2:n.815C>T,0.5998281022432919,false
BAP1:n.271T>G,0.6884389305501787,false
F9:n.328G>A,0.760198814605635,false
BRCA1:n.115T>C,0.9357532948786886,false
RET:n.1013C>T,0.9218211721332804,false
ZC4H2:n.601C>T,0.6537440043427011,false
NF2:n.392T>C,0.8933012729396168,false
BRAF:n.1455G>C,0.5606834345136686,false
MSH2:n.1571G>C,0.697068850405381,false
MSH2:n.482T>A,0.7726059980497069,false
RET:n.191C>T,0.811817360618826,false
CCM2:n.1235G>A,0.6260518783856225,false
PTPN11:n.184T>A,0.760210052108724,false
BRAF:n.1787G>T,0.9497335499214732,false
BRCA1:n.1644G>A,0.9818513558253721,true
FANCC:n.1661T>C,0.8216108060028822,false
RAD51D:n.163C>T,0.5543919315557383,false
FARS2:n.403C>G,0.6813791811813432,false
CCM2:n.1126G>C,0.7468836608660939,false
FANCC:n.584A>T,0.5249162902083079,false
NF2:n.616A>G,0.9177852901096748,false
FARS2:n.737C>T,0.5996725805394705,false
FH:n.697C>T,0.5994950821619414,false
RAF1:n.775T>A,0.860236480635765,false
CCM2:n.181G>A,0.6848485069883551,false
NF2:n.275A>G,0.6634887781802662,false
RAF1:n.776C>A,0.890112830893695,false
KRAS:n.466T>A,0.48119908939578826,false
RAD51D:n.494G>A,0.8716921976529202,false
RET:n.200G>A,0.7689959747044697,false
PTPN11:n.215C>G,0.7830076890029614,false
F9:n.1240C>A,0.6749563543921966,false
RAF1:n.1141G>A,0.6915769210456768,false
G6PD:n.770G>T,0.6480484467010411,false
RAF1:n.907A>G,0.9412242219480159,false
CCM2:n.428C>T,0.7142609888570463,false
BRAF:n.1502A>T,0.5425200120412953,false
CCM2:n.995A>G,0.7740380168771419,false
BRCA1:n.1742C>T,0.9506628110614735,false
BRCA1:n.122A>G,0.8734326220228481,false
FARS2:n.1255C>T,0.6675564385895231,false
LMNA:n.448A>C,0.946353862392329,false
PTPN11:n.767A>G,0.8452643954801042,false
NF2:n.1384G>A,0.9027475207931992,false
MSH2:n.2500G>A,0.7451469388932689,false
PTPN11:n.824A>C,0.7079087555210486,false
RAD51D:n.698A>G,0.676707816139645,false
SOS2:n.3769A>G,0.6990381486121331,false
RAD51D:n.196G>A,0.6404446651260981,false
LMNA:n.178C>G,0.9338947874186516,false
F9:n.509G>A,0.7935528695940789,false
MSH2:n.2089T>C,0.7823028570074546,false
BRAF:n.735A>T,0.7385731724019879,false
PTPN11:n.1282G>T,0.6961256380294272,false
NF2:n.1231G>C,0.8873211258585111,false
RAF1:n.776C>T,0.8723810520528795,false
FANCC:n.1487T>G,0.6880836912303228,false
ZC4H2:n.598G>A,0.7457918863782729,false
BRIP1:n.584T>C,0.5470650845871723,false
RAD51D:n.196G>T,0.5971238251140654,false
RET:n.785T>C,0.7027835767135274,false
BRIP1:n.1760A>G,0.5843574691495617,false
MSH2:n.2276G>A,0.7016061137753868,false
F9:n.1324G>A,0.6565460183828266,false
PTPN11:n.92C>G,0.8850446823651978,false
RAD51D:n.412A>C,0.8418977496445368,false
MSH2:n.560T>C,0.8504399708331608,false
F9:n.589C>T,0.6446303587217326,false
CCM2:n.353A>T,0.7144617287311165,false
BRCA1:n.131G>A,0.8795735144956293,false
BRCA1:n.1223G>T,0.8343433465450425,false
F9:n.224G>A,0.687115059379531,false
RAD51D:n.751A>G,0.8927147512006781,false
BRAF:n.770A>G,0.6981139387627906,false
RAD51D:n.82G>C,0.8992344199458204,false
CCM2:n.563G>A,0.6447940082115147,false
CCM2:n.998A>T,0.6874050041050958,false
RET:n.989G>A,0.9035885139745563,false
BRCA1:n.1379T>C,0.9330026122284991,false
ZC4H2:n.637C>T,0.7461015300235256,false
F9:n.1004G>A,0.7013331653938101,false
F9:n.1005C>G,0.5216603259634102,false
F9:n.584T>G,0.6714747603592035,false
F9:n.844C>T,0.7625266808656689,false
F9:n.769G>A,0.5836949953743629,false
SOS2:n.2605G>A,0.710548846074446,false
FH:n.698G>T,0.638576496011657,false
CCM2:n.589A>C,0.7781601783137841,false
SOS2:n.1339C>A,0.574057443872874,false
CCM2:n.640G>T,0.7578584470953684,false
CTCF:n.677A>G,0.7363223989192744,false
FH:n.908T>C,0.737171006581798,false
FH:n.521C>G,0.8243192302720983,false
CTCF:n.1768G>C,0.9125966648379243,false
CCM2:n.491C>T,0.8608716192952701,false
BRCA1:n.1598C>T,0.9395718244139615,false
SDHD:n.305A>G,0.6934058471681265,false
CCM2:n.1229A>T,0.6343698827198565,false
F9:n.571C>T,0.7060487526207208,false
KRAS:n.101C>T,0.7118335707951593,false
CCM2:n.281A>G,0.6538358949056082,false
RET:n.938G>A,0.8581837224962892,false
ZC4H2:n.484G>A,0.7272285306066514,false
F9:n.1120G>T,0.6405331435167991,false
RAD51D:n.919G>A,0.9563703627328092,false
F9:n.116A>G,0.545743507257766,false
G6PD:n.1132G>A,0.47896330529063713,false
F9:n.572G>A,0.6460243876305213,false
CTCF:n.1699C>T,0.8345496306850848,false
CCM2:n.1036C>T,0.7573466533617206,false
KRAS:n.38G>A,0.7541620293384912,false
BAP1:n.2153G>A,0.576046287728118,false
SDHD:n.341A>G,0.7778803015296916,false
MSH2:n.23C>T,0.7605079557202993,false
SDHD:n.148C>G,0.9150920030437937,false
LMNA:n.134A>G,0.9802400780672262,true
RAF1:n.782C>T,0.990558538083133,true
PTPN11:n.893A>G,0.8755935741064418,false
CCM2:n.418G>A,0.6841357740447384,false
MSH2:n.1077A>T,0.8415019015914562,false
RAF1:n.781C>T,0.9528145237131478,false
BRAF:n.1411G>T,0.9700722919142328,true
BRCA1:n.1805G>C,0.9425706858385849,false
LMNA:n.572T>G,0.9294951413940011,false
CCM2:n.445G>A,0.596982850386979,false
CCM2:n.275T>C,0.7243183737105412,false
RAF1:n.781C>G,0.9890544079319752,true
FARS2:n.496G>A,0.4853624083069553,false
RAF1:n.66T>G,0.8920904444201248,false
BRCA1:n.557C>A,0.9896877987614687,true
SDHD:n.209G>C,0.8181794793338436,false
CCM2:n.562G>T,0.6116726337909216,false
CCM2:n.868G>A,0.6895024471552469,false
CCM2:n.292G>C,0.6424767516557799,false
MSH2:n.505A>G,0.6758013400424113,false
G6PD:n.848A>G,0.7136720731166841,false
CCM2:n.811C>A,0.7400086110364974,false
CCM2:n.406A>G,0.8017609345026477,false
CCM2:n.1096G>A,0.8750633811267712,false
CCM2:n.1165C>T,0.6875289488792455,false
BAP1:n.1268C>A,0.4707037273663362,false
ZC4H2:n.631C>T,0.7811734267914996,false
BRCA1:n.716A>G,0.9779177434062978,true
RAF1:n.94A>G,0.9663766243371743,true
PTPN11:n.10C>G,0.921147567346281,false
CCM2:n.606C>G,0.6156504915628096,false
BRCA1:n.1895T>C,0.9308585961408873,false
PTPN11:n.317A>C,0.7172672666589022,false
MSH2:n.1660A>T,0.770505386764939,false
CCM2:n.679G>A,0.7634813797262903,false
RET:n.961G>A,0.8201337818097441,false
RAF1:n.1808T>C,0.8174448167270751,false
CCM2:n.1096G>C,0.7865657748789193,false
FARS2:n.973G>T,0.7005203582867402,false
SDHD:n.202A>G,0.8089248007592962,false
BRCA1:n.823G>A,0.8731868495977197,false
F9:n.496A>T,0.6702180593012723,false
F9:n.697G>A,0.7669836567288556,false
PTPN11:n.766C>A,0.6331584781094897,false
PTPN11:n.802G>T,0.6370003546196332,false
G6PD:n.1094G>A,0.5117241878731491,false
SDHD:n.269C>T,0.6448466505106336,false
CCM2:n.1090C>T,0.6656746397620101,false
F9:n.1151G>C,0.49670790168269063,false
BRCA1:n.1773T>A,0.9235839170686512,false
ZC4H2:n.19A>G,0.748043758362837,false
F9:n.1219T>C,0.7040630140339057,false
CCM2:n.229C>T,0.7326750124132556,false
CCM2:n.613G>A,0.7343059520103667,false
F9:n.1136G>A,0.7761670778951305,false
BRAF:n.1799T>G,0.7729589264520342,false
G6PD:n.1192G>A,0.6660327248935085,false
NF2:n.406G>A,0.8155723798463089,false
CCM2:n.1037G>A,0.6628542563290042,false
LMNA:n.992G>C,0.9293452507531914,false
RAD51D:n.922A>G,0.9163285529514194,false
RAD51D:n.865G>A,0.9356613896816537,false
NF2:n.1436A>G,0.8145777505182938,false
BAP1:n.176G>C,0.6667471794656159,false
MSH2:n.595T>C,0.8453680329736621,false
FH:n.302G>C,0.7557612408440806,false
CCM2:n.228A>G,0.688850084118596,false
CCM2:n.307G>C,0.7568996544030828,false
FARS2:n.170C>G,0.5196920206944826,false
BRAF:n.784C>A,0.589140270806574,false
NF2:n.1375C>T,0.8157797680599117,false
F9:n.845A>G,0.8297949439728523,false
NF2:n.107A>G,0.8318296797635725,false
CCM2:n.665C>T,0.7951865091236227,false
CCM2:n.485G>A,0.5906695180733814,false
F9:n.1183T>A,0.639767176572801,false
SDHD:n.269C>A,0.7918104081050534,false
RAD51D:n.394G>A,0.8295459197596773,false
CCM2:n.1234C>T,0.6501149662179158,false
BRCA1:n.2T>C,0.8820527701850632,false
F9:n.217G>A,0.7162932899916918,false
RAF1:n.433A>C,0.6772394223483333,false
ZC4H2:n.593G>A,0.6997485507689004,false
KRAS:n.178G>C,0.5467769611270799,false
F9:n.523C>T,0.6261194517090174,false
KRAS:n.108A>G,0.8317293700817412,false
F9:n.1189G>C,0.5460270468866509,false
PTPN11:n.172A>G,0.508447490614692,false
F9:n.1151G>T,0.5912175362493772,false
RPS19:n.302G>A,0.55773471570379,false
CCM2:n.493C>G,0.6499143767901492,false
G6PD:n.404A>C,0.6755993212567772,false
SHOC2:n.1481C>A,0.8020386468596263,false
CCM2:n.493C>A,0.6584799237933935,false
PTPN11:n.181G>T,0.6051274090121366,false
BRCA1:n.1363G>A,0.7524745207447681,false
F9:n.1357T>C,0.7497733844599401,false
PTPN11:n.1174G>A,0.7924248751452311,false
SHOC2:n.157G>A,0.8092535404558134,false
PTPN11:n.228G>T,0.6437165104507758,false
SDHD:n.101T>G,0.8759415091216682,false
MSH2:n.488T>G,0.7530785457161929,false
KRAS:n.178G>A,0.7014796896057793,false
RAF1:n.1837C>G,0.9210544205862535,false
MSH2:n.499G>C,0.6430149187582801,false
F9:n.658T>A,0.6620096209891204,false
BRCA1:n.191G>C,0.6174665067712674,false
PTPN11:n.854T>G,0.7331099338518912,false
BRCA1:n.2012T>A,0.9533669226735515,false
CCM2:n.497G>T,0.6901233829039668,false
PTPN11:n.416A>G,0.4825204833870558,false
F9:n.1187G>C,0.4484449815019703,false
CCM2:n.1174C>G,0.8548635448502873,false
CCM2:n.584T>C,0.6895688293771696,false
FH:n.1127A>C,0.6062598522797815,false
CCM2:n.1228G>C,0.6318243850855755,false
CCM2:n.605G>A,0.684203888391295,false
F9:n.679G>A,0.5421468959683498,false
SDHD:n.413G>T,0.7291880752679578,false
BRIP1:n.765G>T,0.7412403866383124,false
BRAF:n.1695T>G,0.514730869670375,false
CCM2:n.1177A>G,0.7971329356634375,false
CCM2:n.1120G>A,0.7651382199243323,false
BRAF:n.1460T>G,0.673610987217145,false
G6PD:n.445G>A,0.720583502936045,false
MSH2:n.2095T>C,0.6073605617600666,false
