allele_0,Altered_morph_batch11_widefield,Altered_morph_batch12_widefield,Altered_morph_both_batches,AUROC_batch11_widefield,AUROC_batch12_widefield,AUROC_Mean
MVK_Ser329Asn,0,0,false,0.9958962797646759,0.9963291260501861,0.996112702907431
STXBP1_Arg505His,1,0,false,0.9999726173152451,0.989406622013628,0.9946896196644366
MLH1_Pro747Ser,1,1,true,0.9999092641139915,0.9994878519176223,0.9996985580158069
STXBP1_Glu12Asp,0,0,false,0.9978350723294735,0.965941065575772,0.9818880689526228
MLH1_Asp41His,0,1,false,0.9992975744464326,0.9998711525982353,0.999584363522334
STXBP1_Thr419Met,1,0,false,0.9998159449358269,0.9955166005468722,0.9976662727413496
MLH1_Gly244Asp,0,1,false,0.9977327054092746,0.9995173338909087,0.9986250196500916
MVK_Pro288Leu,0,0,false,0.9146538087339987,0.6397111985293392,0.777182503631669
MLH1_Cys39Phe,0,0,false,0.9771852869943671,0.9983157257366614,0.9877505063655143
STXBP1_Pro480Leu,0,0,false,0.9995601788673888,0.9920912918770951,0.995825735372242
STXBP1_Leu426Pro,0,0,false,0.9859112319327212,0.9429716081004291,0.9644414200165752
MLH1_Pro640Ser,0,1,false,0.9995955030924915,0.9996608487800993,0.9996281759362954
HPRT1_His204Asp,0,0,false,0.9245808104020302,0.8952027391714245,0.9098917747867273
MLH1_Asn38Lys,0,0,false,0.933797754871962,0.8586092503232647,0.8962035025976134
MVK_Leu265Pro,0,0,false,0.976712311025991,0.9465671875849526,0.9616397493054718
STXBP1_Gly544Asp,1,,,0.9999677644709086,,
STXBP1_His245Arg,0,0,false,0.9983864528087111,0.9770959295956374,0.9877411912021743
MLH1_Gly147Arg,1,1,true,0.9998761063319332,0.9995835338807761,0.9997298201063547
STXBP1_Lys333Glu,1,0,false,0.99984086537773,0.9195707555415719,0.959705810459651
MLH1_Asp485Glu,1,1,true,0.9999376808919545,0.9994825059445626,0.9997100934182586
MVK_Thr243IIe,0,0,false,0.5744186624440432,0.5807549920507563,0.5775868272473997
MLH1_Ser295Thr,1,,,0.9999170775437024,,
MLH1_Ser508Arg,0,1,false,0.9997358169781554,0.999233684893404,0.9994847509357797
STXBP1_Arg406Cys,0,0,false,0.9979185775143897,0.970351873009222,0.9841352252618059
STXBP1_Arg406Leu,0,0,false,0.9937041329712047,0.9194079549364835,0.9565560439538441
MLH1_Ala160Val,1,0,false,0.9998612680089318,0.9981594101946158,0.9990103391017738
MLH1_Ala681Thr,0,0,false,0.9384002333783494,0.9610219011004051,0.9497110672393773
MLH1_Lys618Arg,0,0,false,0.9993111365810028,0.9978247175604726,0.9985679270707377
MLH1_Asn38His,0,0,false,0.9533281373337402,0.878147964144535,0.9157380507391376
STXBP1_Asp238Glu,0,0,false,0.9973314334073721,0.9635337966863861,0.9804326150468791
MLH1_Ala681Val,0,0,false,0.9965623719451362,0.9963825556375672,0.9964724637913517
STXBP1_Arg551Leu,0,0,false,0.9976783450650197,0.9702910228060033,0.9839846839355115
MLH1_Cys680Arg,0,1,false,0.9927882377307706,0.9995890253714339,0.9961886315511023
STXBP1_Tyr411His,0,0,false,0.9991922746401405,0.9878718898819725,0.9935320822610565
STXBP1_Arg190Trp,1,0,false,0.9998495574899462,0.9895162480675187,0.9946829027787325
GSS_Arg125Cys,0,0,false,0.9882554661779048,0.9156735782483716,0.9519645222131382
STXBP1_Arg406His,0,0,false,0.9767015799168661,0.9453857791202904,0.9610436795185783
MVK_Gly211Ala,1,1,true,0.9999587393659177,0.9998211024857264,0.9998899209258221
MLH1_Ser44Phe,1,1,true,0.9999778939787487,0.9997284925748474,0.999853193276798
STXBP1_Arg305Gln,0,0,false,0.9988832465065007,0.9340338726278482,0.9664585595671744
STXBP1_Gly417Asp,0,0,false,0.9977489945154525,0.9185141997562525,0.9581315971358525
STXBP1_Asn548Asp,0,0,false,0.9987858903721427,0.963046122617278,0.9809160064947103
MLH1_Val716Met,0,1,false,0.9986346422948785,0.9986949935499443,0.9986648179224114
MLH1_Ile36Asn,0,0,false,0.9693895370041661,0.98761779041535,0.978503663709758
AGXT_Asp201Asn,0,0,false,0.5946949703019614,0.7194828544966109,0.6570889123992861
MLH1_Gln701His,0,0,false,0.8739048044171207,0.9979829168776166,0.9359438606473687
MLH1_Ala29Gly,0,0,false,0.9101798846114761,0.8293311579194609,0.8697555212654685
STXBP1_Asp207Asn,0,0,false,0.9989966585092713,0.982379227991012,0.9906879432501416
MLH1_Ala586Asp,0,1,false,0.995755445792465,0.9995208329783787,0.9976381393854219
STXBP1_Leu365Phe,0,0,false,0.9929215914757653,0.9795302446023406,0.9862259180390529
STXBP1_Pro462Leu,1,0,false,0.9998780704773961,0.9978143048616379,0.9988461876695169
MLH1_His318Gln,0,0,false,0.9682594650021015,0.9977881769515144,0.983023820976808
MLH1_Val185Gly,1,1,true,0.9999741697541641,0.9996102383267693,0.9997922040404668
STXBP1_Arg292Cys,0,0,false,0.9975254204630581,0.9631490933269721,0.980337256895015
MLH1_Leu653Pro,0,1,false,0.9931015521763897,0.9989202001121373,0.9960108761442635
STXBP1_Lys196Arg,0,0,false,0.9955361065454141,0.9893379647337163,0.9924370356395652
STXBP1_Val451Ile,1,0,false,0.9998502507012585,0.9977631564136835,0.998806703557471
MLH1_Lys751Arg,1,1,true,0.9997448565020133,0.9994140683095285,0.9995794624057709
STXBP1_Arg235Gln,0,0,false,0.9989426791065787,0.9342238322522813,0.96658325567943
STXBP1_Leu256Pro,0,0,false,0.9995887259671992,0.9769256058804417,0.9882571659238204
STXBP1_Pro335Leu,0,0,false,0.9989418508376602,0.9966248527331083,0.9977833517853842
MVK_Asn301Thr,1,1,true,0.9998892612244734,0.9995167970436307,0.9997030291340521
MLH1_Cys39Tyr,0,0,false,0.858042059308342,0.9072582129300711,0.8826501361192065
STXBP1_Pro94Leu,0,0,false,0.9996364326645657,0.9828605778458848,0.9912485052552252
MLH1_Ile36Met,0,0,false,0.9363654624623917,0.9700272214251998,0.9531963419437958
STXBP1_Leu183Pro,0,0,false,0.9978050972203126,0.9467400513611356,0.9722725742907241
STXBP1_Arg190Gln,1,0,false,1.0,0.9837125546049567,0.9918562773024784
MLH1_Lys670Arg,0,1,false,0.9994117195864537,0.9996458639366541,0.9995287917615538
STXBP1_Met443Arg,0,0,false,0.9982722868812833,0.9789370366649612,0.9886046617731223
MLH1_Leu582Val,0,1,false,0.9866199024886422,0.9993355556341184,0.9929777290613803
STXBP1_Cys354Arg,0,0,false,0.9978584707623352,0.9706361454913419,0.9842473081268386
