allele_0,Altered_local_batch11_widefield,Altered_local_batch12_widefield,Altered_local_both_batches,AUROC_batch11_widefield,AUROC_batch12_widefield,AUROC_Mean
STXBP1_Arg406Cys,1,1,true,0.9423635335458065,0.9566424360258581,0.9495029847858323
MLH1_Ile36Met,1,1,true,0.9052986132222456,0.8300934182636194,0.8676960157429325
MLH1_Cys680Arg,1,1,true,0.9704054916646533,0.9522828540914536,0.9613441728780534
MLH1_Leu582Val,1,1,true,0.9687937075055525,0.948974532201555,0.9588841198535538
MLH1_Ala29Gly,1,1,true,0.7229934967490379,0.7239312738477546,0.7234623852983962
STXBP1_Glu12Asp,1,1,true,0.8808377471443498,0.9573184208887106,0.9190780840165302
STXBP1_Pro94Leu,1,1,true,0.8437100710130134,0.9062418810358395,0.8749759760244264
MLH1_Ile36Asn,1,1,true,0.9661147976463257,0.9589357703937034,0.9625252840200145
STXBP1_Arg190Trp,1,1,true,0.9383105928109634,0.9354853527071039,0.9368979727590336
MVK_Thr243IIe,1,0,false,0.7265758689417943,0.45545656174955057,0.5910162153456724
STXBP1_Lys333Glu,1,1,true,0.8010336771331132,0.8787004982319108,0.8398670876825121
STXBP1_Pro335Leu,1,1,true,0.963354900733864,0.9595389796581085,0.9614469401959862
MLH1_Lys751Arg,1,1,true,0.9859863874065843,0.9851977444295512,0.9855920659180677
MLH1_Lys618Arg,1,1,true,0.9803757089457414,0.9620820682891904,0.9712288886174659
MLH1_Cys39Phe,1,1,true,0.9953169074092507,0.9933105143939511,0.9943137109016009
STXBP1_Leu426Pro,1,1,true,0.9599304395943477,0.9443731912976183,0.9521518154459829
STXBP1_Gly417Asp,1,1,true,0.834113099627556,0.8998032855289658,0.8669581925782609
MLH1_Ser44Phe,1,1,true,0.9988072135485104,0.9983243541251782,0.9985657838368442
MLH1_Gln701His,1,1,true,0.990986589510007,0.984456180143711,0.9877213848268589
STXBP1_Asp238Glu,1,1,true,0.9420234549350515,0.9025876234688514,0.9223055392019515
MLH1_Leu653Pro,1,1,true,0.9813074038171202,0.9751623118673547,0.9782348578422375
HPRT1_His204Asp,1,1,true,0.9774758285830732,0.9800766611173961,0.9787762448502346
STXBP1_Leu183Pro,1,1,true,0.9728842368238526,0.966193552745988,0.9695388947849203
GSS_Arg125Cys,0,1,false,0.5275444785833621,0.7411024254333938,0.6343234520083779
STXBP1_Arg190Gln,1,1,true,0.8550288435202293,0.8083040981936116,0.8316664708569205
STXBP1_Arg406His,1,1,true,0.9464972250165331,0.9332641319023676,0.9398806784594503
MVK_Asn301Thr,1,1,true,0.983788232208068,0.9889791417651126,0.9863836869865903
STXBP1_Arg292Cys,1,1,true,0.9385621013224206,0.9382099230541879,0.9383860121883043
MVK_Leu265Pro,1,1,true,0.9973819499167107,0.9949236143430221,0.9961527821298664
MLH1_Pro640Ser,1,1,true,0.9856005265733321,0.978636370461928,0.98211844851763
MLH1_Ala681Val,1,1,true,0.9776097830955197,0.9648637888151735,0.9712367859553466
MLH1_Asn38Lys,1,1,true,0.9681393056208041,0.959258761833672,0.963699033727238
STXBP1_Asn548Asp,1,1,true,0.9615697837570149,0.9676234041265165,0.9645965939417657
MLH1_Asp41His,1,1,true,0.9795906261150203,0.9771696430955406,0.9783801346052805
STXBP1_Arg235Gln,1,1,true,0.9436198950890005,0.9343507447081658,0.9389853198985831
MLH1_Ala681Thr,1,1,true,0.965283868361136,0.9150168037746377,0.9401503360678869
STXBP1_Val451Ile,1,1,true,0.887274835641592,0.8915642051145807,0.8894195203780864
STXBP1_Leu256Pro,1,1,true,0.9596959672842069,0.958933816351782,0.9593148918179945
STXBP1_Arg551Leu,1,1,true,0.9420760103815318,0.9461643558000367,0.9441201830907842
STXBP1_Lys196Arg,1,1,true,0.8440559208723066,0.9684921491381074,0.906274035005207
STXBP1_Pro462Leu,1,1,true,0.9660318251443105,0.943331615436628,0.9546817202904693
STXBP1_Asp207Asn,1,1,true,0.9920965381791957,0.985905728697769,0.9890011334384824
STXBP1_Leu365Phe,1,1,true,0.8951527813670587,0.8838901103124892,0.889521445839774
MLH1_Pro747Ser,1,1,true,0.9925936754780467,0.9843240811864642,0.9884588783322554
MVK_Ser329Asn,1,1,true,0.9993371356725383,0.9993078059562301,0.9993224708143842
STXBP1_Tyr411His,1,1,true,0.8494874516848652,0.8905709545065359,0.8700292030957005
STXBP1_Gly544Asp,1,,,0.9918090913677842,,
MLH1_Val185Gly,1,1,true,0.9978884123399677,0.9963306787628669,0.9971095455514173
STXBP1_Thr419Met,1,1,true,0.8802740592430414,0.8970185074363402,0.8886462833396908
AGXT_Asp201Asn,1,1,true,0.8815924114111244,0.9484793783115264,0.9150358948613254
MLH1_Ala160Val,1,1,true,0.988162549489562,0.9782530393672942,0.9832077944284281
STXBP1_Arg505His,1,1,true,0.8957512739034104,0.9366984882962238,0.916224881099817
MLH1_Val716Met,1,1,true,0.977403518513701,0.9730919915404309,0.975247755027066
MLH1_Asp485Glu,1,1,true,0.9884633945579394,0.9810235722946141,0.9847434834262767
MLH1_Gly244Asp,1,1,true,0.9978224685343897,0.9981813085065147,0.9980018885204522
MVK_Gly211Ala,1,1,true,0.9989215934119046,0.9986958226126561,0.9988087080122803
MLH1_Lys670Arg,1,1,true,0.983075927926687,0.9710478391748913,0.9770618835507892
MLH1_His318Gln,1,1,true,0.9687880821183483,0.938387964746377,0.9535880234323626
MLH1_Cys39Tyr,1,1,true,0.9794439068750407,0.9806427985955395,0.9800433527352901
MLH1_Ser295Thr,1,,,0.9901390201824584,,
STXBP1_Met443Arg,1,1,true,0.9647691822571217,0.9592855798153554,0.9620273810362385
STXBP1_Cys354Arg,1,1,true,0.9513827847496165,0.9558666192499533,0.9536247019997849
MLH1_Ser508Arg,1,1,true,0.9930788066381802,0.9733439245952439,0.9832113656167121
MVK_Pro288Leu,0,1,false,0.5811971728501268,0.6584460725203612,0.619821622685244
STXBP1_Arg305Gln,1,1,true,0.9311872099583931,0.9110718862328658,0.9211295480956294
MLH1_Ala586Asp,1,1,true,0.9971907945313288,0.9958930362969814,0.996541915414155
MLH1_Gly147Arg,1,1,true,0.9932615808317791,0.994778602274241,0.99402009155301
MLH1_Asn38His,1,1,true,0.9642763579007407,0.9458775514180988,0.9550769546594198
STXBP1_His245Arg,1,1,true,0.9381174332883757,0.9357319197277065,0.9369246765080411
STXBP1_Arg406Leu,1,1,true,0.9493122280042311,0.9429127094217802,0.9461124687130056
STXBP1_Pro480Leu,1,1,true,0.9624163326554079,0.9587214519318661,0.9605688922936371
