allele_0,Allele_set,clinvar_cs,mislocalized_batch8,mislocalized_batch7,Mislocalized_both_batches,auroc_batch8,auroc_batch7
AGXT_Pro11His,A1P1,Conflicting,0,0,false,0.7029380720813434,0.6070517655681001
MVK_Ser52Asn,A1P3,,0,0,false,0.5456972297746621,0.6221021576521054
PKP2_Leu360Pro,A1P3,VUS,0,0,false,0.5668368957431458,0.6513484750331038
TH_Asp267His,A1P4,VUS,0,0,false,0.7734651849120083,0.6605033694803557
TH_Arg133His,A1P4,VUS,0,0,false,0.6221690848729826,0.4720987063798201
CDC73_Met1Ile,A1P1,,1,1,true,0.9806437702063044,0.9705457951805988
WRAP53_Arg398Trp,A1P4,Conflicting,1,1,true,0.8523156923525685,0.8558706836994161
FA2H_Phe144Ser,A1P1,,0,0,false,0.5935766168387527,0.6718590733051516
CHN1_Pro252Ser,A1P1,Pathogenic,0,0,false,0.6734316819924702,0.7004107520581564
POMT1_Ser515Arg,A1P3,Benign,0,0,false,0.5865554022795263,0.5424492771189151
MVK_Ile119Met,A1P3,not provided,0,0,false,0.5726828125128894,0.5947281786468517
XPA_Cys108Phe,A1P4,Conflicting,1,1,true,0.9958246068302387,0.997456432051246
FBP1_Met289Leu,A1P2,Benign,0,0,false,0.5156705615017386,0.510693915986373
IL2RG_Ser108Pro,A1P2,,1,1,true,0.9691471594692447,0.9654138831756442
DES_Thr219Ile,A1P1,Conflicting,0,0,false,0.5992368018403815,0.6134613270360537
DES_Arg278Pro,A1P1,VUS,1,1,true,0.8411328440412383,0.8285158324065027
MVK_Ala148Thr,A1P3,Pathogenic,0,0,false,0.5474558943181105,0.6597455092318222
MVK_Pro286Leu,A1P3,VUS,0,0,false,0.7116433382426904,0.6996621713504734
SH3BP2_Gly420Glu,A1P4,VUS,1,1,true,0.9049341887183411,0.9370939390065421
DCX_Lys50Asn,A1P1,Pathogenic,0,1,false,0.768030529566182,0.8420760709346381
HPRT1_Arg45Lys,A1P2,Pathogenic,1,1,true,0.9858602291123195,0.9934554183261424
PMP22_Ala135Thr,A1P3,Benign,0,0,false,0.5582631080136151,0.5309155989242096
RASA1_Glu70Gly,A1P3,Benign,1,1,true,0.9793036331073367,0.9884030302911609
FBP1_Phe194Ser,A1P2,Pathogenic,1,1,true,0.941504784401463,0.9446803256058681
FBP1_Asn213Lys,A1P2,Pathogenic,0,0,false,0.5771916142757348,0.6196931482190899
TAT_Arg119Trp,A1P4,Conflicting,1,1,true,0.9883391121568138,0.99355109386483
DES_Ala237Thr,A1P1,VUS,0,0,false,0.614603563973767,0.652316169692788
ACSF3_Thr358Ile,A1P1,VUS,1,1,true,0.9719616371440885,0.979719100606981
COMP_Asp408His,A1P1,VUS,1,1,true,0.8479237563219418,0.7790682661209903
TH_Pro218Leu,A1P4,VUS,0,0,false,0.7663657285165404,0.6829795479244526
GMPPB_Asp27His,A1P2,Pathogenic,1,1,true,0.9915998364076288,0.9956240914165055
IER3IP1_Leu78Pro,A1P2,Pathogenic,0,1,false,0.8082914308962165,0.7650354518441065
GMPPB_Pro32Leu,A1P2,Pathogenic,0,0,false,0.6944315546082578,0.6611072079567719
PDGFRB_Leu658Pro,A1P3,Pathogenic,1,1,true,0.8451346855862627,0.8267095665469745
HPRT1_Phe74Leu,A1P2,Pathogenic,1,1,true,0.9443723991830048,0.9668312879091427
RAB33B_Lys46Gln,A1P3,Pathogenic,1,1,true,0.9720362174852215,0.9711053928107016
PLA2G6_Glu567Lys,A1P3,Conflicting,1,1,true,0.9782021604938272,0.9956278517712417
PLA2G6_Val310Glu,A1P3,VUS,1,1,true,1.0,0.9961614316177002
NCF2_Arg188Lys,A1P3,Conflicting,0,0,false,0.5059797385771985,0.6223894037577927
SFTPC_His59Arg,A1P3,Conflicting,1,1,true,0.9878143874108402,0.9931560898063201
PGBD1_Pro256Leu,A1P3,,0,0,false,0.5617976783702613,0.5170233551699213
DES_Ala397Thr,A1P1,VUS,0,0,false,0.633151309102676,0.6931663712905729
DES_Pro419Ser,A1P1,Pathogenic,0,1,false,0.7565118204606311,0.7811886025473158
PKP2_Gly68Ser,A1P3,VUS,0,0,false,0.5323405760905761,0.5785364531674425
CLCNKA_Trp80Cys,A1P1,Pathogenic,0,0,false,0.6566900093370681,0.49966570401995913
POLR1C_Arg279Trp,A1P3,Pathogenic,0,1,false,0.8001928571164961,0.8207944738313163
GATA2_Cys373Arg,A1P2,Pathogenic,1,1,true,0.8407881844444393,0.8761947813531681
NCF2_Asp108Val,A1P3,VUS,0,1,false,0.7032800289900433,0.7369761980930093
KRT6A_Asn171Ser,A1P2,Pathogenic,0,1,false,0.739072203685944,0.786824596350236
NMNAT1_Arg207Trp,A1P3,Pathogenic,0,0,false,0.5304747604937615,0.6029186500344657
GALE_Arg239Trp,A1P2,Pathogenic,0,1,false,0.707919102164309,0.7301797604249577
DCX_Ser129Leu,A1P1,Pathogenic,1,1,true,0.9786373981444605,0.9941616625927288
GRN_Thr182Met,A1P2,Benign,0,0,false,0.5159123199523865,0.47095087439703176
KRT6A_Glu472Lys,A1P2,Pathogenic,0,1,false,0.8109173803087678,0.8092864593582676
HPRT1_Met143Lys,A1P2,Pathogenic,0,1,false,0.618734589550296,0.7420116482330559
DCX_Arg186His,A1P1,Conflicting,0,0,false,0.6512382466467166,0.703158040706061
DCX_Ala251Ser,A1P1,Pathogenic,0,1,false,0.7190823131643971,0.7829979764904905
DES_Leu274Pro,A1P1,not provided,1,1,true,0.8457802153797345,0.859758740180684
UROD_Gly318Arg,A1P4,Conflicting,1,0,false,0.8388034372093549,0.6989781470944844
FBP1_Arg218Lys,A1P2,Benign,0,0,false,0.5881289131148549,0.6915808373876265
RP2_Leu253Arg,A1P3,VUS,1,1,true,0.9853986553636239,0.9900378569576955
MVK_Asn205Asp,A1P3,Pathogenic,0,0,false,0.543812664781054,0.6821716047447018
DES_Ser46Tyr,A1P1,Pathogenic,0,0,false,0.5329624468099725,0.6635967171113129
AGXT_Asp129His,A1P1,VUS,0,0,false,0.6284924289207325,0.5737596725960283
COMP_Ala171Thr,A1P1,Benign,1,1,true,0.9699386212362233,0.983889619734466
NCF2_Gly44Arg,A1P3,not provided,0,1,false,0.7698821409648572,0.7571369054454855
POMT1_Ala200Pro,A1P3,Pathogenic,0,0,false,0.747737010992248,0.7162026415859295
KRT6A_Arg164Pro,A1P2,not provided,0,1,false,0.7964723213566383,0.8153597855361425
KRT86_Asn114His,A1P2,,0,1,false,0.6272591003923883,0.8381867380202984
TTPA_His101Gln,A1P4,Pathogenic,0,1,false,0.6931369996676036,0.7791710771060043
TTR_Asp119Asn,A1P4,Conflicting,0,0,false,0.6423672707012517,0.55978733102218
PMP22_His51Arg,A1P3,Conflicting,0,0,false,0.5144312868686788,0.531077280758703
CTRC_Arg37Gln,A1P1,Benign,0,0,false,0.6695368575998215,0.558601067963068
EIF2B4_Arg306Gly,A1P1,Benign,0,0,false,0.616093086549209,0.5297927370342818
SDC3_Val136Ile,A1P3,,0,0,false,0.5873998454749731,0.6604672800623694
PNPO_Arg95Cys,A1P3,Pathogenic,1,1,true,0.928997561666617,0.9711437015755365
PNPO_Arg95His,A1P3,Pathogenic,1,1,true,0.9641346159465053,0.9792851795701492
MVK_Pro200Ser,A1P3,VUS,0,0,false,0.5824888291262078,0.5893664720806127
MVK_Ile268Val,A1P3,Conflicting,0,0,false,0.6314800992546606,0.6239783045786871
THAP1_His23Pro,A1P4,Pathogenic,1,1,true,0.8265570757267499,0.8571774108979819
TPK1_Asn50His,A1P4,Pathogenic,0,0,false,0.5624757091971785,0.7099351718927052
SFTPC_Ala116Asp,A1P3,Pathogenic,1,1,true,0.8330811537331679,0.8834659233200056
HPRT1_Gly58Arg,A1P2,Pathogenic,0,0,false,0.5388521123965901,0.6192318713540634
PLA2G6_Thr585Ile,A1P3,Pathogenic,1,1,true,0.9843457357859532,0.996164311531208
KRT6A_Leu468Gln,A1P2,not provided,1,1,true,0.8501504634524979,0.9029262456945528
TTPA_Asp64Gly,A1P4,not provided,0,0,false,0.6965001507345931,0.6195308156592845
HBD_Asn58Lys,A1P2,other,0,0,false,0.5356902430121883,0.5700640795699083
SFTPC_Val48Met,A1P3,Benign,0,0,false,0.5818827692606651,0.563681528742138
SFTPC_Val39Leu,A1P3,Conflicting,0,0,false,0.7218614700340348,0.5832025773346342
SNIP1_Ala174Val,A1P4,Benign,0,0,false,0.5049861788193969,0.5212655167107378
AGXT_Ser187Phe,A1P1,Pathogenic,0,1,false,0.7706644232004998,0.7934778129411457
AGXT_Ser221Pro,A1P1,Pathogenic,0,1,false,0.8088346334153699,0.8622822418892128
PKP2_Leu394His,A1P3,VUS,0,0,false,0.3535342261904762,0.5989480192058945
PMP22_Arg157Trp,A1P3,Conflicting,0,0,false,0.681009520059869,0.7019866228797579
HPRT1_Leu41Pro,A1P2,Pathogenic,1,1,true,0.9867648869716112,0.9929965063391948
DCX_Arg78Cys,A1P1,Pathogenic,1,1,true,0.8637823715115625,0.9250680508509034
KRT2_Glu488Lys,A1P2,not provided,0,0,false,0.6110735628926232,0.6282197983807699
KRT6A_Leu170Phe,A1P2,Pathogenic,0,1,false,0.7982754940492469,0.8364082724967581
DES_Ser298Leu,A1P1,Conflicting,0,0,false,0.6326522765713292,0.6453947566413334
KRT2_Gly219Asp,A1P2,Benign,0,0,false,0.49380022227369336,0.4999384008849568
NEUROG3_Phe199Ser,A1P3,Benign,0,0,false,0.6289050806224058,0.5588570944989312
DES_Arg222His,A1P1,Conflicting,0,0,false,0.6649487112101211,0.6701217065727586
MVK_Val278Met,A1P3,VUS,0,0,false,0.6208039049321407,0.6051838447773226
TH_Arg202His,A1P4,Pathogenic,0,0,false,0.7251655904928481,0.6447691505215798
HPRT1_Gly140Asp,A1P2,VUS,0,0,false,0.5083586122101211,0.5858586791883649
KRT2_Thr479Pro,A1P2,Pathogenic,0,1,false,0.7462285447572268,0.8002322486439251
POMT1_Ala647Thr,A1P3,Pathogenic,0,0,false,0.7099388823907651,0.6476971812098017
HBD_Asn13Lys,A1P2,other,0,0,false,0.5160385605812988,0.5558309880900865
TTPA_Arg192His,A1P4,Conflicting,0,1,false,0.6870286416981319,0.820349754504752
NCF2_Val297Ala,A1P3,Benign,0,0,false,0.5996290504062215,0.6136541356445646
PMP22_Arg157Gly,A1P3,VUS,0,0,false,0.6613213367475465,0.6688224127820775
DES_Arg16Cys,A1P1,Pathogenic,0,0,false,0.6691570283951536,0.7022349763324263
AGXT_Phe152Ile,A1P1,Pathogenic,0,0,false,0.5654120828889564,0.5957084324427168
TH_Val468Met,A1P4,Conflicting,0,0,false,0.6242499113047083,0.603262076675497
RP2_Arg118Leu,A1P3,Pathogenic,1,1,true,0.9849531158576109,0.9944158586150026
ACSF3_Arg558Trp,A1P1,Pathogenic,1,1,true,0.9633773043713387,0.9790044155069892
HPRT1_Pro176Leu,A1P2,Pathogenic,0,0,false,0.6221169643828374,0.6789689503399219
COMP_Thr585Lys,A1P1,not provided,1,1,true,0.875033025767861,0.839721491975151
LDHB_Arg158Cys,A1P2,Benign,0,0,false,0.6148205678838693,0.627404925132243
PSAP_Met76Lys,A1P3,Conflicting,0,0,false,0.5983127329042922,0.5416317844798418
DES_Arg150Gln,A1P1,VUS,0,0,false,0.6691357748955797,0.63647037466964
THAP1_Lys24Glu,A1P4,Pathogenic,0,1,false,0.7012715008348268,0.726772568849662
KRT6A_Ser176Pro,A1P2,not provided,1,1,true,0.8369689406199353,0.847687936593797
PYGL_Lys681Thr,A1P3,VUS,0,1,false,0.7890423165489927,0.8921111107891697
DCX_Tyr125His,A1P1,Pathogenic,1,1,true,0.9911224147052624,0.9975149928340862
NAA10_Arg195Cys,A1P3,Benign,1,1,true,0.9260966864321665,0.9744701553618196
TTR_Gly26Ser,A1P4,Benign,0,0,false,0.6765661048981465,0.6291018872711173
GYG1_Arg33Lys,A1P2,Conflicting,0,0,false,0.635217726572641,0.6522993386443705
DES_Ala357Pro,A1P1,Pathogenic,0,1,false,0.802419862717153,0.819874355639841
AGXT_Asn22Ser,A1P1,Benign,0,0,false,0.567067049509962,0.6535764035345147
AGXT_Met195Leu,A1P1,Pathogenic,0,0,false,0.740856059150167,0.5295719457178454
AGXT_Ala248Val,A1P1,Conflicting,0,0,false,0.5400430410948824,0.5679779367211399
AGXT_Ala280Val,A1P1,Benign,0,0,false,0.643292208693872,0.5517607841324754
ACSF3_Arg471Trp,A1P1,Conflicting,1,1,true,0.9660211911980988,0.9822574890911517
COMP_Asn523Lys,A1P1,Pathogenic,1,1,true,0.9234569137675059,0.9504430418873041
COMP_His441Arg,A1P1,Pathogenic,0,1,false,0.46285443508335655,0.7265165314345642
NFU1_Gly208Cys,A1P3,Pathogenic,0,0,false,0.58710897497991,0.5780871992293026
KCTD7_Asn273Ile,A1P2,Pathogenic,1,1,true,0.9533817375747562,0.9409103888402324
HPRT1_Ala161Ser,A1P2,Pathogenic,0,0,false,0.574067864046735,0.6574975436666342
HPRT1_Asp177Tyr,A1P2,Pathogenic,1,1,true,0.8986495459242922,0.8433847748426782
GSS_Arg283Cys,A1P2,Pathogenic,0,1,false,0.7077006937224166,0.8272364587272731
SNIP1_Arg116Gln,A1P4,Benign,0,0,false,0.46124901073593394,0.544540518118295
GATA2_Pro41Ala,A1P2,Conflicting,0,0,false,0.5153194404492847,0.5168271194340249
PYGL_Asn632Ile,A1P3,not provided,1,1,true,0.8223349101878513,0.8405947730950543
PYGL_Val456Met,A1P3,Pathogenic,0,0,false,0.5495697652007583,0.5263868920142627
MVK_Tyr116His,A1P3,Pathogenic,0,1,false,0.6407414447202164,0.7410850948407517
MVK_Leu255Pro,A1P3,Pathogenic,1,1,true,0.925317033316228,0.9421435113909993
TH_Thr7Pro,A1P4,VUS,0,0,false,0.5619092455828336,0.5568549100129749
PDGFRB_Pro660Thr,A1P3,VUS,1,1,true,0.8282149231104737,0.8461244223283833
SFTPC_Glu66Lys,A1P3,Pathogenic,0,0,false,0.6428753687832185,0.6466250768664564
GYG1_Ala16Thr,A1P2,Benign,0,0,false,0.5447225223070712,0.5627528350502778
NMNAT1_Ser255Asn,A1P3,Benign,0,0,false,0.5308199887403952,0.5918113319008478
MYOZ2_Ile246Met,A1P3,Benign,0,0,false,0.5172841038647701,0.5686482935427597
AGXT_Asp201Asn,A1P1,Conflicting,1,1,true,0.8532756262214666,0.7995491373171081
NEXN_Arg171Cys,A1P3,,0,0,false,0.5759905673568464,0.5867350085775559
HPRT1_Asp194Glu,A1P2,Pathogenic,0,1,false,0.598916990652472,0.7337703662919914
DCX_Pro191Arg,A1P1,Pathogenic,1,1,true,0.9230526356120201,0.9632678969197852
KRT6A_Val523Phe,A1P2,Benign,0,0,false,0.5862779460466697,0.5707539486967776
GCM2_Gly203Ser,A1P2,Benign,0,0,false,0.5634530974998598,0.5966615003932493
DES_Ala135Val,A1P1,Conflicting,0,0,false,0.625631884406108,0.6428057002517444
AGXT_Ile202Asn,A1P1,Pathogenic,1,1,true,0.8610095803444746,0.902069739379689
MVK_His20Pro,A1P3,Pathogenic,0,0,false,0.5829508410152336,0.6136857113431854
TH_Leu205Pro,A1P4,Pathogenic,0,0,false,0.6445036252598237,0.6914330411941971
KCTD7_Asp115Tyr,A1P2,Pathogenic,0,1,false,0.8148539583737365,0.8511296634749557
SH3BP2_Pro418Leu,A1P4,Pathogenic,0,0,false,0.5140635467508853,0.6018292833949493
DCX_Ile214Thr,A1P1,Pathogenic,1,1,true,0.8219433515091035,0.8805681511758058
COMP_Thr585Arg,A1P1,Pathogenic,1,1,true,0.9251323538769565,0.8355873792715617
HBD_Glu27Asp,A1P2,other,1,1,true,0.9222704995654558,0.9589781390213372
AGXT_Pro11Leu,A1P1,Benign,0,0,false,0.5511490284500208,0.6273334246050951
SMAD3_Ile87Thr,A2P1,VUS,1,0,false,0.8507138119724836,0.5523773658347475
DES_Gln389Pro,A1P1,Pathogenic,0,1,false,0.7360686023710448,0.8410253365668047
MVK_Arg388Gln,A1P3,VUS,0,0,false,0.5638942054214445,0.6165663983131902
PKP2_Met365Val,A1P3,Conflicting,0,0,false,0.5467309145880574,0.6412136544009417
STAR_Arg188Cys,A1P4,Pathogenic,0,0,false,0.5820628834049333,0.5948803755957406
ASNS_Ala6Glu,A1P1,Pathogenic,1,1,true,0.892104023440286,0.9417883840680803
ALAS2_Ala135Thr,A1P1,,0,0,false,0.4405193236714975,0.707614088533312
TTR_Lys146Arg,A1P4,Benign,0,0,false,0.7258478683753755,0.6721610520273457
KRT6A_Thr552Ser,A1P2,Benign,0,0,false,0.5724576338931359,0.5777001424158716
RAD51D_Glu233Gly,A1P3,Benign,1,1,true,0.9443416786837623,0.9699937497803677
AIPL1_Arg302Leu,A1P1,Conflicting,0,1,false,0.7424754833028578,0.8028416665959011
MVK_Val5Ala,A1P3,VUS,0,0,false,0.5337298581994819,0.5980441814163472
COMP_Cys348Arg,A1P1,Pathogenic,1,1,true,0.8510510292157928,0.892145571350428
COMP_Asp319Val,A1P1,VUS,1,1,true,0.9639258619654241,0.9269730757390802
CHN1_Tyr143His,A1P1,Pathogenic,0,1,false,0.7939001467551536,0.8450962970642413
EFHC1_Phe229Leu,A1P1,Conflicting,1,1,true,0.9110020938346893,0.9258157192354637
NEXN_Tyr544Cys,A1P3,,0,0,false,0.6130204081052183,0.6900943215146877
KRT6A_Glu461Lys,A1P2,not provided,1,1,true,0.86521618104247,0.8736635874793406
HBD_Leu89Val,A1P2,other,0,0,false,0.4112915445997588,0.5043534269522085
PGBD1_Ile678Val,A1P3,,0,0,false,0.5875530290497005,0.5529252048043296
TH_Gln381Lys,A1P4,Pathogenic,0,0,false,0.7592436808068864,0.6269383304469333
AGXT_Arg111Gln,A1P1,Pathogenic,0,0,false,0.644873322348734,0.6147408373342667
AGXT_Arg381Lys,A1P1,Conflicting,0,0,false,0.5913029152182838,0.5457931702225687
MVK_Pro167Leu,A1P3,Pathogenic,0,0,false,0.5349179888920222,0.6060400865545033
PKP2_Ser571Thr,A1P3,Conflicting,0,0,false,0.5863758410973086,0.54094192990789
KLHL3_Ala77Glu,A1P2,Pathogenic,0,0,false,0.6613167445479249,0.7079743987607632
GALE_Leu313Met,A1P2,Pathogenic,0,1,false,0.6934120111050717,0.774603286612309
KRT86_Ala118Glu,A1P2,Pathogenic,0,0,false,0.6850156865561274,0.6699912104328968
DCX_Arg89Gly,A1P1,Pathogenic,0,1,false,0.7166023390349158,0.7645240187464124
CORO1A_Val397Ile,A1P1,Conflicting,0,0,false,0.5394314806284053,0.5929832154805177
DES_Asp343Asn,A1P1,VUS,0,0,false,0.7250503163256259,0.676244396909037
HPRT1_Ile132Met,A1P2,Pathogenic,0,0,false,0.5282276364512587,0.5987718380691305
KRT6A_Ile178Asn,A1P2,not provided,1,1,true,0.8881553965176632,0.8803260673695407
ALAS2_Arg374Cys,A1P1,,0,0,false,0.59992511961111,0.6932233244560808
SNIP1_Glu366Gly,A1P4,Conflicting,1,1,true,0.9900527533198987,0.9913808455230422
DCX_Arg196Cys,A1P1,Pathogenic,0,1,false,0.8117213494604655,0.8535718701663796
SFTPB_Ala280Thr,A1P3,,0,0,false,0.4879016451384872,0.508444777826649
GLYCTK_Thr394Ile,A1P2,Benign,0,0,false,0.5118622970796883,0.5618104883892796
DES_Leu345Pro,A1P1,Pathogenic,1,1,true,0.9026132406933045,0.9400401237522454
SH3BP2_Pro418His,A1P4,Pathogenic,0,0,false,0.6047707415905357,0.6935573574039583
MYOZ2_Ser48Pro,A1P3,Pathogenic,0,0,false,0.5296793715178236,0.6349633942387929
TAT_Pro220Ser,A1P4,,1,1,true,0.8825953841531711,0.900671039361952
AGXT_Gly116Arg,A1P1,Pathogenic,1,1,true,0.8665413288172931,0.9038726800734093
AGXT_Gly161Ser,A1P1,Pathogenic,0,0,false,0.5703393448820056,0.5328270107952445
MVK_Val377Ile,A1P3,Pathogenic,0,0,false,0.5896285697507287,0.6542345097727065
SMAD1_Val3Ala,A1P4,VUS,1,1,true,0.992683741057504,0.9760802953515236
KCTD1_His33Gln,A1P2,,0,0,false,0.7706372242769315,0.6864739326296158
DCX_Arg59His,A1P1,Pathogenic,1,1,true,0.9113125981226424,0.9291547428085777
MVK_Val293Met,A1P3,VUS,0,0,false,0.5720504962983075,0.6300896194689409
KRT6A_Asn171Asp,A1P2,Pathogenic,1,1,true,0.840615370402639,0.841440841686126
HBD_Pro37His,A1P2,other,0,0,false,0.5044924948432293,0.5375443569896172
PGBD1_His806Asp,A1P3,,0,0,false,0.6576656460274113,0.6636033467761395
ACSF3_Pro243Leu,A1P1,VUS,1,1,true,0.9616520741256127,0.9804959176882095
TH_Pro454His,A1P4,VUS,0,0,false,0.675630213532499,0.5827458317854504
AMPD2_Glu697Asp,A1P1,,0,0,false,0.6647465481211879,0.7024872068818591
NCF2_Asp93Glu,A1P3,not provided,0,0,false,0.6197991364611893,0.5818227957456956
UBQLN2_Pro509Ser,A1P4,VUS,0,0,false,0.5127912940956361,0.5070248704272762
KLHL3_Cys164Phe,A1P2,Pathogenic,0,1,false,0.7433350537922395,0.7664489036577671
KCTD1_Ala30Glu,A1P2,,0,1,false,0.5096127345574102,0.9149031624748851
DCX_Arg102Cys,A1P1,Pathogenic,1,1,true,0.9363912258576422,0.9399850147685676
BCL10_Leu8Leu,A1P1,,0,0,false,0.5471722019612765,0.5241116127694008
PMP22_Cys109Arg,A1P3,VUS,1,1,true,0.9968563795524581,0.9986105381969629
STAR_Arg182His,A1P4,Pathogenic,0,0,false,0.5599317830548938,0.5929615454353084
SFTPC_Ile73Thr,A1P3,Pathogenic,1,1,true,0.9881294266093242,0.9846216125641585
SFTPC_Leu194Pro,A1P3,,1,1,true,0.9046573100197549,0.93781348040154
SH3BP2_Arg415Gln,A1P4,Pathogenic,0,0,false,0.47850258693093306,0.6517436368327225
KCTD1_His74Pro,A1P2,,0,1,false,0.5597507085332595,0.9055755973581772
GSS_Pro314Leu,A1P2,Conflicting,0,0,false,0.582712419806966,0.6292801227032365
SMN2_Gly287Arg,A1P4,Conflicting,1,1,true,0.9909878309751932,0.9507472011320933
LDHB_Trp325Arg,A1P2,other,0,0,false,0.5933496323925768,0.7139221417719868
EIF2B4_Ala228Val,A1P1,Pathogenic,1,1,true,0.9906584031105459,0.9710658310351146
DES_Arg212Gln,A1P1,Conflicting,0,0,false,0.6440699553021121,0.7142843355958299
DES_Leu338Arg,A1P1,Pathogenic,0,1,false,0.7787728118902958,0.8002130179832985
COMP_Asp511Glu,A1P1,Pathogenic,1,1,true,0.8579869871349686,0.8484272670327238
UBQLN2_Pro497Ser,A1P4,Pathogenic,0,0,false,0.7153589759637479,0.6605407841551983
HPRT1_Gly70Glu,A1P2,Pathogenic,1,1,true,0.8570292872218288,0.8996022156715955
HPRT1_Ser104Arg,A1P2,Pathogenic,0,0,false,0.47653858541993055,0.508115492292652
PRKAR1A_Arg74His,A1P3,Conflicting,0,0,false,0.5311605295979125,0.5507373451738808
LDHB_Arg172His,A1P2,other,0,0,false,0.5944708528614682,0.6904241745045283
AGXT_Lys12Arg,A1P1,Conflicting,0,0,false,0.5874794815226843,0.594073675094563
UBQLN2_Pro525Ser,A1P4,Conflicting,0,0,false,0.5308156952288222,0.5277777635392484
MVK_Val250Ile,A1P3,Pathogenic,0,0,false,0.5816288639445314,0.6289921823413515
SUCLA2_Pro230Ser,A1P4,Benign,0,0,false,0.584351853101257,0.6385017143540037
NCF2_Asn448Asp,A1P3,Benign,0,0,false,0.48125110625380835,0.6085152434582413
TUFM_Arg339Gln,A1P4,VUS,0,0,false,0.49675621550165466,0.6181026478530608
IL2RG_Trp237Arg,A1P2,,1,1,true,0.9702848306893493,0.9651987578759268
TAT_Arg433Trp,A1P4,Pathogenic,1,1,true,0.9771117333578472,0.987617097083153
AGXT_Gly161Arg,A1P1,Pathogenic,0,1,false,0.8009719301879635,0.8794123277935861
UBQLN2_Pro506Thr,A1P4,Pathogenic,0,0,false,0.5621934325311331,0.5700815032790134
SIX1_Tyr129Cys,A1P4,Pathogenic,0,0,false,0.533523275165717,0.5245298314957758
KCTD7_Arg94Trp,A1P2,Conflicting,1,1,true,0.9400821606120431,0.9689166269126941
KRT8_Gly434Ser,A1P2,Benign,0,1,false,0.7396644537548821,0.7922208787764958
DOLK_Tyr441Ser,A1P1,Pathogenic,0,0,false,0.5421142774071737,0.5292753550259255
DES_Ala337Pro,A1P1,Pathogenic,1,1,true,0.9050074936997363,0.9586478367832512
TH_Val136Met,A1P4,VUS,0,0,false,0.57007076922689,0.4990493625116805
ORC6_Tyr232Ser,A1P3,Pathogenic,0,0,false,0.5271177721073101,0.5518249248687712
POLR1C_Arg279Gln,A1P3,Pathogenic,0,1,false,0.6853171651836029,0.7463728534738976
KRT86_Asn114Asp,A1P2,Pathogenic,0,1,false,0.7160135086249768,0.7438941155126578
PLA2G6_Arg538Cys,A1P3,Conflicting,1,1,true,0.9954314757303888,0.9955303801849429
ACSF3_Gly119Asp,A1P1,VUS,1,1,true,0.943829198029198,0.9623305500179532
NCF2_Ala140Asp,A1P3,not provided,0,1,false,0.7427769114696147,0.7840302812941062
STAR_Val187Met,A1P4,Pathogenic,0,1,false,0.7365003691604247,0.7954441798815983
DCX_Met1Thr,A1P1,,0,0,false,0.6367404245650713,0.6469935948191573
HBD_Leu76Val,A1P2,Pathogenic,0,0,false,0.47127481141032346,0.49556204320098046
IRAK4_Ala428Thr,A1P2,Benign,0,0,false,0.5532317789744879,0.6039183161092747
IL2RG_Arg285Gln,A1P2,Pathogenic,0,0,false,0.5726189491180018,0.5680573503513049
EIF2B4_Ala391Asp,A1P1,Pathogenic,0,0,false,0.8110521880304093,0.6986359102182311
DES_Arg37Trp,A1P1,VUS,0,0,false,0.6801683404147205,0.6252253037657379
AGXT_Ile340Met,A1P1,Benign,0,0,false,0.5759162827118316,0.5923059874731379
MVK_Pro165Leu,A1P3,Pathogenic,0,0,false,0.5554746319714331,0.6189999401720663
CHN1_Ile126Met,A1P1,Pathogenic,0,0,false,0.6321199786639482,0.6304724617470508
DCX_Thr203Arg,A1P1,Pathogenic,0,1,false,0.7346956791196199,0.8225921848104003
KCTD1_His33Pro,A1P2,,0,1,false,0.5836136704838053,0.9149578060450745
GAMT_Ala196Val,A1P2,Conflicting,0,0,false,0.4877253238771456,0.4980354225264984
GCM2_Gly63Ser,A1P2,Pathogenic,0,0,false,0.6401338378896367,0.6076044220555014
NCF2_Asn419Ile,A1P3,Benign,0,0,false,0.5422430784366412,0.5574402998204678
MVK_Val80Ile,A1P3,Conflicting,0,0,false,0.5533530994493682,0.6039221092880105
MVK_Arg106His,A1P3,VUS,0,0,false,0.6065042595908823,0.6683263068749163
PKP2_Lys724Thr,A1P3,Conflicting,0,0,false,0.5293186423505573,0.662551218701824
EFHC1_Ile174Val,A1P1,other,1,1,true,0.8897211490350633,0.8950862726873807
KLHL3_Met78Val,A1P2,Pathogenic,0,0,false,0.6916891288000975,0.6766696267919908
KCTD1_Gly62Asp,A1P2,,0,1,false,0.5611600675627126,0.9170573454194026
FXN_Trp173Gly,A1P2,Pathogenic,1,1,true,0.924999909790486,0.9193508043654254
AIPL1_Met79Thr,A1P1,not provided,1,1,true,0.9894210509998234,0.9935293091799346
DES_Tyr331Asn,A1P1,VUS,0,1,false,0.7939866464647942,0.7923130827100885
TH_Ile209Met,A1P4,Benign,0,0,false,0.6477675723226681,0.5104467572019578
XRCC2_Phe270Val,A1P4,Benign,1,1,true,0.9482832963763742,0.9386268397528356
HBD_Glu44Gly,A1P2,other,0,0,false,0.5085922269389639,0.5554214524822786
PLA2G6_Arg600Gln,A1P3,Pathogenic,1,1,true,0.9804553447346777,0.9959869315951736
LIG4_Ala857Thr,A1P2,Benign,1,1,true,0.8864475959582123,0.9162395052511556
DES_Arg350Pro,A1P1,Pathogenic,1,1,true,0.9304029279459705,0.926945453683749
AGXT_Ser218Leu,A1P1,Pathogenic,1,1,true,0.8864581188505034,0.9241460461978858
PYGL_Thr59Met,A1P3,Benign,0,0,false,0.6048925009099428,0.520825330449723
MVK_Cys101Tyr,A1P3,VUS,0,0,false,0.5359862566737998,0.5994219537739738
FA2H_Arg62Cys,A1P1,,0,1,false,0.7312554487332035,0.7599277061571583
GALE_Asp103Gly,A1P2,VUS,0,0,false,0.5807843461417695,0.5728508721012592
ALAS2_Phe128Leu,A1P1,,0,0,false,0.5660271105835623,0.6483058971147272
COMP_Asp605Asn,A1P1,not provided,0,0,false,0.6361766233037964,0.6420682180679793
DES_Gln131Lys,A1P1,VUS,0,1,false,0.688973137853532,0.7404532505403129
AGXT_Gly41Arg,A1P1,Pathogenic,0,1,false,0.7632468499646794,0.8170359663306584
FADD_Cys105Trp,A1P1,Pathogenic,1,1,true,0.9463903997078499,0.9539227203414268
HBD_Gly26Asp,A1P2,other,1,1,true,0.9368973214884514,0.9806425787416323
CTRC_Arg246Cys,A1P1,Benign,0,1,false,0.6976024858998716,0.7728311020009051
EFHC1_Met448Thr,A1P1,Benign,1,1,true,0.9545580403144056,0.9686584266376967
DES_Thr453Ile,A1P1,Conflicting,0,1,false,0.7744349817569738,0.800916738180276
MVK_Asp386Asn,A1P3,Conflicting,0,0,false,0.5852562606497477,0.6233687026111554
TH_Ala226Thr,A1P4,VUS,0,0,false,0.6400171905273759,0.5684262620108852
KRT6A_Ile462Asn,A1P2,Pathogenic,0,1,false,0.7944273178278658,0.8227190779964895
AGXT_Met49Leu,A1P1,Conflicting,0,0,false,0.592305183434682,0.5798839078154868
AGXT_Arg118Cys,A1P1,Conflicting,0,1,false,0.7042360647778002,0.8002303557422379
PYGL_Pro382Leu,A1P3,Conflicting,0,1,false,0.7659195402298851,0.7995441407029125
TH_Arg89Arg,A1P4,,0,0,false,0.4894483401855415,0.5363113155483081
ALAS2_Ser531Gly,A1P1,,0,0,false,0.8138986022169794,0.5560889108930773
FXN_Met1Ile,A1P2,,1,1,true,0.9878985399062821,0.9911607135417866
HBD_His147Arg,A1P2,other,0,0,false,0.5293966905190002,0.5574046404541035
TTPA_Gly246Arg,A1P4,not provided,1,1,true,0.8856104210897376,0.9550162427932674
DES_Val56Leu,A1P1,VUS,0,0,false,0.6189449575096422,0.7115180955799908
DES_Arg227Cys,A1P1,VUS,0,1,false,0.7109808349857099,0.7233928242140639
AGXT_Gly82Arg,A1P1,Pathogenic,0,1,false,0.7570405548490332,0.8275698858282036
EMD_Met1Val,A1P1,,1,1,true,0.9158785712227515,0.9002337525316083
KRT6A_Leu468Pro,A1P2,not provided,1,1,true,0.8651613905745016,0.9056156983309256
HBD_Arg117His,A1P2,other,0,0,false,0.49563069985359465,0.5170599761207324
AIPL1_Thr114Ile,A1P1,Benign,0,0,false,0.4875423169976132,0.5041118022784105
AGXT_Gly41Glu,A1P1,Pathogenic,0,1,false,0.8120699248821682,0.8128664741503527
PKP2_Glu380Lys,A1P3,VUS,0,0,false,0.5908040723301943,0.6040569573883011
PKP2_Met365Ile,A1P3,Conflicting,0,0,false,0.5825206312033011,0.6722290662687456
SFTPC_Leu188Gln,A1P3,,1,1,true,0.9335557484223963,0.9689953830141054
ALAS2_Tyr549Phe,A1P1,,0,0,false,0.7345511272141706,0.5456890180802283
PGBD1_Gln248Glu,A1P3,,0,0,false,0.5775944594876592,0.5902393640215486
DES_Arg127Pro,A1P1,Conflicting,1,1,true,0.8822024477526802,0.896981425908655
AGXT_Leu298Pro,A1P1,Pathogenic,0,1,false,0.8101311534996144,0.8918987566822929
MAP2K2_Thr17Ala,A1P2,Conflicting,0,0,false,0.6377833898613318,0.5818874043003024
MVK_Leu41Pro,A1P3,Pathogenic,1,1,true,0.9091279548661363,0.9484238078085652
COMP_Asn555Lys,A1P1,Pathogenic,0,0,false,0.6239016586129037,0.7053152539031227
COMP_Asp271His,A1P1,Pathogenic,1,1,true,0.8758902135719302,0.9035701724037553
CHN1_Glu313Lys,A1P1,Pathogenic,0,1,false,0.7829359235828299,0.8319748720427133
GRN_Ala324Thr,A1P2,Conflicting,0,0,false,0.6239448236287922,0.4978820481187534
KRT6A_Gln166Pro,A1P2,not provided,0,1,false,0.7964843186123814,0.8507600640525423
TH_Glu250Gln,A1P4,VUS,1,1,true,0.9511924500733322,0.9730503863086156
KRT6A_Asn171Thr,A1P2,not provided,0,1,false,0.761892167940221,0.7946703804510531
GALE_Lys257Arg,A1P2,Conflicting,0,0,false,0.6947962895814032,0.6139245064646155
FXN_Gly130Val,A1P2,Conflicting,0,0,false,0.7551760368269231,0.7075036002488923
AGXT_Ala295Thr,A1P1,Conflicting,0,0,false,0.5894047878192548,0.5630596112954567
DES_Pro433Thr,A1P1,VUS,0,1,false,0.6829694564062059,0.7361809617748649
PYGL_Asp629Tyr,A1P3,VUS,0,0,false,0.46908514441533306,0.5510449732928928
FGD4_Arg194His,A1P2,,0,0,false,0.5603115117105004,0.4972563198236967
CTRC_Gln178Arg,A1P1,Conflicting,0,1,false,0.7200244805429892,0.7357167953226155
IL2RG_Tyr89Cys,A1P2,VUS,1,1,true,0.9882369608502105,0.9938468509764635
ACSF3_Met266Val,A1P1,VUS,1,1,true,0.951134304224582,0.9762685161588331
ACSF3_Asp457Asn,A1P1,VUS,1,1,true,0.9652163140336297,0.9825978371820161
THAP1_Gly9Cys,A1P4,Pathogenic,0,0,false,0.5660340999371759,0.7149097816974394
THAP1_Lys89Arg,A1P4,VUS,0,0,false,0.532489923712237,0.5866781019054915
KRT8_Arg454Cys,A1P2,not provided,0,1,false,0.7117426901579824,0.7883510872264317
HPRT1_Gly71Arg,A1P2,Pathogenic,0,0,false,0.48738465451882634,0.5445288989933241
HBD_Asp100Asn,A1P2,other,0,0,false,0.5189943450031367,0.5524869489171221
GAMT_Asp219Asn,A1P2,VUS,0,0,false,0.460647628500238,0.6182657639944602
AGXT_Ala210Pro,A1P1,Pathogenic,1,1,true,0.9024342118374545,0.9323930765663409
PYGL_Leu739Met,A1P3,VUS,0,0,false,0.544021436895833,0.6656013219184522
COMP_Gly207Asp,A1P1,VUS,0,0,false,0.45142003514180506,0.5398422533864249
PMP22_Leu16Pro,A1P3,Pathogenic,1,1,true,0.9576513476667502,0.9771205558807692
RP2_Cys86Tyr,A1P3,VUS,1,1,true,0.9810732167690727,0.9907908750290609
FA2H_Arg143Cys,A1P1,,0,1,false,0.6570634570391851,0.740499728648072
SIX1_Val106Gly,A1P4,not provided,0,0,false,0.5161167787136779,0.47445644024591394
COMP_Thr585Met,A1P1,Pathogenic,0,1,false,0.6525995323702153,0.7749950461062765
SDC3_Asp231Asn,A1P3,,0,0,false,0.5825089015387591,0.5873179445397043
TUFM_Gly149Ser,A1P4,,0,0,false,0.5432993965681863,0.7046463759527716
TAT_Leu273Pro,A1P4,,1,1,true,0.9921349872709785,0.9934077626962495
DES_Met349Ile,A1P1,VUS,0,0,false,0.5897068451126546,0.6312655586188872
PKP2_Asn513Asp,A1P3,VUS,0,0,false,0.6105669692626214,0.592511673544052
AGXT_Arg197Gln,A1P1,Benign,0,0,false,0.5942979090851324,0.5624837714756037
DCX_Ala71Ser,A1P1,Pathogenic,0,1,false,0.7801421137238417,0.8142599467465066
RP2_Arg282Trp,A1P3,Benign,0,0,false,0.6067508441271888,0.542113922102324
DES_Val126Leu,A1P1,VUS,1,1,true,0.8942231046205508,0.9080903346630095
DES_Arg355Pro,A1P1,Conflicting,1,1,true,0.9396225899627294,0.9486205133770692
POMT1_Trp560Cys,A1P3,VUS,1,1,true,0.9841654941520149,0.9668092717646668
NMNAT1_Leu153Val,A1P3,Pathogenic,0,0,false,0.4857189983116165,0.5900726279398645
DCX_Thr203Ala,A1P1,Pathogenic,1,1,true,0.9032893547473391,0.8442006768939581
NMNAT1_Asn273Asp,A1P3,Pathogenic,0,0,false,0.5163562212507963,0.6057302100440138
FBP1_Asn273Ser,A1P2,Benign,0,0,false,0.6629518954320368,0.6437638863210032
DES_Asp312Ala,A1P1,Conflicting,0,0,false,0.5602003914209451,0.6586097564507
PKP2_Arg101His,A1P3,Conflicting,1,1,true,0.9591659132007233,0.972408598258437
EFHC1_Cys259Tyr,A1P1,other,1,1,true,0.895355906446949,0.9429795029865333
GRN_Cys105Arg,A1P2,not provided,0,1,false,0.7665691240448975,0.7872371441145036
NEUROG3_Arg107Ser,A1P3,Pathogenic,0,1,false,0.6796719401302934,0.7523898378093077
NEUROG3_Gly167Arg,A1P3,Benign,0,0,false,0.5925279289715766,0.5972968565245769
ACSF3_Ser431Tyr,A1P1,VUS,1,1,true,0.9343685738097961,0.9706835428942271
GMPPB_Pro22Ser,A1P2,Pathogenic,0,1,false,0.6122315011517268,0.7412587486589439
EFHC1_Asp210Asn,A1P1,VUS,1,1,true,0.9238394541874975,0.9308853599597157
DES_Gly44Ser,A1P1,Conflicting,0,0,false,0.6968750294487513,0.675635971397419
DCX_Lys174Glu,A1P1,Pathogenic,0,1,false,0.7784749159972797,0.8320824360389845
HBD_Leu142Pro,A1P2,other,1,1,true,0.837390437276279,0.9253025887225856
COMP_His587Arg,A1P1,Pathogenic,0,0,false,0.5993265799802554,0.605907249769628
THAP1_Val193Ile,A1P4,Benign,0,0,false,0.580380336654071,0.5781658668320437
FTH1_Lys54Arg,A1P2,,0,0,false,0.46227740254983474,0.5352658130699292
MVK_His20Gln,A1P3,Pathogenic,0,0,false,0.4998815401690406,0.6317621091139535
DES_Gly84Ser,A1P1,Conflicting,0,0,false,0.6413349522201768,0.6058186329867917
DES_Ala213Val,A1P1,Conflicting,0,0,false,0.630251221033341,0.6335088832577576
AGXT_Ala186Val,A1P1,Benign,0,0,false,0.6018185948014174,0.6306673000933429
AGXT_Ile279Met,A1P1,VUS,1,1,true,0.9824595561772396,0.9957697799794007
PYGL_Ser675Thr,A1P3,not provided,0,0,false,0.5269044129383457,0.4843073717041447
LDHB_Lys7Glu,A1P2,other,0,0,false,0.4963057132187029,0.67953565555455
KLHL3_Glu85Ala,A1P2,Pathogenic,0,0,false,0.6803005636634574,0.7131652658927449
DCX_Arg78His,A1P1,Pathogenic,0,1,false,0.755292402428205,0.8012089546754233
TH_Cys328Phe,A1P4,Pathogenic,0,0,false,0.7714450581942114,0.61460892541625
TH_Glu27Asp,A1P4,Conflicting,0,0,false,0.6499113552612532,0.4871263697267546
PMP22_Asp37Val,A1P3,Pathogenic,1,1,true,0.9954656862745098,0.9994864104385023
EFHC1_Asp253Tyr,A1P1,other,1,1,true,0.9040801221175503,0.9450276943726769
MVK_Thr209Ala,A1P3,not provided,0,0,false,0.5836016005545566,0.6660153546207035
COMP_Arg718Pro,A1P1,Pathogenic,1,1,true,0.9670809068059495,0.9770111938395185
HPRT1_Asp80Val,A1P2,Pathogenic,1,1,true,0.8347439759207245,0.8736551931301875
MIP_Val107Ile,A1P3,Benign,0,0,false,0.5122910223049006,0.5611111971110104
COMP_Thr529Ile,A1P1,VUS,0,0,false,0.5568609597131204,0.5153580933731908
PNPO_Arg116Gln,A1P3,Benign,1,1,true,0.9543126775357429,0.968960324573324
DES_Asn342Asp,A1P1,Pathogenic,1,1,true,0.8901735601586545,0.9259212949096572
STAR_Arg182Leu,A1P4,Pathogenic,0,0,false,0.5535841537407337,0.6187890003217241
DES_Tyr122Asp,A1P1,Pathogenic,1,1,true,0.8864243500700906,0.9024963887321009
DES_Thr445Ala,A1P1,VUS,0,0,false,0.6798359633293521,0.6400631002361896
TH_Pro121Leu,A1P4,Conflicting,1,1,true,0.9497343512700791,0.9732700192488668
PYGL_Tyr821His,A1P3,not provided,0,1,false,0.6589710759670439,0.7278396933518898
MYOZ2_Gln10Pro,A1P3,Benign,0,0,false,0.5427518187448626,0.5033682512262303
POMT1_Thr392Met,A1P3,Pathogenic,0,0,false,0.6023592007653918,0.5311887924819401
PYGL_Asp634His,A1P3,Conflicting,0,1,false,0.8026988636363637,0.8210925184655256
RP2_Arg118His,A1P3,Pathogenic,0,0,false,0.5899936972838155,0.5344270108887615
LIG4_Thr9Ile,A1P2,Benign,1,1,true,0.9102771765505354,0.892544301029224
DES_Glu413Lys,A1P1,Pathogenic,1,1,true,0.8804719055923119,0.8813392687206062
DES_Ser424Phe,A1P1,VUS,0,0,false,0.6966346956489878,0.6778416769005176
KRT2_Asn186Tyr,A1P2,Pathogenic,0,0,false,0.6108456466525991,0.6826211189347675
HPRT1_His204Asp,A1P2,Pathogenic,1,1,true,0.9660192043117451,0.9843304608466343
LRRC6_Asp146His,A1P2,,0,1,false,0.7666862542421509,0.7896463986705342
HPRT1_Asp194Asn,A1P2,Pathogenic,0,0,false,0.47641660246921214,0.6402445051417114
KRT86_Glu413Lys,A1P2,Pathogenic,1,1,true,0.8344286950072081,0.8428285251520791
TTPA_Ala120Thr,A1P4,Conflicting,0,0,false,0.5385869910489756,0.6714716131790084
KRT4_Glu449Lys,A1P2,,1,1,true,0.8704813843015712,0.9238619172611084
LRRC6_Ala74Pro,A1P2,,1,1,true,0.8379458690889898,0.8079262521807028
NMNAT1_Arg237Leu,A1P3,Pathogenic,1,1,true,0.9923522217502231,0.9949875215595805
PLA2G6_Leu481Gln,A1P3,Pathogenic,1,1,true,1.0,0.9974735465024906
PYGL_Asn339Ser,A1P3,Pathogenic,0,0,false,0.5487847969441135,0.5539449842823956
DES_His441Leu,A1P1,VUS,0,0,false,0.7001640326525336,0.6549896941523577
TH_Ile219Thr,A1P4,Pathogenic,0,0,false,0.7514318704975436,0.6725340069378489
TH_Pro2Leu,A1P4,Conflicting,0,0,false,0.6599745387855386,0.5512093345571791
HPRT1_Asp201Gly,A1P2,Pathogenic,1,1,true,0.8800522966247323,0.9139234945445787
DES_His243Tyr,A1P1,VUS,0,0,false,0.7012826771214095,0.6789923826849841
AGXT_Pro10Ala,A1P1,VUS,0,0,false,0.714517536106118,0.6501195629238752
DES_Gly20Arg,A1P1,VUS,0,0,false,0.6340126307295996,0.6055549130371749
AGXT_Arg301Cys,A1P1,VUS,0,0,false,0.5362545442573492,0.5851141559481025
SH3BP2_Pro418Arg,A1P4,Pathogenic,0,0,false,0.5876324762510334,0.6777325194259138
KCTD1_Val248Ile,A1P2,,0,1,false,0.5490574624837984,0.8787518986903472
PMP22_Leu80Pro,A1P3,VUS,1,1,true,0.9870561203093652,0.9960769902139228
DES_Leu136Pro,A1P1,Pathogenic,1,1,true,0.843743501960053,0.873214866094728
MIP_Val67Ile,A1P3,Benign,0,0,false,0.48356875458751,0.6355174961441842
PYGL_Glu673Lys,A1P3,VUS,0,0,false,0.5538058290838755,0.6155766202813702
CRADD_Gly128Arg,A1P1,Conflicting,1,1,true,0.8609735844610942,0.9008640291562209
GSS_Arg125Cys,A1P2,Pathogenic,0,0,false,0.5337670782008928,0.5675607059808092
TH_Arg306His,A1P4,Conflicting,0,0,false,0.7792693287361555,0.690953467772673
HBD_Arg105Ser,A1P2,other,0,0,false,0.48963694926480517,0.5051535868415142
TTPA_Glu141Lys,A1P4,Conflicting,0,1,false,0.8147339202991831,0.8957706421411005
GLYCTK_Phe493Cys,A1P2,Conflicting,0,0,false,0.5898363164487826,0.7014483202417385
TH_Gln39Glu,A1P4,VUS,0,0,false,0.5996146885202147,0.6692524439260522
KCTD7_Arg184Cys,A1P2,Pathogenic,0,1,false,0.6468439338874663,0.7202348329121039
CREB1_Asp116Gly,A1P1,,0,0,false,0.5564038165190899,0.5796010759981001
PKP2_Arg413Gln,A1P3,VUS,0,0,false,0.6172517586580086,0.6620683171068502
