Coef.,Std.Err.,cc_Z,P>|z|,[0.025,0.975],Gene,Variant,FDR
32.857,12.706,2.586,0.01,7.953,57.761,SFTPB,SFTPB_Ala280Thr,0.031192052980132452
85.714,25.368,3.379,0.001,35.993,135.436,NCF2,NCF2_Asp93Glu,0.006728571428571429
-29.0,25.487,-1.138,0.255,-78.954,20.954,TAT,TAT_Pro220Ser,0.3849519230769231
-28.625,32.677,-0.876,0.381,-92.67,35.42,HPRT1,HPRT1_Ile132Met,0.5245539358600584
86.429,31.241,2.766,0.006,25.197,147.66,GCM2,GCM2_Gly63Ser,0.022608
35.0,39.59,0.884,0.377,-42.596,112.596,IL2RG,IL2RG_Trp237Arg,0.5207243401759531
53.429,18.632,2.868,0.004,16.911,89.946,NCF2,NCF2_Val297Ala,0.016526315789473684
-93.375,52.945,-1.764,0.078,-197.145,10.395,HPRT1,HPRT1_Asp201Gly,0.16775342465753423
32.5,40.479,0.803,0.422,-46.838,111.838,AGXT,AGXT_Gly41Arg,0.558320224719101
1.429,4.197,0.34,0.734,-6.797,9.654,STAR,STAR_Arg182His,0.8192274881516587
-29.5,38.938,-0.758,0.449,-105.817,46.817,GMPPB,GMPPB_Pro32Leu,0.5838842975206612
3.286,27.446,0.12,0.905,-50.507,57.079,NEXN,NEXN_Tyr544Cys,0.9347697368421053
-68.714,36.071,-1.905,0.057,-139.411,1.983,PYGL,PYGL_Asp634His,0.13356716417910447
-23.125,15.093,-1.532,0.125,-52.707,6.457,TTPA,TTPA_Arg192His,0.23088235294117648
-64.857,43.168,-1.502,0.133,-149.464,19.75,SFTPC,SFTPC_Val48Met,0.2408931297709924
-14.125,10.108,-1.397,0.162,-33.936,5.686,FXN,FXN_Gly130Val,0.27645652173913043
-1.286,13.625,-0.094,0.925,-27.991,25.42,PLA2G6,PLA2G6_Thr585Ile,0.9471195652173914
-37.125,24.791,-1.498,0.134,-85.714,11.464,CHN1,CHN1_Tyr143His,0.2408931297709924
19.125,23.211,0.824,0.41,-26.367,64.617,DES,DES_His243Tyr,0.553323782234957
63.286,22.669,2.792,0.005,18.855,107.717,MIP,MIP_Val107Ile,0.019789915966386556
-8.875,14.6,-0.608,0.543,-37.49,19.74,HBD,HBD_His147Arg,0.6660234375
-76.429,61.99,-1.233,0.218,-197.928,45.07,NMNAT1,NMNAT1_Asn273Asp,0.34226
75.875,18.602,4.079,0.0,39.417,112.333,GATA2,GATA2_Cys373Arg,0.0
-92.0,22.444,-4.099,0.0,-135.99,-48.01,KRT6A,KRT6A_Ser176Pro,0.0
41.143,15.688,2.623,0.009,10.395,71.891,SNIP1,SNIP1_Arg116Gln,0.02883673469387755
-14.5,8.372,-1.732,0.083,-30.909,1.909,SIX1,SIX1_Val106Gly,0.17452232142857144
-132.571,40.628,-3.263,0.001,-212.201,-52.941,PGBD1,PGBD1_His806Asp,0.006728571428571429
110.857,64.652,1.715,0.086,-15.858,237.572,SMAD3,SMAD3_Ile87Thr,0.18002666666666664
-12.125,13.919,-0.871,0.384,-39.405,15.155,KRT6A,KRT6A_Leu468Pro,0.5257674418604652
-110.429,32.919,-3.355,0.001,-174.949,-45.909,GMPPB,GMPPB_Pro22Ser,0.006728571428571429
-41.25,14.948,-2.759,0.006,-70.548,-11.952,COMP,COMP_Asp408His,0.022608
-20.125,6.857,-2.935,0.003,-33.564,-6.686,TH,TH_Pro121Leu,0.013205607476635513
-22.143,11.511,-1.924,0.054,-44.703,0.418,MVK,MVK_Asn205Asp,0.12845454545454546
-45.0,16.865,-2.668,0.008,-78.055,-11.945,DES,DES_Tyr122Asp,0.027911111111111112
-46.875,26.808,-1.749,0.08,-99.418,5.668,COMP,COMP_Asp319Val,0.16972972972972974
-78.25,24.838,-3.15,0.002,-126.932,-29.568,FA2H,FA2H_Phe144Ser,0.010466666666666666
23.375,40.932,0.571,0.568,-56.849,103.599,GAMT,GAMT_Asp219Asn,0.6842148337595907
10.625,24.23,0.439,0.661,-36.866,58.116,DES,DES_Arg150Gln,0.7725334987593052
-141.0,48.346,-2.917,0.004,-235.756,-46.244,AGXT,AGXT_Asp201Asn,0.016526315789473684
52.143,20.148,2.588,0.01,12.653,91.633,PYGL,PYGL_Ser675Thr,0.031192052980132452
154.5,30.779,5.02,0.0,94.174,214.826,IRAK4,IRAK4_Ala428Thr,0.0
-40.143,31.968,-1.256,0.209,-102.8,22.514,SFTPC,SFTPC_Leu194Pro,0.3325641891891892
80.875,27.345,2.958,0.003,27.28,134.47,DCX,DCX_Ala71Ser,0.013205607476635513
105.429,45.781,2.303,0.021,15.699,195.158,MVK,MVK_Pro286Leu,0.05922754491017965
-2.0,8.5,-0.235,0.814,-18.66,14.66,AIPL1,AIPL1_Met79Thr,0.8733348519362186
-48.571,38.464,-1.263,0.207,-123.959,26.816,SFTPC,SFTPC_Val39Leu,0.33049830508474576
-5.375,23.897,-0.225,0.822,-52.212,41.462,HPRT1,HPRT1_Ser104Arg,0.8779183673469387
-85.125,28.819,-2.954,0.003,-141.61,-28.64,ACSF3,ACSF3_Gly119Asp,0.013205607476635513
79.286,30.5,2.6,0.009,19.508,139.064,MVK,MVK_Asp386Asn,0.02883673469387755
37.0,15.088,2.452,0.014,7.428,66.572,DCX,DCX_Thr203Arg,0.042
77.375,18.329,4.221,0.0,41.45,113.3,DCX,DCX_Ala251Ser,0.0
198.5,83.362,2.381,0.017,35.113,361.887,KCTD1,KCTD1_His74Pro,0.04973291925465839
-54.375,38.833,-1.4,0.161,-130.486,21.736,AGXT,AGXT_Gly161Ser,0.27645652173913043
-68.375,14.763,-4.632,0.0,-97.31,-39.44,COMP,COMP_Asn555Lys,0.0
139.625,53.512,2.609,0.009,34.744,244.506,KCTD1,KCTD1_Val248Ile,0.02883673469387755
-7.25,20.107,-0.361,0.718,-46.659,32.159,DES,DES_Arg278Pro,0.807107398568019
-11.5,34.757,-0.331,0.741,-79.623,56.623,AGXT,AGXT_Gly41Glu,0.8231391509433962
50.25,19.906,2.524,0.012,11.234,89.266,ACSF3,ACSF3_Ser431Tyr,0.03670129870129871
39.0,32.594,1.197,0.231,-24.884,102.884,LDHB,LDHB_Trp325Arg,0.3590792079207921
-21.5,29.918,-0.719,0.472,-80.139,37.139,AGXT,AGXT_Ala248Val,0.6074098360655737
14.0,14.357,0.975,0.329,-14.14,42.14,PKP2,PKP2_Asn513Asp,0.4667439759036145
-7.625,24.474,-0.312,0.755,-55.594,40.344,DES,DES_Arg222His,0.8327985948477752
18.5,16.65,1.111,0.267,-14.133,51.133,TH,TH_Pro2Leu,0.3979651898734178
-33.375,20.893,-1.597,0.11,-74.324,7.574,KRT6A,KRT6A_Ile462Asn,0.2149792531120332
34.143,23.265,1.468,0.142,-11.456,79.742,MVK,MVK_Ile268Val,0.2514360902255639
-3.714,30.046,-0.124,0.902,-62.603,55.174,MVK,MVK_Pro167Leu,0.9337186813186813
-93.875,42.243,-2.222,0.026,-176.671,-11.079,AGXT,AGXT_Ser187Phe,0.06918644067796609
36.625,17.117,2.14,0.032,3.076,70.174,TH,TH_Glu27Asp,0.0828131868131868
19.0,18.073,1.051,0.293,-16.422,54.422,SH3BP2,SH3BP2_Pro418His,0.4207408536585366
-54.375,17.237,-3.155,0.002,-88.158,-20.592,DES,DES_Thr445Ala,0.010466666666666666
35.75,32.707,1.093,0.274,-28.354,99.854,DES,DES_Ala397Thr,0.4045579937304076
-44.625,24.082,-1.853,0.064,-91.826,2.576,COMP,COMP_His587Arg,0.14633009708737865
-38.143,19.401,-1.966,0.049,-76.168,-0.117,PYGL,PYGL_Asn632Ile,0.11775
26.857,24.858,1.08,0.28,-21.864,75.578,MVK,MVK_Ala148Thr,0.4095652173913044
31.625,29.922,1.057,0.291,-27.022,90.272,LRRC6,LRRC6_Asp146His,0.4191467889908257
-25.625,24.286,-1.055,0.291,-73.224,21.974,DES,DES_Ala337Pro,0.4191467889908257
-149.429,45.712,-3.269,0.001,-239.023,-59.834,SFTPC,SFTPC_Leu188Gln,0.006728571428571429
-5.875,43.568,-0.135,0.893,-91.267,79.517,GMPPB,GMPPB_Asp27His,0.930537610619469
29.75,29.685,1.002,0.316,-28.432,87.932,EFHC1,EFHC1_Asp210Asn,0.4510181818181819
-69.125,24.325,-2.842,0.004,-116.801,-21.449,COMP,COMP_Ala171Thr,0.016526315789473684
22.714,7.975,2.848,0.004,7.083,38.346,AMPD2,AMPD2_Glu697Asp,0.016526315789473684
61.143,15.075,4.056,0.0,31.596,90.69,NEUROG3,NEUROG3_Arg107Ser,0.0
-11.75,32.146,-0.366,0.715,-74.756,51.256,AGXT,AGXT_Asp129His,0.805657894736842
-20.286,18.689,-1.085,0.278,-56.916,16.345,PGBD1,PGBD1_Pro256Leu,0.40790654205607485
26.375,11.6,2.274,0.023,3.639,49.111,DCX,DCX_Thr203Ala,0.06335087719298246
-68.0,21.021,-3.235,0.001,-109.2,-26.8,TUFM,TUFM_Gly149Ser,0.006728571428571429
-66.375,22.399,-2.963,0.003,-110.277,-22.473,CTRC,CTRC_Arg37Gln,0.013205607476635513
37.571,38.932,0.965,0.335,-38.733,113.876,MVK,MVK_His20Gln,0.4738288288288289
92.75,87.076,1.065,0.287,-77.915,263.415,LIG4,LIG4_Thr9Ile,0.41721296296296295
53.714,26.938,1.994,0.046,0.918,106.511,THAP1,THAP1_His23Pro,0.11225906735751294
-1.429,22.938,-0.062,0.95,-46.385,43.528,NMNAT1,NMNAT1_Leu153Val,0.9622580645161289
-3.875,33.872,-0.114,0.909,-70.262,62.512,AGXT,AGXT_Asn22Ser,0.9368468271334792
59.0,16.232,3.635,0.0,27.187,90.813,DCX,DCX_Arg78His,0.0
91.429,30.099,3.038,0.002,32.437,150.421,PMP22,PMP22_Arg157Gly,0.010466666666666666
-26.5,18.327,-1.446,0.148,-62.421,9.421,DCX,DCX_Met1Thr,0.2581777777777778
-2.25,20.123,-0.112,0.911,-41.69,37.19,DES,DES_Pro419Ser,0.9368580786026202
-103.875,31.671,-3.28,0.001,-165.949,-41.801,AGXT,AGXT_Gly161Arg,0.006728571428571429
16.0,27.232,0.588,0.557,-37.374,69.374,DES,DES_Leu338Arg,0.6761520618556701
69.571,22.112,3.146,0.002,26.232,112.91,NEXN,NEXN_Arg171Cys,0.010466666666666666
171.875,86.938,1.977,0.048,1.48,342.27,KCTD1,KCTD1_His33Pro,0.11593846153846153
-54.429,18.385,-2.961,0.003,-90.462,-18.395,TH,TH_Pro218Leu,0.013205607476635513
118.375,32.629,3.628,0.0,54.423,182.327,EIF2B4,EIF2B4_Ala228Val,0.0
-13.5,17.019,-0.793,0.428,-46.857,19.857,DCX,DCX_Pro191Arg,0.5630949720670391
49.625,28.621,1.734,0.083,-6.47,105.72,HBD,HBD_Asn58Lys,0.17452232142857144
101.429,37.176,2.728,0.006,28.564,174.293,PMP22,PMP22_Leu80Pro,0.022608
13.25,18.544,0.715,0.475,-23.096,49.596,KRT2,KRT2_Asn186Tyr,0.6096049046321526
15.125,18.442,0.82,0.412,-21.02,51.27,GSS,GSS_Arg125Cys,0.5537252124645893
-17.125,12.936,-1.324,0.186,-42.479,8.229,DES,DES_Ala213Val,0.3052473867595819
29.125,15.323,1.901,0.057,-0.908,59.158,TH,TH_Pro454His,0.13356716417910447
30.375,19.849,1.53,0.126,-8.528,69.278,HBD,HBD_Arg105Ser,0.23182031250000001
7.625,22.638,0.337,0.736,-36.744,51.994,HBD,HBD_Leu89Val,0.8195177304964538
28.75,24.633,1.167,0.243,-19.529,77.029,SH3BP2,SH3BP2_Gly420Glu,0.3703980582524272
6.875,23.384,0.294,0.769,-38.957,52.707,HPRT1,HPRT1_Pro176Leu,0.836487297921478
-72.857,35.781,-2.036,0.042,-142.986,-2.728,PGBD1,PGBD1_Gln248Glu,0.10411578947368422
-45.25,25.547,-1.771,0.077,-95.321,4.821,HPRT1,HPRT1_Phe74Leu,0.16775342465753423
-14.25,4.3,-3.314,0.001,-22.678,-5.822,KRT2,KRT2_Glu488Lys,0.006728571428571429
-3.714,2.347,-1.582,0.114,-8.315,0.887,GLYCTK,GLYCTK_Thr394Ile,0.22005737704918032
-144.5,41.865,-3.452,0.001,-226.554,-62.446,TAT,TAT_Arg433Trp,0.006728571428571429
-48.571,32.409,-1.499,0.134,-112.093,14.95,PYGL,PYGL_Leu739Met,0.2408931297709924
50.167,15.536,3.229,0.001,19.717,80.616,PKP2,PKP2_Arg101His,0.006728571428571429
-41.812,16.052,-2.605,0.009,-73.273,-10.352,KRT8,KRT8_Gly434Ser,0.02883673469387755
-113.25,32.827,-3.45,0.001,-177.59,-48.91,AGXT,AGXT_Pro10Ala,0.006728571428571429
47.143,22.786,2.069,0.039,2.482,91.803,MVK,MVK_Val293Met,0.09770744680851064
15.125,21.46,0.705,0.481,-26.937,57.187,HBD,HBD_Leu76Val,0.6139593495934959
-65.625,41.082,-1.597,0.11,-146.145,14.895,HPRT1,HPRT1_Asp177Tyr,0.2149792531120332
-5.625,17.148,-0.328,0.743,-39.234,27.984,KRT6A,KRT6A_Glu461Lys,0.8234188235294118
-6.5,37.165,-0.175,0.861,-79.342,66.342,DES,DES_Ser298Leu,0.907228187919463
13.714,9.613,1.427,0.154,-5.128,32.556,SMN2,SMN2_Gly287Arg,0.2666691176470588
8.25,10.813,0.763,0.445,-12.943,29.443,TH,TH_Ile219Thr,0.580595567867036
-47.5,26.738,-1.777,0.076,-99.905,4.905,ACSF3,ACSF3_Asp457Asn,0.16649302325581394
54.75,24.74,2.213,0.027,6.26,103.24,LDHB,LDHB_Lys7Glu,0.07104469273743017
-1.5,19.929,-0.075,0.94,-40.561,37.561,FA2H,FA2H_Arg62Cys,0.9541810344827586
-50.143,31.815,-1.576,0.115,-112.498,12.212,SFTPC,SFTPC_Ile73Thr,0.22108163265306124
-28.375,15.575,-1.822,0.068,-58.901,2.151,KRT2,KRT2_Thr479Pro,0.153244019138756
32.875,27.967,1.175,0.24,-21.94,87.69,IL2RG,IL2RG_Ser108Pro,0.367012987012987
4.714,15.675,0.301,0.764,-26.008,35.437,ALAS2,ALAS2_Phe128Leu,0.8349048723897912
29.5,8.749,3.372,0.001,12.353,46.647,STAR,STAR_Arg188Cys,0.006728571428571429
-2.571,24.701,-0.104,0.917,-50.984,45.842,MVK,MVK_Val5Ala,0.9409738562091503
5.571,22.295,0.25,0.803,-38.126,49.268,MVK,MVK_Tyr116His,0.8635
19.571,25.09,0.78,0.435,-29.605,68.747,MVK,MVK_Ser52Asn,0.5707103064066852
17.143,5.422,3.162,0.002,6.515,27.77,GLYCTK,GLYCTK_Phe493Cys,0.010466666666666666
-32.857,18.42,-1.784,0.074,-68.96,3.246,POLR1C,POLR1C_Arg279Trp,0.1644056603773585
-6.125,13.64,-0.449,0.653,-32.859,20.609,DCX,DCX_Arg59His,0.7669900249376559
-8.875,21.905,-0.405,0.685,-51.808,34.058,FBP1,FBP1_Asn213Lys,0.7927149877149877
-25.286,9.638,-2.624,0.009,-44.176,-6.396,TUFM,TUFM_Arg339Gln,0.02883673469387755
-69.375,22.37,-3.101,0.002,-113.22,-25.53,COMP,COMP_Cys348Arg,0.010466666666666666
-40.0,31.676,-1.263,0.207,-102.084,22.084,HPRT1,HPRT1_Gly140Asp,0.33049830508474576
36.25,13.499,2.685,0.007,9.793,62.707,EFHC1,EFHC1_Cys259Tyr,0.02555813953488372
-1.125,13.618,-0.083,0.934,-27.815,25.565,TH,TH_Ile209Met,0.9511555075593953
79.875,26.86,2.974,0.003,27.229,132.521,TPK1,TPK1_Asn50His,0.013205607476635513
-53.571,35.626,-1.504,0.133,-123.396,16.253,SFTPC,SFTPC_Glu66Lys,0.2408931297709924
-9.875,13.595,-0.726,0.468,-36.522,16.772,AIPL1,AIPL1_Arg302Leu,0.6055714285714285
-11.375,27.005,-0.421,0.674,-64.303,41.553,HPRT1,HPRT1_Gly70Glu,0.7838370370370371
10.75,20.148,0.534,0.594,-28.74,50.24,KRT4,KRT4_Glu449Lys,0.7100862944162436
-42.187,16.168,-2.609,0.009,-73.877,-10.498,GRN,GRN_Cys105Arg,0.02883673469387755
18.429,13.405,1.375,0.169,-7.846,44.703,SIX1,SIX1_Tyr129Cys,0.28428214285714287
116.286,40.378,2.88,0.004,37.145,195.426,PMP22,PMP22_Leu16Pro,0.016526315789473684
-87.625,28.136,-3.114,0.002,-142.77,-32.48,KRT6A,KRT6A_Gln166Pro,0.010466666666666666
38.375,42.391,0.905,0.365,-44.709,121.459,LDHB,LDHB_Arg158Cys,0.5086242603550296
27.429,8.717,3.146,0.002,10.343,44.514,NEUROG3,NEUROG3_Gly167Arg,0.010466666666666666
47.429,22.61,2.098,0.036,3.113,91.744,RAB33B,RAB33B_Lys46Gln,0.09165405405405404
-67.5,19.509,-3.46,0.001,-105.737,-29.263,DES,DES_Arg212Gln,0.006728571428571429
-54.375,24.328,-2.235,0.025,-102.057,-6.693,XPA,XPA_Cys108Phe,0.06767241379310346
-12.625,25.65,-0.492,0.623,-62.898,37.648,DES,DES_Gln131Lys,0.7391259445843829
34.875,35.062,0.995,0.32,-33.845,103.595,GAMT,GAMT_Ala196Val,0.4553474320241692
-80.875,25.746,-3.141,0.002,-131.336,-30.414,TAT,TAT_Leu273Pro,0.010466666666666666
213.5,68.156,3.133,0.002,79.917,347.083,HBD,HBD_Gly26Asp,0.010466666666666666
-42.75,12.409,-3.445,0.001,-67.072,-18.428,DES,DES_Arg350Pro,0.006728571428571429
-12.0,9.186,-1.306,0.191,-30.004,6.004,PLA2G6,PLA2G6_Glu567Lys,0.31236458333333333
-26.857,15.68,-1.713,0.087,-57.59,3.876,PYGL,PYGL_Asp629Tyr,0.18131415929203537
-85.25,25.906,-3.291,0.001,-136.025,-34.475,EIF2B4,EIF2B4_Ala391Asp,0.006728571428571429
18.875,16.292,1.159,0.247,-13.056,50.806,CRADD,CRADD_Gly128Arg,0.37528064516129034
-0.714,39.473,-0.018,0.986,-78.079,76.651,PGBD1,PGBD1_Ile678Val,0.9901021276595745
-132.571,21.951,-6.039,0.0,-175.595,-89.548,RP2,RP2_Leu253Arg,0.0
38.5,20.494,1.879,0.06,-1.667,78.667,TH,TH_Val136Met,0.13921182266009852
-57.143,9.792,-5.836,0.0,-76.334,-37.951,SH3BP2,SH3BP2_Pro418Leu,0.0
30.375,17.336,1.752,0.08,-3.603,64.353,UBQLN2,UBQLN2_Pro506Thr,0.16972972972972974
15.286,23.385,0.654,0.513,-30.549,61.12,MVK,MVK_His20Pro,0.6409098143236074
-122.286,27.891,-4.384,0.0,-176.951,-67.621,PYGL,PYGL_Pro382Leu,0.0
-24.5,16.823,-1.456,0.145,-57.473,8.473,KRT6A,KRT6A_Asn171Asp,0.25388475836431224
7.5,24.356,0.308,0.758,-40.237,55.237,DES,DES_Thr453Ile,0.8341542056074767
-87.0,52.002,-1.673,0.094,-188.923,14.923,NMNAT1,NMNAT1_Arg207Trp,0.19083620689655173
43.857,14.255,3.077,0.002,15.918,71.796,EMD,EMD_Met1Val,0.010466666666666666
19.167,14.091,1.36,0.174,-8.451,46.784,PKP2,PKP2_Gly68Ser,0.2906170212765957
15.375,24.676,0.623,0.533,-32.989,63.739,HBD,HBD_Glu44Gly,0.6606394736842105
-115.125,39.317,-2.928,0.003,-192.185,-38.065,AGXT,AGXT_Met49Leu,0.013205607476635513
10.5,27.605,0.38,0.704,-43.605,64.605,DES,DES_Glu413Lys,0.8027379807692308
77.125,27.916,2.763,0.006,22.411,131.839,EFHC1,EFHC1_Ile174Val,0.022608
3.875,27.377,0.142,0.887,-49.784,57.534,DES,DES_Pro433Thr,0.927379157427938
-77.75,26.349,-2.951,0.003,-129.394,-26.106,AGXT,AGXT_Arg197Gln,0.013205607476635513
-33.5,12.598,-2.659,0.008,-58.192,-8.808,PLA2G6,PLA2G6_Leu481Gln,0.027911111111111112
-80.75,27.017,-2.989,0.003,-133.702,-27.798,FBP1,FBP1_Asn273Ser,0.013205607476635513
69.0,26.862,2.569,0.01,16.351,121.649,COMP,COMP_Arg718Pro,0.031192052980132452
-7.286,10.26,-0.71,0.478,-27.396,12.824,CLCNKA,CLCNKA_Trp80Cys,0.6117880434782608
-23.0,11.364,-2.024,0.043,-45.273,-0.727,PDGFRB,PDGFRB_Pro660Thr,0.10603664921465968
-51.125,14.434,-3.542,0.0,-79.415,-22.835,DES,DES_Arg16Cys,0.0
-14.875,13.434,-1.107,0.268,-41.206,11.456,GALE,GALE_Lys257Arg,0.39819558359621454
-54.375,28.053,-1.938,0.053,-109.358,0.608,AGXT,AGXT_Arg301Cys,0.12671573604060912
-67.25,26.618,-2.527,0.012,-119.419,-15.081,COMP,COMP_Gly207Asp,0.03670129870129871
-5.125,13.755,-0.373,0.709,-32.084,21.834,TH,TH_Gln381Lys,0.8027379807692308
-9.375,23.279,-0.403,0.687,-55.001,36.251,DES,DES_Gly44Ser,0.7930808823529412
6.0,9.004,0.666,0.505,-11.647,23.647,PKP2,PKP2_Met365Ile,0.635975935828877
-5.375,26.283,-0.205,0.838,-56.888,46.138,TTPA,TTPA_Asp64Gly,0.8889594594594594
4.0,10.547,0.379,0.704,-16.672,24.672,PLA2G6,PLA2G6_Arg538Cys,0.8027379807692308
20.0,15.752,1.27,0.204,-10.874,50.874,PKP2,PKP2_Leu394His,0.32793174061433444
17.625,31.384,0.562,0.574,-43.886,79.136,AGXT,AGXT_Ser218Leu,0.6879236641221373
16.714,20.441,0.818,0.414,-23.35,56.778,MVK,MVK_Arg388Gln,0.5537252124645893
-14.167,15.03,-0.943,0.346,-43.625,15.292,PLA2G6,PLA2G6_Val310Glu,0.48646567164179105
-42.813,15.154,-2.825,0.005,-72.514,-13.111,GRN,GRN_Thr182Met,0.019789915966386556
153.714,46.141,3.331,0.001,63.28,244.149,SDC3,SDC3_Val136Ile,0.006728571428571429
-24.25,10.851,-2.235,0.025,-45.517,-2.983,TH,TH_Ala226Thr,0.06767241379310346
-45.5,10.987,-4.141,0.0,-67.034,-23.966,KRT2,KRT2_Gly219Asp,0.0
-12.938,13.496,-0.959,0.338,-39.39,13.515,KRT8,KRT8_Arg454Cys,0.4766407185628743
12.75,21.954,0.581,0.561,-30.278,55.778,TH,TH_Arg89Arg,0.6775153846153846
-128.25,42.875,-2.991,0.003,-212.283,-44.217,AGXT,AGXT_Ile202Asn,0.013205607476635513
-11.0,17.746,-0.62,0.535,-45.781,23.781,ALAS2,ALAS2_Tyr549Phe,0.6613779527559055
86.125,22.966,3.75,0.0,41.112,131.138,FXN,FXN_Met1Ile,0.0
31.25,19.867,1.573,0.116,-7.689,70.189,HBD,HBD_Arg117His,0.22119838056680163
70.143,21.746,3.226,0.001,27.521,112.765,MIP,MIP_Val67Ile,0.006728571428571429
23.75,29.459,0.806,0.42,-33.989,81.489,DES,DES_Ala357Pro,0.5572394366197182
-10.625,41.871,-0.254,0.8,-92.69,71.44,AGXT,AGXT_Ala295Thr,0.8622425629290619
38.714,11.908,3.251,0.001,15.375,62.053,PLA2G6,PLA2G6_Arg600Gln,0.006728571428571429
-115.429,43.059,-2.681,0.007,-199.823,-31.034,NMNAT1,NMNAT1_Ser255Asn,0.02555813953488372
18.625,12.015,1.55,0.121,-4.924,42.174,TTR,TTR_Gly26Ser,0.22705577689243028
-87.5,16.854,-5.192,0.0,-120.534,-54.466,CREB1,CREB1_Asp116Gly,0.0
11.375,42.243,0.269,0.788,-71.42,94.17,IL2RG,IL2RG_Arg285Gln,0.851256880733945
58.5,31.646,1.849,0.065,-3.525,120.525,CHN1,CHN1_Glu313Lys,0.1471875
34.625,41.917,0.826,0.409,-47.53,116.78,KCTD1,KCTD1_His33Gln,0.553323782234957
-40.286,16.882,-2.386,0.017,-73.373,-7.198,KRT6A,KRT6A_Asn171Thr,0.04973291925465839
-7.0,20.302,-0.345,0.73,-46.79,32.79,NCF2,NCF2_Arg188Lys,0.8186428571428571
-55.75,19.195,-2.904,0.004,-93.372,-18.128,FXN,FXN_Trp173Gly,0.016526315789473684
-70.25,21.146,-3.322,0.001,-111.696,-28.804,CHN1,CHN1_Ile126Met,0.006728571428571429
10.5,12.005,0.875,0.382,-13.029,34.029,DCX,DCX_Lys50Asn,0.5245539358600584
-110.625,21.233,-5.21,0.0,-152.24,-69.01,TTPA,TTPA_Gly246Arg,0.0
16.167,10.922,1.48,0.139,-5.24,37.573,PKP2,PKP2_Met365Val,0.24705283018867927
0.571,23.204,0.025,0.98,-44.907,46.05,POLR1C,POLR1C_Arg279Gln,0.9883940042826552
-71.375,27.096,-2.634,0.008,-124.483,-18.267,GSS,GSS_Pro314Leu,0.027911111111111112
-81.286,59.88,-1.357,0.175,-198.649,36.078,NMNAT1,NMNAT1_Arg237Leu,0.29125441696113075
-41.857,28.727,-1.457,0.145,-98.162,14.448,MVK,MVK_Ile119Met,0.25388475836431224
79.5,50.129,1.586,0.113,-18.752,177.752,LIG4,LIG4_Ala857Thr,0.2190246913580247
-77.125,43.7,-1.765,0.078,-162.776,8.526,HPRT1,HPRT1_Asp194Glu,0.16775342465753423
70.375,22.734,3.096,0.002,25.816,114.934,GALE,GALE_Leu313Met,0.010466666666666666
-50.714,39.145,-1.296,0.195,-127.438,26.009,SFTPC,SFTPC_Ala116Asp,0.3167068965517242
11.375,33.438,0.34,0.734,-54.162,76.912,TTR,TTR_Lys146Arg,0.8192274881516587
26.714,12.666,2.109,0.035,1.89,51.538,NCF2,NCF2_Asn448Asp,0.08959239130434783
-71.25,18.095,-3.938,0.0,-106.715,-35.785,DCX,DCX_Ser129Leu,0.0
14.313,18.618,0.769,0.442,-22.178,50.803,GRN,GRN_Ala324Thr,0.5782833333333333
37.667,17.328,2.174,0.03,3.705,71.628,PKP2,PKP2_Arg413Gln,0.07849999999999999
-70.875,51.518,-1.376,0.169,-171.849,30.099,AGXT,AGXT_Ser221Pro,0.28428214285714287
9.125,8.382,1.089,0.276,-7.304,25.554,TH,TH_Leu205Pro,0.4062375000000001
8.188,26.919,0.304,0.761,-44.572,60.947,AGXT,AGXT_Ile340Met,0.8349048723897912
-58.625,26.342,-2.226,0.026,-110.254,-6.996,FBP1,FBP1_Arg218Lys,0.06918644067796609
24.167,13.634,1.772,0.076,-2.556,50.889,PKP2,PKP2_Ser571Thr,0.16649302325581394
48.375,9.194,5.261,0.0,30.355,66.395,DCX,DCX_Arg89Gly,0.0
16.286,19.984,0.815,0.415,-22.883,55.454,PSAP,PSAP_Met76Lys,0.5537252124645893
-68.429,19.794,-3.457,0.001,-107.224,-29.633,POMT1,POMT1_Ala200Pro,0.006728571428571429
162.625,70.229,2.316,0.021,24.978,300.272,KCTD1,KCTD1_Ala30Glu,0.05922754491017965
68.714,21.472,3.2,0.001,26.629,110.799,MVK,MVK_Val250Ile,0.006728571428571429
-41.125,17.976,-2.288,0.022,-76.357,-5.893,DES,DES_Leu274Pro,0.06167857142857143
19.25,29.835,0.645,0.519,-39.226,77.726,DES,DES_Met349Ile,0.6466904761904761
-10.625,10.07,-1.055,0.291,-30.361,9.111,DES,DES_Tyr331Asn,0.4191467889908257
54.375,33.224,1.637,0.102,-10.743,119.493,GALE,GALE_Arg239Trp,0.20185714285714285
105.0,30.569,3.435,0.001,45.086,164.914,KLHL3,KLHL3_Glu85Ala,0.006728571428571429
-56.875,22.182,-2.564,0.01,-100.35,-13.4,DES,DES_Asp343Asn,0.031192052980132452
2.5,30.544,0.082,0.935,-57.366,62.366,DES,DES_Leu345Pro,0.9511555075593953
-136.0,86.948,-1.564,0.118,-306.414,34.414,AGXT,AGXT_Phe152Ile,0.2241048387096774
12.25,19.913,0.615,0.538,-26.779,51.279,LRRC6,LRRC6_Ala74Pro,0.6616135770234987
-0.375,23.59,-0.016,0.987,-46.61,45.86,DES,DES_Ser424Phe,0.9901021276595745
57.75,24.347,2.372,0.018,10.031,105.469,DCX,DCX_Lys174Glu,0.0520122699386503
-69.143,31.093,-2.224,0.026,-130.084,-8.201,RP2,RP2_Arg118Leu,0.06918644067796609
-76.25,20.772,-3.671,0.0,-116.963,-35.537,KRT86,KRT86_Glu413Lys,0.0
-58.75,22.391,-2.624,0.009,-102.635,-14.865,KCTD7,KCTD7_Asn273Ile,0.02883673469387755
26.0,19.676,1.321,0.186,-12.564,64.564,TTPA,TTPA_Ala120Thr,0.3052473867595819
-152.375,47.47,-3.21,0.001,-245.414,-59.336,AGXT,AGXT_Gly116Arg,0.006728571428571429
-120.714,38.912,-3.102,0.002,-196.981,-44.448,PMP22,PMP22_Asp37Val,0.010466666666666666
-47.75,23.255,-2.053,0.04,-93.33,-2.17,ACSF3,ACSF3_Arg558Trp,0.09968253968253968
-59.5,19.3,-3.083,0.002,-97.327,-21.673,ACSF3,ACSF3_Pro243Leu,0.010466666666666666
-10.375,18.399,-0.564,0.573,-46.436,25.686,COMP,COMP_Thr529Ile,0.6879236641221373
56.571,34.061,1.661,0.097,-10.187,123.33,PMP22,PMP22_Ala135Thr,0.19524358974358974
-17.286,14.496,-1.192,0.233,-45.697,11.126,ALAS2,ALAS2_Ser531Gly,0.3598131147540984
84.5,18.283,4.622,0.0,48.665,120.335,DCX,DCX_Arg196Cys,0.0
0.0,26.28,0.0,1.0,-51.508,51.508,HPRT1,HPRT1_Gly71Arg,1.0
-77.286,23.33,-3.313,0.001,-123.012,-31.56,KRT6A,KRT6A_Leu468Gln,0.006728571428571429
-96.5,26.734,-3.61,0.0,-148.897,-44.103,TAT,TAT_Arg119Trp,0.0
32.143,25.186,1.276,0.202,-17.222,81.507,THAP1,THAP1_Lys89Arg,0.3269484536082475
-3.857,17.372,-0.222,0.824,-37.905,30.191,NCF2,NCF2_Ala140Asp,0.8780633484162895
-23.0,17.178,-1.339,0.181,-56.668,10.668,KCTD7,KCTD7_Asp115Tyr,0.2991263157894737
12.875,31.507,0.409,0.683,-48.877,74.627,HPRT1,HPRT1_Asp80Val,0.7923472906403941
-12.125,25.481,-0.476,0.634,-62.066,37.816,XRCC2,XRCC2_Phe270Val,0.750286432160804
-67.75,25.449,-2.662,0.008,-117.628,-17.872,KRT86,KRT86_Asn114His,0.027911111111111112
73.375,21.154,3.469,0.001,31.915,114.835,DCX,DCX_Ile214Thr,0.006728571428571429
43.714,27.002,1.619,0.105,-9.208,96.637,SDC3,SDC3_Asp231Asn,0.20692468619246862
-88.0,33.832,-2.601,0.009,-154.31,-21.69,AGXT,AGXT_Leu298Pro,0.02883673469387755
-28.25,19.692,-1.435,0.151,-66.846,10.346,DCX,DCX_Tyr125His,0.2624391143911439
39.875,23.597,1.69,0.091,-6.375,86.125,DCX,DCX_Arg78Cys,0.18635217391304348
253.375,61.76,4.103,0.0,132.329,374.421,SMAD1,SMAD1_Val3Ala,0.0
-53.625,19.164,-2.798,0.005,-91.185,-16.065,KRT6A,KRT6A_Val523Phe,0.019789915966386556
11.625,6.262,1.856,0.063,-0.648,23.898,TEAD2,TEAD2_Pro213Ser,0.14545588235294118
7.857,18.697,0.42,0.674,-28.789,44.503,NCF2,NCF2_Gly44Arg,0.7838370370370371
-99.25,23.678,-4.192,0.0,-145.658,-52.842,FBP1,FBP1_Phe194Ser,0.0
6.875,23.069,0.298,0.766,-38.34,52.09,SUCLA2,SUCLA2_Pro230Ser,0.8351527777777777
26.0,14.434,1.801,0.072,-2.289,54.289,PKP2,PKP2_Lys724Thr,0.16148571428571426
-92.25,28.194,-3.272,0.001,-147.51,-36.99,CHN1,CHN1_Pro252Ser,0.006728571428571429
-12.0,18.154,-0.661,0.509,-47.581,23.581,NCF2,NCF2_Asp108Val,0.639304
-13.375,17.706,-0.755,0.45,-48.078,21.328,SH3BP2,SH3BP2_Arg415Gln,0.5838842975206612
22.375,26.414,0.847,0.397,-29.395,74.145,HBD,HBD_Asp100Asn,0.5388674351585016
65.429,36.756,1.78,0.075,-6.612,137.469,MVK,MVK_Val278Met,0.1658450704225352
-29.5,28.73,-1.027,0.305,-85.809,26.809,AGXT,AGXT_Ala280Val,0.43664133738601824
-99.375,44.962,-2.21,0.027,-187.499,-11.251,HPRT1,HPRT1_Asp194Asn,0.07104469273743017
-75.429,26.876,-2.807,0.005,-128.105,-22.752,FA2H,FA2H_Arg143Cys,0.019789915966386556
-111.429,22.457,-4.962,0.0,-155.444,-67.413,RP2,RP2_Cys86Tyr,0.0
-48.188,18.114,-2.66,0.008,-83.69,-12.685,KRT6A,KRT6A_Thr552Ser,0.027911111111111112
37.375,29.927,1.249,0.212,-21.281,96.031,DES,DES_Gly84Ser,0.33507382550335574
5.714,10.829,0.528,0.598,-15.511,26.939,ALAS2,ALAS2_Ala135Thr,0.7130582278481012
62.429,27.103,2.303,0.021,9.308,115.549,MVK,MVK_Cys101Tyr,0.05922754491017965
28.625,7.939,3.605,0.0,13.064,44.186,STAR,STAR_Val187Met,0.0
33.25,24.86,1.337,0.181,-15.475,81.975,TTPA,TTPA_His101Gln,0.2991263157894737
-40.5,21.155,-1.914,0.056,-81.963,0.963,KRT86,KRT86_Asn114Asp,0.1325427135678392
-31.625,18.059,-1.751,0.08,-67.021,3.771,KRT6A,KRT6A_Arg164Pro,0.16972972972972974
87.0,22.068,3.942,0.0,43.747,130.253,KLHL3,KLHL3_Met78Val,0.0
-45.0,33.113,-1.359,0.174,-109.901,19.901,RP2,RP2_Arg118His,0.2906170212765957
-60.125,20.783,-2.893,0.004,-100.86,-19.39,KRT86,KRT86_Ala118Glu,0.016526315789473684
2.75,11.886,0.231,0.817,-20.546,26.046,DOLK,DOLK_Tyr441Ser,0.8745613636363636
63.25,20.082,3.15,0.002,23.889,102.611,DCX,DCX_Arg186His,0.010466666666666666
-47.25,18.886,-2.502,0.012,-84.265,-10.235,HBD,HBD_Glu27Asp,0.03670129870129871
0.667,11.714,0.057,0.955,-22.292,23.625,PKP2,PKP2_Leu360Pro,0.9652467811158798
10.75,13.125,0.819,0.413,-14.975,36.475,SH3BP2,SH3BP2_Pro418Arg,0.5537252124645893
84.625,16.04,5.276,0.0,53.187,116.063,DCX,DCX_Arg102Cys,0.0
-71.75,21.032,-3.411,0.001,-112.972,-30.528,MAP2K2,MAP2K2_Thr17Ala,0.006728571428571429
19.375,29.605,0.654,0.513,-38.649,77.399,IER3IP1,IER3IP1_Leu78Pro,0.6409098143236074
14.0,31.292,0.447,0.655,-47.332,75.332,DES,DES_His441Leu,0.7674253731343283
-19.429,15.63,-1.243,0.214,-50.062,11.205,POMT1,POMT1_Ala647Thr,0.3371036789297659
-51.81,16.697,-3.103,0.002,-84.535,-19.086,ACSF3,ACSF3_Thr358Ile,0.010466666666666666
40.0,23.665,1.69,0.091,-6.383,86.383,DES,DES_Val126Leu,0.18635217391304348
-15.143,21.747,-0.696,0.486,-57.766,27.48,RP2,RP2_Arg282Trp,0.6182668463611859
-9.75,10.97,-0.889,0.374,-31.252,11.752,DES,DES_Thr219Ile,0.5196283185840709
26.0,28.325,0.918,0.359,-29.517,81.517,DES,DES_Ser46Tyr,0.5017477744807122
-82.286,24.93,-3.301,0.001,-131.148,-33.423,PNPO,PNPO_Arg95His,0.006728571428571429
-40.875,15.595,-2.621,0.009,-71.44,-10.31,COMP,COMP_Asp271His,0.02883673469387755
34.571,23.266,1.486,0.137,-11.029,80.172,MVK,MVK_Pro165Leu,0.24442045454545458
5.0,30.136,0.166,0.868,-54.066,64.066,MYOZ2,MYOZ2_Ile246Met,0.9105300668151447
54.143,36.43,1.486,0.137,-17.259,125.544,PMP22,PMP22_Cys109Arg,0.24442045454545458
-5.875,18.402,-0.319,0.75,-41.942,30.192,EFHC1,EFHC1_Asp253Tyr,0.829225352112676
34.857,25.173,1.385,0.166,-14.481,84.196,POMT1,POMT1_Thr392Met,0.2812446043165468
-43.167,27.484,-1.571,0.116,-97.034,10.701,RAD51D,RAD51D_Glu233Gly,0.22119838056680163
-17.375,28.215,-0.616,0.538,-72.676,37.926,AGXT,AGXT_Ile279Met,0.6616135770234987
-17.75,26.598,-0.667,0.505,-69.881,34.381,DES,DES_Gln389Pro,0.635975935828877
-58.375,15.998,-3.649,0.0,-89.73,-27.02,DES,DES_Arg227Cys,0.0
-18.25,20.657,-0.883,0.377,-58.737,22.237,COMP,COMP_Asn523Lys,0.5207243401759531
-16.625,28.08,-0.592,0.554,-71.661,38.411,COMP,COMP_Asp605Asn,0.6742480620155039
-58.375,28.022,-2.083,0.037,-113.298,-3.452,CTRC,CTRC_Arg246Cys,0.09369354838709676
31.0,20.029,1.548,0.122,-8.255,70.255,UBQLN2,UBQLN2_Pro497Ser,0.22802380952380952
21.0,32.982,0.637,0.524,-43.643,85.643,MYOZ2,MYOZ2_Ser48Pro,0.651197889182058
4.429,6.365,0.696,0.487,-8.047,16.905,SNIP1,SNIP1_Ala174Val,0.6182668463611859
35.125,21.247,1.653,0.098,-6.518,76.768,HBD,HBD_Leu142Pro,0.19641702127659574
-58.875,22.663,-2.598,0.009,-103.294,-14.456,TTR,TTR_Asp119Asn,0.02883673469387755
-104.75,24.63,-4.253,0.0,-153.024,-56.476,KCTD7,KCTD7_Arg184Cys,0.0
-81.75,26.084,-3.134,0.002,-132.874,-30.626,ASNS,ASNS_Ala6Glu,0.010466666666666666
97.125,52.463,1.851,0.064,-5.701,199.951,GYG1,GYG1_Arg33Lys,0.14633009708737865
-0.375,25.841,-0.015,0.988,-51.022,50.272,KCTD7,KCTD7_Arg94Trp,0.9901021276595745
9.0,31.876,0.282,0.778,-53.475,71.475,MVK,MVK_Leu255Pro,0.8443271889400922
73.714,26.758,2.755,0.006,21.27,126.159,THAP1,THAP1_Gly9Cys,0.022608
-71.625,31.574,-2.268,0.023,-133.51,-9.74,ACSF3,ACSF3_Met266Val,0.06335087719298246
-4.143,32.25,-0.128,0.898,-67.352,59.066,MYOZ2,MYOZ2_Gln10Pro,0.931625550660793
-14.375,16.753,-0.858,0.391,-47.211,18.461,FTH1,FTH1_Lys54Arg,0.5338
-58.875,24.589,-2.394,0.017,-107.069,-10.681,GSS,GSS_Arg283Cys,0.04973291925465839
-77.571,25.889,-2.996,0.003,-128.313,-26.83,COMP,COMP_Thr585Met,0.013205607476635513
-58.75,49.765,-1.181,0.238,-156.287,38.787,AGXT,AGXT_Pro11His,0.3651400651465798
-45.286,26.635,-1.7,0.089,-97.489,6.918,PYGL,PYGL_Lys681Thr,0.18385526315789472
-165.571,36.193,-4.575,0.0,-236.509,-94.634,NAA10,NAA10_Arg195Cys,0.0
80.0,42.511,1.882,0.06,-3.32,163.32,NFU1,NFU1_Gly208Cys,0.13921182266009852
-19.286,7.312,-2.638,0.008,-33.617,-4.955,SNIP1,SNIP1_Glu366Gly,0.027911111111111112
-150.143,39.957,-3.758,0.0,-228.457,-71.829,SFTPC,SFTPC_His59Arg,0.0
-71.25,28.89,-2.466,0.014,-127.874,-14.626,HPRT1,HPRT1_Leu41Pro,0.042
-18.875,16.571,-1.139,0.255,-51.353,13.603,TH,TH_Thr7Pro,0.3849519230769231
-132.625,53.981,-2.457,0.014,-238.425,-26.825,HPRT1,HPRT1_His204Asp,0.042
-33.0,19.846,-1.663,0.096,-71.897,5.897,PYGL,PYGL_Val456Met,0.19406008583690987
-50.125,17.658,-2.839,0.005,-84.734,-15.516,DES,DES_Val56Leu,0.019789915966386556
-5.0,16.594,-0.301,0.763,-37.525,27.525,KRT6A,KRT6A_Asn171Ser,0.8349048723897912
-39.375,28.043,-1.404,0.16,-94.339,15.589,AGXT,AGXT_Arg381Lys,0.27604395604395604
-2.75,14.17,-0.194,0.846,-30.522,25.022,KLHL3,KLHL3_Cys164Phe,0.8954292134831461
62.125,29.296,2.121,0.034,4.705,119.545,UBQLN2,UBQLN2_Pro525Ser,0.08750819672131148
-28.214,18.117,-1.557,0.119,-63.723,7.295,PYGL,PYGL_Glu673Lys,0.22509638554216868
-2.0,23.952,-0.083,0.933,-48.946,44.946,MVK,MVK_Val377Ile,0.9511555075593953
-80.0,23.346,-3.427,0.001,-125.758,-34.242,CORO1A,CORO1A_Val397Ile,0.006728571428571429
16.625,5.519,3.012,0.003,5.807,27.443,STAR,STAR_Arg182Leu,0.013205607476635513
62.5,33.861,1.846,0.065,-3.866,128.866,DES,DES_Arg37Trp,0.1471875
-10.125,20.395,-0.496,0.62,-50.098,29.848,FGD4,FGD4_Arg194His,0.7374242424242424
38.857,26.614,1.46,0.144,-13.304,91.019,MVK,MVK_Val80Ile,0.25388475836431224
19.75,28.945,0.682,0.495,-36.981,76.481,CDC73,CDC73_Met1Ile,0.6267338709677419
16.375,41.173,0.398,0.691,-64.322,97.072,AGXT,AGXT_Lys12Arg,0.7957481662591687
-5.625,20.893,-0.269,0.788,-46.575,35.325,KRT6A,KRT6A_Leu170Phe,0.851256880733945
-10.286,6.7,-1.535,0.125,-23.418,2.846,BCL10,BCL10_Leu8Leu,0.23088235294117648
6.571,7.712,0.852,0.394,-8.543,21.686,ALAS2,ALAS2_Arg374Cys,0.5363410404624278
4.875,12.858,0.379,0.705,-20.327,30.077,TH,TH_Arg306His,0.8027379807692308
-82.0,20.625,-3.976,0.0,-122.424,-41.576,CTRC,CTRC_Gln178Arg,0.0
3.875,10.398,0.373,0.709,-16.505,24.255,GATA2,GATA2_Pro41Ala,0.8027379807692308
9.143,12.673,0.721,0.471,-15.695,33.981,PYGL,PYGL_Thr59Met,0.6074098360655737
39.429,13.153,2.998,0.003,13.65,65.207,GCM2,GCM2_Gly203Ser,0.013205607476635513
68.375,34.326,1.992,0.046,1.097,135.653,LDHB,LDHB_Arg172His,0.11225906735751294
-95.714,31.258,-3.062,0.002,-156.98,-34.449,PNPO,PNPO_Arg116Gln,0.010466666666666666
-4.429,34.082,-0.13,0.897,-71.228,62.371,THAP1,THAP1_Val193Ile,0.931625550660793
-21.286,19.257,-1.105,0.269,-59.03,16.458,POMT1,POMT1_Ser515Arg,0.39842452830188685
-84.875,18.999,-4.467,0.0,-122.113,-47.637,EFHC1,EFHC1_Met448Thr,0.0
77.25,64.993,1.189,0.235,-50.133,204.633,KCTD1,KCTD1_Gly62Asp,0.3617156862745098
-5.0,13.242,-0.378,0.706,-30.954,20.954,TH,TH_Arg133His,0.8027379807692308
-58.5,16.958,-3.45,0.001,-91.737,-25.263,AGXT,AGXT_Met195Leu,0.006728571428571429
-54.429,27.352,-1.99,0.047,-108.038,-0.819,PRKAR1A,PRKAR1A_Arg74His,0.1141082474226804
-28.125,22.108,-1.272,0.203,-71.456,15.206,DES,DES_Ala237Thr,0.3274417808219178
105.0,31.083,3.378,0.001,44.079,165.921,RASA1,RASA1_Glu70Gly,0.006728571428571429
-62.875,18.681,-3.366,0.001,-99.489,-26.261,UROD,UROD_Gly318Arg,0.006728571428571429
-46.75,5.112,-9.145,0.0,-56.77,-36.73,GALE,GALE_Asp103Gly,0.0
-76.0,24.33,-3.124,0.002,-123.686,-28.314,TH,TH_Gln39Glu,0.010466666666666666
5.714,15.414,0.371,0.711,-24.498,35.926,TH,TH_Arg202His,0.8030719424460431
-19.75,21.393,-0.923,0.356,-61.68,22.18,KRT6A,KRT6A_Ile178Asn,0.4990357142857143
-118.75,52.998,-2.241,0.025,-222.624,-14.876,HPRT1,HPRT1_Arg45Lys,0.06767241379310346
-79.0,44.8,-1.763,0.078,-166.806,8.806,HPRT1,HPRT1_Gly58Arg,0.16775342465753423
-100.25,34.231,-2.929,0.003,-167.342,-33.158,AGXT,AGXT_Ala186Val,0.013205607476635513
40.286,28.778,1.4,0.162,-16.118,96.69,PMP22,PMP22_His51Arg,0.27645652173913043
90.714,42.032,2.158,0.031,8.334,173.095,THAP1,THAP1_Lys24Glu,0.08066850828729281
-6.125,35.729,-0.171,0.864,-76.152,63.902,AGXT,AGXT_Arg118Cys,0.9083571428571429
-18.875,15.7,-1.202,0.229,-49.646,11.896,EIF2B4,EIF2B4_Arg306Gly,0.3571490066225166
67.714,29.813,2.271,0.023,9.281,126.148,ORC6,ORC6_Tyr232Ser,0.06335087719298246
80.429,27.289,2.947,0.003,26.942,133.915,POMT1,POMT1_Trp560Cys,0.013205607476635513
-42.375,26.688,-1.588,0.112,-94.683,9.933,AGXT,AGXT_Gly82Arg,0.21798347107438018
-37.75,33.871,-1.115,0.265,-104.136,28.636,HPRT1,HPRT1_Ala161Ser,0.3962380952380953
-7.286,15.898,-0.458,0.647,-38.446,23.875,DES,DES_Gly20Arg,0.7618425
31.143,20.11,1.549,0.121,-8.272,70.558,PYGL,PYGL_Tyr821His,0.22705577689243028
40.857,33.965,1.203,0.229,-25.714,107.428,MVK,MVK_Pro200Ser,0.3571490066225166
38.857,23.137,1.679,0.093,-6.49,84.204,PYGL,PYGL_Asn339Ser,0.1896233766233766
-3.857,20.859,-0.185,0.853,-44.741,37.027,DES,DES_Asp312Ala,0.9008139013452915
39.5,16.749,2.358,0.018,6.672,72.328,HBD,HBD_Pro37His,0.0520122699386503
-78.375,13.323,-5.883,0.0,-104.488,-52.262,TTPA,TTPA_Glu141Lys,0.0
9.875,21.12,0.468,0.64,-31.519,51.269,GYG1,GYG1_Ala16Thr,0.7554887218045112
-6.857,17.553,-0.391,0.696,-41.261,27.547,NEUROG3,NEUROG3_Phe199Ser,0.799551219512195
32.857,40.542,0.81,0.418,-46.603,112.317,PMP22,PMP22_Arg157Trp,0.5561525423728813
-12.0,11.155,-1.076,0.282,-33.864,9.864,EFHC1,EFHC1_Phe229Leu,0.41121362229102165
-152.125,30.203,-5.037,0.0,-211.321,-92.929,IL2RG,IL2RG_Tyr89Cys,0.0
4.75,33.711,0.141,0.888,-61.322,70.822,DES,DES_Ala135Val,0.927379157427938
6.167,10.186,0.605,0.545,-13.797,26.131,PKP2,PKP2_Glu380Lys,0.6667402597402597
-55.571,36.879,-1.507,0.132,-127.852,16.709,MVK,MVK_Thr209Ala,0.2408931297709924
22.0,19.712,1.116,0.264,-16.635,60.635,TH,TH_Cys328Phe,0.396
-21.375,17.048,-1.254,0.21,-54.789,12.039,KRT6A,KRT6A_Glu472Lys,0.333030303030303
26.625,8.952,2.974,0.003,9.079,44.171,AIPL1,AIPL1_Thr114Ile,0.013205607476635513
-37.875,31.784,-1.192,0.233,-100.171,24.421,FBP1,FBP1_Met289Leu,0.3598131147540984
47.75,28.02,1.704,0.088,-7.169,102.669,HBD,HBD_Asn13Lys,0.18259030837004403
-96.143,34.815,-2.762,0.006,-164.379,-27.907,PNPO,PNPO_Arg95Cys,0.022608
-9.857,16.973,-0.581,0.561,-43.123,23.409,MVK,MVK_Leu41Pro,0.6775153846153846
-93.714,31.169,-3.007,0.003,-154.805,-32.624,COMP,COMP_His441Arg,0.013205607476635513
67.0,40.617,1.65,0.099,-12.608,146.608,MVK,MVK_Arg106His,0.19758050847457628
26.375,11.458,2.302,0.021,3.917,48.833,TH,TH_Asp267His,0.05922754491017965
27.875,46.417,0.601,0.548,-63.101,118.851,AGXT,AGXT_Arg111Gln,0.6686735751295337
-30.75,19.918,-1.544,0.123,-69.788,8.288,DES,DES_Arg127Pro,0.22898418972332016
-27.875,15.527,-1.795,0.073,-58.307,2.557,DES,DES_Arg355Pro,0.16295260663507108
-75.875,28.243,-2.687,0.007,-131.23,-20.52,FADD,FADD_Cys105Trp,0.02555813953488372
-19.286,12.731,-1.515,0.13,-44.238,5.667,PDGFRB,PDGFRB_Leu658Pro,0.2382490272373541
-23.75,29.814,-0.797,0.426,-82.185,34.685,HPRT1,HPRT1_Met143Lys,0.562033613445378
-71.125,26.594,-2.674,0.007,-123.248,-19.002,COMP,COMP_Thr585Arg,0.02555813953488372
57.125,18.289,3.123,0.002,21.279,92.971,UBQLN2,UBQLN2_Pro509Ser,0.010466666666666666
29.0,14.079,2.06,0.039,1.406,56.594,WRAP53,WRAP53_Arg398Trp,0.09770744680851064
50.0,15.645,3.196,0.001,19.337,80.663,NCF2,NCF2_Asn419Ile,0.006728571428571429
-28.5,10.891,-2.617,0.009,-49.845,-7.155,TH,TH_Glu250Gln,0.02883673469387755
112.375,24.703,4.549,0.0,63.959,160.791,KLHL3,KLHL3_Ala77Glu,0.0
-57.75,35.234,-1.639,0.101,-126.808,11.308,AGXT,AGXT_Ala210Pro,0.20072151898734178
-4.625,21.814,-0.212,0.832,-47.379,38.129,DES,DES_Leu136Pro,0.8845869074492099
-63.75,19.689,-3.238,0.001,-102.34,-25.16,ACSF3,ACSF3_Arg471Trp,0.006728571428571429
-68.625,26.448,-2.595,0.009,-120.462,-16.788,COMP,COMP_Asp511Glu,0.02883673469387755
-16.125,14.191,-1.136,0.256,-43.939,11.689,TH,TH_Val468Met,0.38522683706070293
-67.375,27.619,-2.439,0.015,-121.508,-13.242,COMP,COMP_Thr585Lys,0.04471518987341772
-31.375,22.536,-1.392,0.164,-75.544,12.794,DES,DES_Asn342Asp,0.2788592057761733
-53.5,40.998,-1.305,0.192,-133.855,26.855,AGXT,AGXT_Pro11Leu,0.3129134948096886
